Sequence,Timestamp_ms,Distance_m,SNR_dB,SNR_EMA_dB,PacketLost,PerRadio_EMA,AuthFail,PerAuth_EMA,Battery,SelectedMode,ModeSwitched,Cost_CTR,Cost_CBC,Cost_GCM,Latency_ms,Latitude,Longitude
1,1001,21.62,11,3.3,0,0,0,0,0.9997,GCM,0,0.3256,0.4001,0.2377,289.82,22.719699,75.857887
2,2002,22.94,12,5.91,0,0,0,0,1,GCM,0,0.3256,0.4,0.2376,286.76,22.719717,75.857948
3,3003,15.89,12,7.737,0,0,0,0,0.999,GCM,0,0.3258,0.4003,0.2378,288.62,22.719618,75.857855
4,4004,24.62,9,8.116,0,0,0,0,0.9945,GCM,0,0.3267,0.4014,0.2389,289.49,22.719715,75.857939
5,5004,12.83,12,9.281,0,0,0,0,0.994,GCM,0,0.3268,0.4015,0.239,288.02,22.719639,75.857835
6,6005,18.97,12,10.097,0,0,0,0,0.9936,GCM,0,0.3269,0.4016,0.2391,287.92,22.719688,75.857866
7,7006,26.55,6,8.868,0,0,0,0,0.9867,GCM,0,0.3283,0.4033,0.2408,287.38,22.719764,75.857953
8,8007,25.38,9,8.907,0,0,0,0,0.9943,GCM,0,0.3267,0.4014,0.239,289.89,22.719743,75.857953
9,9007,29.8,7,8.335,0,0,0,0,0.9954,GCM,0,0.3265,0.4012,0.2387,289.66,22.719761,75.858016
10,10008,22.47,6,7.635,0,0,0,0,0.9892,GCM,0,0.3278,0.4027,0.2402,288.19,22.719713,75.857922
11,11009,18.94,12,8.944,0,0,0,0,0.9911,GCM,0,0.3274,0.4022,0.2397,287.15,22.719666,75.857915
12,12011,17.09,12,9.861,0,0,0,0,0.9921,GCM,0,0.3272,0.402,0.2395,286.29,22.719663,75.85787
13,13012,12.56,12,10.503,0,0,0,0,1,GCM,0,0.3256,0.4,0.2376,287.94,22.71962,75.857807
14,14015,22.85,12,10.952,0,0,0,0,0.9827,GCM,0,0.3291,0.4043,0.2418,289.49,22.719693,75.857909
15,15017,15.13,12,11.266,0,0,0,0,0.9833,GCM,0,0.329,0.4042,0.2416,286.47,22.719635,75.857846
16,16020,26.59,11,11.186,0,0,0,0,0.9932,GCM,0,0.327,0.4017,0.2392,289.73,22.719749,75.857962
17,17021,37.99,7,9.93,0,0,0,0,0.9896,GCM,0,0.3277,0.4026,0.2401,285.58,22.719832,75.858063
18,18024,15.88,12,10.551,0,0,0,0,0.9949,GCM,0,0.3266,0.4013,0.2388,287.14,22.719615,75.857857
19,19029,26.87,8,9.786,0,0,0,0,0.9885,GCM,0,0.3279,0.4029,0.2404,288.11,22.719752,75.857977
20,20030,27.01,3,7.75,0,0,0,0,0.9939,GCM,0,0.3268,0.4015,0.2391,286.86,22.719711,75.85795
21,21031,16.97,12,9.025,0,0,0,0,0.992,GCM,0,0.3272,0.402,0.2395,288.7,22.719653,75.857872
22,22031,22.33,10,9.318,0,0,0,0,0.9818,GCM,0,0.3293,0.4046,0.242,287.88,22.719705,75.857906
23,23032,12.77,12,10.122,0,0,0,0,0.9899,GCM,0,0.3276,0.4025,0.24,287.73,22.719602,75.857836
24,24034,22.47,11,10.386,0,0,0,0,0.9853,GCM,0,0.3286,0.4037,0.2412,285.42,22.719696,75.857931
25,25036,22.07,10,10.27,0,0,0,0,0.9891,GCM,0,0.3278,0.4027,0.2402,287.41,22.719703,75.857952
26,26038,32.83,4,8.389,0,0,0,0,0.9865,GCM,0,0.3283,0.4034,0.2409,288.09,22.719788,75.858011
27,27040,22.48,12,9.472,0,0,0,0,0.9806,GCM,0,0.3295,0.4049,0.2423,290.75,22.719711,75.857924
28,28043,22.73,11,9.931,0,0,0,0,0.9864,GCM,0,0.3283,0.4034,0.2409,287.52,22.719698,75.857912
29,29045,22.77,8,9.351,0,0,0,0,0.9898,GCM,0,0.3277,0.4026,0.2401,289.53,22.71973,75.857929
30,30046,22.92,12,10.146,0,0,0,0,0.9819,GCM,0,0.3293,0.4045,0.242,288.53,22.719694,75.857966
31,31047,16.03,12,10.702,0,0,0,0,0.9808,GCM,0,0.3295,0.4048,0.2422,288.41,22.719621,75.857855
32,32049,16.71,12,11.092,0,0,0,0,0.9813,GCM,0,0.3294,0.4047,0.2421,285.84,22.719683,75.857855
33,33050,16.19,10,10.764,0,0,0,0,0.9847,GCM,0,0.3287,0.4038,0.2413,286.67,22.719633,75.857866
34,34050,16.97,11,10.835,0,0,0,0,0.9785,GCM,0,0.33,0.4054,0.2428,288.87,22.719646,75.857873
35,35053,14.29,9,10.284,0,0,0,0,0.9781,GCM,0,0.33,0.4055,0.2429,287.76,22.719627,75.857838
36,36053,20.5,8,9.599,0,0,0,0,0.9733,GCM,0,0.331,0.4067,0.2441,285.87,22.719684,75.857883
37,37055,25.76,12,10.319,0,0,0,0,0.9891,GCM,0,0.3278,0.4027,0.2402,287.35,22.719721,75.857943
38,38058,30.5,2,7.824,0,0,0,0,0.9829,GCM,0,0.3291,0.4043,0.2417,287.47,22.719767,75.858007
39,39060,19.6,3,6.376,0,0,0,0,0.9821,GCM,0,0.3292,0.4045,0.2419,289.44,22.719688,75.857873
40,40060,27.37,2,5.064,0,0,0,0,0.9743,GCM,0,0.3308,0.4064,0.2438,288.06,22.719733,75.857975
41,41060,25.31,8,5.944,0,0,0,0,0.9792,GCM,0,0.3298,0.4052,0.2426,285.33,22.719712,75.85794
42,42062,11.78,12,7.761,0,0,0,0,0.9671,GCM,0,0.3323,0.4082,0.2456,288.13,22.719588,75.857784
43,43063,20.86,4,6.633,0,0,0,0,0.9815,GCM,0,0.3293,0.4046,0.2421,287.84,22.719704,75.857879
44,44064,31.86,5,6.143,0,0,0,0,0.9727,GCM,0,0.3311,0.4068,0.2442,286.21,22.719763,75.858005
45,45065,22.74,12,7.9,0,0,0,0,0.9764,GCM,0,0.3304,0.4059,0.2433,285.92,22.719736,75.857928
46,46066,21.27,12,9.13,0,0,0,0,0.9804,GCM,0,0.3296,0.4049,0.2424,288.95,22.719692,75.857912
47,47067,16.15,12,9.991,0,0,0,0,0.977,GCM,0,0.3303,0.4057,0.2432,288.89,22.719643,75.857845
48,48068,15.34,12,10.594,0,0,0,0,0.977,GCM,0,0.3303,0.4058,0.2432,286.8,22.719656,75.857815
49,49068,22.17,9,10.116,0,0,0,0,0.9813,GCM,0,0.3294,0.4047,0.2421,289.6,22.719698,75.857909
50,50069,20.56,11,10.381,0,0,0,0,0.9738,GCM,0,0.3309,0.4065,0.2439,286.7,22.719698,75.857898
51,51070,21.64,12,10.867,0,0,0,0,0.9753,GCM,0,0.3306,0.4062,0.2436,287.39,22.719699,75.857931
52,52072,16.93,9,10.307,0,0,0,0,0.97,GCM,0,0.3317,0.4075,0.2449,288.27,22.719644,75.857866
53,53073,14.55,8,9.615,0,0,0,0,0.9689,GCM,0,0.3319,0.4078,0.2451,285.11,22.71962,75.857839
54,54073,22.17,7,8.83,0,0,0,0,0.9694,GCM,0,0.3318,0.4076,0.245,289.04,22.719726,75.857902
55,55075,24.09,10,9.181,0,0,0,0,0.979,GCM,0,0.3298,0.4052,0.2427,288.73,22.71972,75.857965
56,56076,10.23,12,10.027,0,0,0,0,0.9793,GCM,0,0.3298,0.4052,0.2426,284.4,22.719582,75.857835
57,57077,16.49,12,10.619,0,0,0,0,0.9708,GCM,0,0.3315,0.4073,0.2447,289.18,22.719659,75.857857
58,58080,25.44,10,10.433,0,0,0,0,0.9697,GCM,0,0.3317,0.4076,0.2449,286.94,22.719734,75.857949
59,59082,14.53,12,10.903,0,0,0,0,0.9673,GCM,0,0.3322,0.4082,0.2455,288.5,22.719613,75.857851
60,60082,28.64,5,9.132,0,0,0,0,0.9691,GCM,0,0.3319,0.4077,0.2451,287.16,22.719761,75.857964
61,61084,20.4,10,9.393,0,0,0,0,0.9665,GCM,0,0.3324,0.4084,0.2457,288.21,22.719716,75.857882
62,62085,30.84,8,8.975,0,0,0,0,0.9689,GCM,0,0.3319,0.4078,0.2451,287.67,22.719765,75.858004
63,63086,21.69,9,8.982,0,0,0,0,0.9714,GCM,0,0.3314,0.4072,0.2445,287.52,22.719682,75.857938
64,64088,30.28,7,8.388,0,0,0,0,0.9691,GCM,0,0.3319,0.4077,0.2451,288.24,22.719752,75.857997
65,65089,30.02,9,8.571,0,0,0,0,0.9709,GCM,0,0.3315,0.4073,0.2446,286.64,22.719769,75.858012
66,66089,31.46,6,7.8,0,0,0,0,0.9645,GCM,0,0.3328,0.4089,0.2462,289.11,22.71979,75.858008
67,67089,28.15,9,8.16,0,0,0,0,0.9642,GCM,0,0.3329,0.4089,0.2463,288.87,22.719743,75.857962
68,68090,25.38,10,8.712,0,0,0,0,0.9642,GCM,0,0.3329,0.409,0.2463,286.93,22.719678,75.857956
69,69092,19.11,10,9.098,0,0,0,0,0.9688,GCM,0,0.3319,0.4078,0.2451,288.21,22.719681,75.857874
70,70093,19.89,12,9.969,0,0,0,0,0.9654,GCM,0,0.3326,0.4087,0.246,289.9,22.719669,75.857905
71,71093,24.54,11,10.278,0,0,0,0,0.9638,GCM,0,0.3329,0.409,0.2464,289.19,22.719724,75.857926
72,72093,30.91,6,8.995,0,0,0,0,0.9569,GCM,0,0.3343,0.4108,0.248,288.48,22.719766,75.857975
73,73096,19.78,4,7.496,0,0,0,0,0.964,GCM,0,0.3329,0.409,0.2463,289.4,22.71969,75.85788
74,74100,6.51,12,8.847,0,0,0,0,0.9595,GCM,0,0.3338,0.4101,0.2474,288.25,22.719586,75.857762
75,75100,31.16,10,9.193,0,0,0,0,0.9597,GCM,0,0.3338,0.4101,0.2474,287.12,22.719768,75.857982
76,76101,16.9,11,9.735,0,0,0,0,0.9567,GCM,0,0.3344,0.4108,0.2481,289.02,22.719651,75.857875
77,77102,14.49,12,10.415,0,0,0,0,0.9633,GCM,0,0.333,0.4092,0.2465,286.23,22.719631,75.857837
78,78105,30.9,8,9.69,0,0,0,0,0.9645,GCM,0,0.3328,0.4089,0.2462,286.95,22.719781,75.858013
79,79106,22.41,12,10.383,0,0,0,0,0.9571,GCM,0,0.3343,0.4107,0.248,286.23,22.719694,75.857922
80,80108,29.16,11,10.568,0,0,0,0,0.9643,GCM,0,0.3329,0.4089,0.2463,289.19,22.719785,75.857983
81,81109,16.66,12,10.998,0,0,0,0,0.9581,GCM,0,0.3341,0.4105,0.2477,285.96,22.719621,75.857856
82,82113,16.32,12,11.298,0,0,0,0,0.9583,GCM,0,0.3341,0.4104,0.2477,287.85,22.719648,75.857871
83,83113,30.06,5,9.409,0,0,0,0,0.9596,GCM,0,0.3338,0.4101,0.2474,284.86,22.719784,75.857986
84,84116,18.34,12,10.186,0,0,0,0,0.9584,GCM,0,0.334,0.4104,0.2477,287.37,22.719644,75.857872
85,85118,26,9,9.83,0,0,0,0,0.9577,GCM,0,0.3342,0.4106,0.2479,288.25,22.719729,75.857955
86,86121,21.49,11,10.181,0,0,0,0,0.9616,GCM,0,0.3334,0.4096,0.2469,289.52,22.719684,75.857907
87,87124,29.4,10,10.127,0,0,0,0,0.9598,GCM,0,0.3338,0.41,0.2473,284.19,22.719764,75.857995
88,88126,23.73,10,10.089,0,0,0,0,0.961,GCM,0,0.3335,0.4098,0.2471,288.99,22.719712,75.857934
89,89129,13.98,12,10.662,0,0,0,0,0.9509,GCM,0,0.3356,0.4123,0.2495,289.39,22.71962,75.857834
90,90129,26.18,8,9.864,0,0,0,0,0.9498,GCM,0,0.3358,0.4125,0.2498,291.41,22.719726,75.857978
91,91130,19.21,12,10.504,0,0,0,0,0.9574,GCM,0,0.3342,0.4106,0.2479,288.87,22.719653,75.85791
92,92132,24.3,12,10.953,0,0,0,0,0.9614,GCM,0,0.3334,0.4096,0.2469,287.38,22.719726,75.857927
93,93134,18.94,8,10.067,0,0,0,0,0.963,GCM,0,0.3331,0.4092,0.2466,288.01,22.719693,75.857898
94,94136,20.23,9,9.747,0,0,0,0,0.9577,GCM,0,0.3342,0.4106,0.2478,290.84,22.719682,75.857878
95,95138,18.63,12,10.423,0,0,0,0,0.9539,GCM,0,0.335,0.4115,0.2488,286.03,22.719645,75.857892
96,96141,20.71,7,9.396,0,0,0,0,0.958,GCM,0,0.3341,0.4105,0.2478,286.8,22.719696,75.857907
97,97142,21.52,11,9.877,0,0,0,0,0.9572,GCM,0,0.3343,0.4107,0.248,287.41,22.719674,75.857944
98,98142,28.79,7,9.014,0,0,0,0,0.9598,GCM,0,0.3338,0.41,0.2473,289.74,22.719763,75.85796
99,99145,16.83,12,9.91,0,0,0,0,0.9546,GCM,0,0.3348,0.4114,0.2486,288.88,22.719637,75.857858
100,100146,22.91,9,9.637,0,0,0,0,0.9492,GCM,0,0.3359,0.4127,0.2499,289.35,22.719701,75.857924
101,101148,26.73,10,9.746,0,0,0,0,0.9583,GCM,0,0.3341,0.4104,0.2477,288.58,22.719727,75.857953
102,102148,15.94,12,10.422,0,0,0,0,0.9461,GCM,0,0.3366,0.4135,0.2507,285.78,22.719658,75.857872
103,103149,24.33,6,9.095,0,0,0,0,0.9476,GCM,0,0.3362,0.4131,0.2503,287.21,22.719677,75.857942
104,104151,25.6,10,9.367,0,0,0,0,0.9546,GCM,0,0.3348,0.4113,0.2486,289.6,22.71974,75.857934
105,105152,25.1,9,9.257,0,0,0,0,0.9568,GCM,0,0.3344,0.4108,0.2481,290.58,22.719725,75.85793
106,106154,21.58,12,10.08,0,0,0,0,0.9471,GCM,0,0.3363,0.4132,0.2504,284.87,22.719693,75.857886
107,107157,24.35,7,9.156,0,0,0,0,0.952,GCM,0,0.3353,0.412,0.2492,286.73,22.71974,75.85793
108,108158,26,9,9.109,0,0,0,0,0.9499,GCM,0,0.3358,0.4125,0.2497,288.97,22.719741,75.857977
109,109160,21.47,12,9.976,0,0,0,0,0.9479,GCM,0,0.3362,0.413,0.2502,287.11,22.719665,75.857901
110,110161,24.74,12,10.583,0,0,0,0,0.9525,GCM,0,0.3353,0.4119,0.2491,289.6,22.719733,75.857933
111,111164,23.58,11,10.708,0,0,0,0,0.9521,GCM,0,0.3353,0.412,0.2492,284.6,22.719726,75.857921
112,112165,31.4,5,8.996,0,0,0,0,0.9429,GCM,0,0.3372,0.4143,0.2514,288.23,22.719763,75.858004
113,113167,31.11,5,7.797,0,0,0,0,0.9489,GCM,0,0.336,0.4128,0.25,289.58,22.719779,75.857999
114,114168,26.86,12,9.058,0,0,0,0,0.9456,GCM,0,0.3367,0.4136,0.2508,286.34,22.719767,75.857959
115,115169,29.56,12,9.941,0,0,0,0,0.9516,GCM,0,0.3354,0.4121,0.2493,288.79,22.719767,75.858015
116,116170,22.07,9,9.658,0,0,0,0,0.9567,GCM,0,0.3344,0.4108,0.2481,288.42,22.719705,75.85792
117,117171,26.44,7,8.861,0,0,0,0,0.9598,GCM,0,0.3338,0.4101,0.2473,286.98,22.719733,75.857955
118,118173,23.94,10,9.203,0,0,0,0,0.949,GCM,0,0.336,0.4127,0.2499,288.27,22.719694,75.857938
119,119175,31.42,7,8.542,0,0,0,0,0.9495,GCM,0,0.3358,0.4126,0.2498,288.29,22.719785,75.858017
120,120175,30.43,9,8.679,0,0,0,0,0.9512,GCM,0,0.3355,0.4122,0.2494,288.26,22.719787,75.857992
121,121179,23.28,11,9.375,0,0,0,0,0.9485,GCM,0,0.3361,0.4129,0.2501,286.81,22.719706,75.857897
122,122182,27.25,8,8.963,0,0,0,0,0.9516,GCM,0,0.3354,0.4121,0.2493,288.46,22.719761,75.857958
123,123183,21.53,7,8.374,0,0,0,0,0.9507,GCM,0,0.3356,0.4123,0.2495,288.63,22.719702,75.857933
124,124184,21.1,12,9.462,0,0,0,0,0.9487,GCM,0,0.336,0.4128,0.25,287.89,22.719688,75.857938
125,125185,32.96,10,9.623,0,0,0,0,0.9488,GCM,0,0.336,0.4128,0.25,286.37,22.719807,75.857992
126,126185,17.5,12,10.336,0,0,0,0,0.9528,GCM,0,0.3352,0.4118,0.249,287.33,22.719642,75.857851
127,127186,40.55,2,7.835,1,0.3,0,0,0.9553,GCM,0,0.69,0.7047,0.538,413.99,22.719867,75.858082
128,128187,23.07,10,8.485,0,0.21,0,0,0.9445,GCM,0,0.5704,0.6091,0.4438,363.21,22.719702,75.857914
129,129189,32.43,9,8.639,0,0.147,0,0,0.9493,GCM,0,0.4933,0.5452,0.3808,335.61,22.719782,75.858012
130,130190,28.85,10,9.048,0,0.1029,0,0,0.9426,GCM,0,0.4448,0.5054,0.3414,321.48,22.719781,75.857981
131,131193,25.2,8,8.733,0,0.072,0,0,0.9448,GCM,0,0.4109,0.4767,0.3131,309.88,22.719754,75.857958
132,132196,32.15,4,7.313,0,0.0504,0,0,0.941,GCM,0,0.3889,0.4584,0.295,302.43,22.719799,75.857993
133,133197,25.98,6,6.919,0,0.0353,0,0,0.947,GCM,0,0.372,0.4436,0.2805,297.39,22.719706,75.857945
134,134198,21.77,7,6.944,0,0.0247,0,0,0.9459,GCM,0,0.3614,0.4347,0.2716,295.17,22.719712,75.857937
135,135199,27.47,9,7.56,0,0.0173,0,0,0.951,GCM,0,0.3529,0.427,0.2641,293.1,22.719733,75.85797
136,136199,30.05,10,8.292,0,0.0121,0,0,0.9388,GCM,0,0.3501,0.4256,0.2626,290.56,22.7198,75.857995
137,137201,16.31,10,8.805,0,0.0085,0,0,0.9446,GCM,0,0.3453,0.4211,0.2582,291.92,22.719655,75.857851
138,138204,25.46,6,7.963,0,0.0059,0,0,0.9351,GCM,0,0.3447,0.4213,0.2583,289.25,22.719736,75.857937
139,139205,9.6,12,9.174,0,0.0042,0,0,0.945,GCM,0,0.3409,0.4173,0.2544,288.96,22.719571,75.85779
140,140207,12.07,12,10.022,0,0.0029,0,0,0.9395,GCM,0,0.3408,0.4176,0.2547,286.3,22.719611,75.857804
141,141210,21.28,7,9.115,0,0.002,0,0,0.9437,GCM,0,0.3391,0.4158,0.2529,287.33,22.719692,75.857906
142,142212,21.6,12,9.981,0,0.0014,0,0,0.9487,GCM,0,0.3374,0.414,0.2512,286.56,22.719694,75.857945
143,143213,28.32,10,9.987,0,0.001,0,0,0.943,GCM,0,0.3382,0.4151,0.2522,288.71,22.719776,75.857986
144,144215,28.73,10,9.991,0,0.0007,0,0,0.9405,GCM,0,0.3384,0.4155,0.2526,290.2,22.719752,75.857993
145,145216,24.91,11,10.293,0,0.0005,0,0,0.9412,GCM,0,0.338,0.4151,0.2523,288.21,22.719711,75.857959
146,146217,22.55,9,9.905,0,0.0003,0,0,0.944,GCM,0,0.3373,0.4143,0.2515,286.57,22.719694,75.857917
147,147218,23.08,11,10.234,0,0.0002,0,0,0.9386,GCM,0,0.3383,0.4155,0.2527,286.6,22.7197,75.857938
148,148219,19.78,12,10.764,0,0.0002,0,0,0.9384,GCM,0,0.3383,0.4155,0.2527,289.62,22.719709,75.857892
149,149222,10.96,11,10.835,0,0.0001,0,0,0.9462,GCM,0,0.3366,0.4136,0.2507,285.3,22.719618,75.857817
150,150222,21.59,8,9.984,0,0.0001,0,0,0.9378,GCM,0,0.3383,0.4156,0.2527,287.65,22.719669,75.85789
151,151224,23.48,10,9.989,0,0.0001,0,0,0.9322,GCM,0,0.3394,0.417,0.2541,288.96,22.719725,75.857934
152,152225,19.13,8,9.392,0,0,0,0,0.9298,GCM,0,0.3399,0.4176,0.2546,286.97,22.719675,75.857872
153,153226,10.75,12,10.175,0,0,0,0,0.934,GCM,0,0.339,0.4165,0.2536,290.95,22.719624,75.857799
154,154230,9.34,12,10.722,0,0,0,0,0.9371,GCM,0,0.3384,0.4158,0.2529,289.92,22.719605,75.857797
155,155232,22.99,8,9.906,0,0,0,0,0.9283,GCM,0,0.3402,0.4179,0.255,288.17,22.719717,75.857919
156,156232,28.83,7,9.034,0,0,0,0,0.9274,GCM,0,0.3404,0.4182,0.2552,286.25,22.719773,75.857987
157,157233,14.37,12,9.924,0,0,0,0,0.9231,GCM,0,0.3412,0.4192,0.2562,286.07,22.719618,75.857815
158,158235,17.23,12,10.547,0,0,0,0,0.932,GCM,0,0.3394,0.417,0.2541,288.57,22.719669,75.857873
159,159235,18.07,12,10.983,0,0,0,0,0.9353,GCM,0,0.3387,0.4162,0.2533,286.74,22.719658,75.857879
160,160237,11.68,12,11.288,0,0,0,0,0.9273,GCM,0,0.3404,0.4182,0.2552,285.95,22.719608,75.857806
161,161238,15.56,12,11.501,0,0,0,0,0.9259,GCM,0,0.3407,0.4185,0.2555,288.75,22.71964,75.857855
162,162239,18.8,9,10.751,0,0,0,0,0.94,GCM,0,0.3378,0.415,0.2521,290.28,22.719644,75.857874
163,163242,21.84,12,11.126,0,0,0,0,0.9382,GCM,0,0.3382,0.4155,0.2526,287.17,22.719687,75.857918
164,164243,28.05,11,11.088,0,0,0,0,0.9341,GCM,0,0.339,0.4165,0.2536,287.54,22.719769,75.857967
165,165245,19.18,9,10.462,0,0,0,0,0.9318,GCM,0,0.3395,0.417,0.2541,288.84,22.719665,75.857873
166,166245,17.73,12,10.923,0,0,0,0,0.9299,GCM,0,0.3398,0.4175,0.2546,288.14,22.71968,75.857889
167,167247,25.01,11,10.946,0,0,0,0,0.9294,GCM,0,0.3399,0.4177,0.2547,287.22,22.71973,75.857955
168,168247,28.11,5,9.162,0,0,0,0,0.9343,GCM,0,0.339,0.4164,0.2535,286.8,22.719737,75.857944
169,169251,13.9,10,9.414,0,0,0,0,0.9261,GCM,0,0.3406,0.4185,0.2555,288.56,22.719645,75.857832
170,170252,13.6,11,9.89,0,0,0,0,0.9181,GCM,0,0.3422,0.4205,0.2574,288.39,22.719613,75.857857
171,171252,32.86,7,9.023,0,0,0,0,0.9184,GCM,0,0.3422,0.4204,0.2574,289.39,22.719761,75.858033
172,172253,13.79,9,9.016,0,0,0,0,0.9275,GCM,0,0.3403,0.4181,0.2551,285.41,22.719636,75.857828
173,173254,18.85,11,9.611,0,0,0,0,0.9199,GCM,0,0.3419,0.42,0.257,286.68,22.719671,75.857893
174,174256,17.59,8,9.128,0,0,0,0,0.9276,GCM,0,0.3403,0.4181,0.2551,290.62,22.719656,75.857885
175,175257,23.59,8,8.789,0,0,0,0,0.9222,GCM,0,0.3414,0.4195,0.2564,286.55,22.719718,75.857949
176,176259,29.72,9,8.853,0,0,0,0,0.9254,GCM,0,0.3408,0.4187,0.2557,287.3,22.719765,75.858009
177,177261,18.94,11,9.497,0,0,0,0,0.9255,GCM,0,0.3407,0.4186,0.2556,289.94,22.719686,75.857885
178,178265,10.13,12,10.248,0,0,0,0,0.9251,GCM,0,0.3408,0.4187,0.2557,289.49,22.719605,75.857812
179,179265,29.39,5,8.673,0,0,0,0,0.9265,GCM,0,0.3405,0.4184,0.2554,289.83,22.719761,75.85798
180,180268,18.15,11,9.371,0,0,0,0,0.9282,GCM,0,0.3402,0.418,0.255,287.31,22.719669,75.857856
181,181270,30.28,9,9.26,0,0,0,0,0.9285,GCM,0,0.3401,0.4179,0.2549,290.79,22.719773,75.857986
182,182271,16.61,12,10.082,0,0,0,0,0.9249,GCM,0,0.3409,0.4188,0.2558,287.88,22.71967,75.857863
183,183271,28.1,3,7.957,0,0,0,0,0.9272,GCM,0,0.3404,0.4182,0.2552,286.96,22.719757,75.85797
184,184273,19.21,9,8.27,0,0,0,0,0.9262,GCM,0,0.3406,0.4185,0.2555,291.07,22.71967,75.857887
185,185275,19.74,12,9.389,0,0,0,0,0.9209,GCM,0,0.3417,0.4198,0.2568,289.03,22.719688,75.85789
186,186278,20.35,11,9.872,0,0,0,0,0.9179,GCM,0,0.3423,0.4205,0.2575,285.02,22.719706,75.857926
187,187279,9.33,12,10.511,0,0,0,0,0.9205,GCM,0,0.3418,0.4199,0.2569,289.26,22.719597,75.857778
188,188281,23.07,10,10.357,0,0,0,0,0.9185,GCM,0,0.3422,0.4204,0.2574,290.07,22.719715,75.857918
189,189282,18.5,11,10.55,0,0,0,0,0.9219,GCM,0,0.3415,0.4195,0.2565,286.78,22.719657,75.857887
190,190283,14.71,12,10.985,0,0,0,0,0.9212,GCM,0,0.3416,0.4197,0.2567,286.88,22.719639,75.857845
191,191284,15.34,12,11.29,0,0,0,0,0.9193,GCM,0,0.342,0.4202,0.2571,289.07,22.719651,75.857844
192,192286,20.74,10,10.903,0,0,0,0,0.9234,GCM,0,0.3412,0.4191,0.2561,289.27,22.71971,75.857891
193,193288,15.03,11,10.932,0,0,0,0,0.921,GCM,0,0.3417,0.4198,0.2567,287.69,22.71962,75.857837
194,194291,23.32,8,10.052,0,0,0,0,0.9163,GCM,0,0.3426,0.4209,0.2579,289.49,22.719696,75.85792
195,195292,15.84,12,10.637,0,0,0,0,0.9054,GCM,0,0.3448,0.4237,0.2605,290.86,22.719672,75.857844
196,196296,22.87,10,10.446,0,0,0,0,0.9107,GCM,0,0.3437,0.4223,0.2592,288.2,22.719729,75.857913
197,197298,18.06,7,9.412,0,0,0,0,0.9081,GCM,0,0.3443,0.423,0.2599,287.77,22.719674,75.857886
198,198300,20.56,8,8.988,0,0,0,0,0.9135,GCM,0,0.3432,0.4216,0.2586,287.91,22.719694,75.857922
199,199302,19.82,12,9.892,0,0,0,0,0.9148,GCM,0,0.3429,0.4213,0.2582,289.13,22.719688,75.857916
200,200305,13.77,12,10.524,0,0,0,0,0.9077,GCM,0,0.3444,0.4231,0.26,290.06,22.719608,75.857828
201,201307,10.74,12,10.967,0,0,0,0,0.9076,GCM,0,0.3444,0.4231,0.26,287.14,22.719579,75.857814
202,202307,33.7,6,9.477,0,0,0,0,0.9121,GCM,0,0.3435,0.422,0.2589,287.45,22.719793,75.85804
203,203309,16.55,8,9.034,0,0,0,0,0.908,GCM,0,0.3443,0.423,0.2599,286.81,22.719666,75.85786
204,204312,15.43,7,8.424,0,0,0,0,0.909,GCM,0,0.3441,0.4228,0.2596,286.78,22.719629,75.857853
205,205314,8.73,12,9.497,0,0,0,0,0.9082,GCM,0,0.3443,0.4229,0.2598,286.54,22.719596,75.857802
206,206318,14.59,12,10.248,0,0,0,0,0.8966,GCM,0,0.3466,0.4258,0.2626,286.64,22.719632,75.857825
207,207321,18.22,8,9.573,0,0,0,0,0.9056,GCM,0,0.3448,0.4236,0.2605,287.8,22.719643,75.857861
208,208324,7.09,12,10.301,0,0,0,0,0.9023,GCM,0,0.3455,0.4244,0.2613,286.05,22.719576,75.857781
209,209324,12.65,12,10.811,0,0,0,0,0.9065,GCM,0,0.3446,0.4234,0.2602,288.99,22.719626,75.85783
210,210327,19.25,6,9.368,0,0,0,0,0.9014,GCM,0,0.3456,0.4247,0.2615,289.1,22.719672,75.857888
211,211329,17.72,11,9.857,0,0,0,0,0.9111,GCM,0,0.3437,0.4222,0.2591,288.11,22.719648,75.85786
212,212333,11.13,12,10.5,0,0,0,0,0.9147,GCM,0,0.3429,0.4213,0.2583,286.91,22.719581,75.857821
213,213336,14.93,5,8.85,0,0,0,0,0.9046,GCM,0,0.345,0.4239,0.2607,287.68,22.719624,75.857843
214,214336,13.2,12,9.795,0,0,0,0,0.9122,GCM,0,0.3435,0.422,0.2589,287.57,22.719626,75.857836
215,215339,17.85,7,8.957,0,0,0,0,0.9021,GCM,0,0.3455,0.4245,0.2613,288.3,22.719664,75.85787
216,216340,21.2,5,7.77,0,0,0,0,0.8944,GCM,0,0.3471,0.4264,0.2632,291.07,22.719697,75.8579
217,217341,19.5,12,9.039,0,0,0,0,0.9034,GCM,0,0.3452,0.4241,0.261,289.76,22.719655,75.857893
218,218344,18.84,7,8.427,0,0,0,0,0.8986,GCM,0,0.3462,0.4253,0.2622,289.11,22.719676,75.857904
219,219344,12.73,12,9.499,0,0,0,0,0.9013,GCM,0,0.3457,0.4247,0.2615,286.43,22.719621,75.857813
220,220346,9.11,12,10.249,0,0,0,0,0.8912,GCM,0,0.3477,0.4272,0.264,288.03,22.719593,75.857777
221,221348,14.05,12,10.774,0,0,0,0,0.9008,GCM,0,0.3458,0.4248,0.2616,288.61,22.719632,75.857811
222,222351,12.61,12,11.142,0,0,0,0,0.903,GCM,0,0.3453,0.4243,0.2611,286.51,22.719624,75.85782
223,223353,10.35,12,11.4,0,0,0,0,0.8938,GCM,0,0.3472,0.4265,0.2633,289.41,22.71959,75.857799
224,224355,20.46,8,10.38,0,0,0,0,0.8946,GCM,0,0.347,0.4263,0.2631,289.02,22.719676,75.857899
225,225356,13.86,12,10.866,0,0,0,0,0.8927,GCM,0,0.3474,0.4268,0.2636,286.23,22.719629,75.85784
226,226357,22.52,10,10.606,0,0,0,0,0.8986,GCM,0,0.3462,0.4253,0.2622,290.19,22.719706,75.857947
227,227363,4.96,12,11.024,0,0,0,0,0.9024,GCM,0,0.3454,0.4244,0.2612,288.33,22.719532,75.857733
228,228364,16.82,10,10.717,0,0,0,0,0.8907,GCM,0,0.3478,0.4273,0.2641,286.28,22.719664,75.857856
229,229366,26.61,10,10.502,0,0,0,0,0.894,GCM,0,0.3471,0.4265,0.2633,287.34,22.719744,75.857948
230,230368,15.6,11,10.651,0,0,0,0,0.8901,GCM,0,0.3479,0.4275,0.2642,286.34,22.719633,75.85783
231,231370,18.87,8,9.856,0,0,0,0,0.89,GCM,0,0.348,0.4275,0.2642,285.57,22.719675,75.857892
232,232372,13.76,9,9.599,0,0,0,0,0.8964,GCM,0,0.3467,0.4259,0.2627,291.13,22.719649,75.857823
233,233373,21.81,8,9.119,0,0,0,0,0.8907,GCM,0,0.3478,0.4273,0.2641,287.72,22.719687,75.857942
234,234375,21.44,11,9.684,0,0,0,0,0.8933,GCM,0,0.3473,0.4267,0.2635,290.09,22.719728,75.857936
235,235377,14.14,12,10.379,0,0,0,0,0.8948,GCM,0,0.347,0.4263,0.2631,288.72,22.719651,75.85785
236,236381,19.12,11,10.565,0,0,0,0,0.8845,GCM,0,0.3491,0.4289,0.2656,290.06,22.719669,75.857867
237,237381,34.32,6,9.195,0,0,0,0,0.8874,GCM,0,0.3485,0.4282,0.2649,288.33,22.719799,75.858058
238,238382,22.18,9,9.137,0,0,0,0,0.8874,GCM,0,0.3485,0.4282,0.2649,285.87,22.719719,75.857904
239,239386,34.75,7,8.496,0,0,0,0,0.888,GCM,0,0.3484,0.428,0.2647,288.4,22.719781,75.858022
240,240386,36.23,5,7.447,0,0,0,0,0.8911,GCM,0,0.3478,0.4272,0.264,290.05,22.719816,75.858056
241,241387,27.79,6,7.013,0,0,0,0,0.8944,GCM,0,0.3471,0.4264,0.2632,288.99,22.719756,75.857957
242,242388,26.66,7,7.009,0,0,0,0,0.8977,GCM,0,0.3464,0.4256,0.2624,289.97,22.719728,75.857978
243,243390,28.31,12,8.506,0,0,0,0,0.8834,GCM,0,0.3493,0.4291,0.2658,288.42,22.719745,75.857973
244,244392,27.45,11,9.254,0,0,0,0,0.8836,GCM,0,0.3493,0.4291,0.2658,287.18,22.719738,75.857981
245,245394,35.74,0,6.478,0,0,0,0,0.8913,GCM,0,0.3477,0.4272,0.2639,290.15,22.719838,75.858046
246,246395,24.21,9,7.235,0,0,0,0,0.8818,GCM,0,0.3496,0.4296,0.2662,287.79,22.719706,75.857939
247,247397,46.68,5,6.564,0,0,0,0,0.8829,GCM,0,0.3494,0.4293,0.266,287.97,22.719931,75.85815
248,248399,34.6,4,5.795,0,0,0,0,0.8866,GCM,0,0.3487,0.4284,0.2651,288.26,22.719805,75.858017
249,249399,45.41,7,6.156,0,0,0,0,0.8885,GCM,0,0.3483,0.4279,0.2646,286.61,22.719909,75.858123
250,250401,34.69,4,5.51,0,0,0,0,0.889,GCM,0,0.3482,0.4278,0.2645,286.98,22.719763,75.858037
251,251402,47.12,7,5.957,0,0,0,0,0.886,GCM,0,0.3488,0.4285,0.2652,288.25,22.719904,75.858185
252,252403,51.45,3,5.07,0,0,0,0,0.873,GCM,0,0.3514,0.4317,0.2684,288.99,22.719947,75.858217
253,253405,45.5,0,3.549,0,0,0,0,0.8841,GCM,0,0.3492,0.429,0.2657,288.44,22.719909,75.858142
254,254408,57.26,1,2.784,0,0,0,0,0.8809,GCM,0,0.3498,0.4298,0.2664,288.25,22.719993,75.858251
255,255410,57.71,-2,1.349,0,0,1,0.3,0.8799,GCM,1,0.35,0.43,0.6013,409.98,22.720034,75.858268
256,256412,49.35,1,1.244,0,0,0,0.21,0.8819,GCM,0,0.3496,0.4295,0.4905,368.32,22.719954,75.858224
257,257412,43.05,7,2.971,0,0,0,0.21,0.8858,CTR,0,0.3488,0.4286,0.4895,243.27,22.719895,75.858094
258,258414,46.18,4,3.28,0,0,0,0.21,0.8829,CTR,0,0.3494,0.4293,0.4902,243.03,22.719923,75.858154
259,259415,49.58,2,2.896,0,0,0,0.21,0.8838,CTR,0,0.3492,0.4291,0.49,239.62,22.719943,75.858158
260,260416,62.27,-1,1.727,0,0,0,0.21,0.8842,CTR,0,0.3491,0.4289,0.4899,238.53,22.720062,75.858304
261,261416,56.35,-20,-4.791,1,0.3,0,0.21,0.8843,CTR,0,0.7045,0.7225,0.8802,346.39,22.719998,75.858258
262,262416,44.99,3,-2.454,0,0.21,0,0.21,0.8813,CTR,0,0.5833,0.6249,0.7394,303.11,22.719912,75.858124
263,263418,46.86,6,0.082,0,0.147,0,0.21,0.8741,CTR,0,0.5086,0.564,0.6573,282.7,22.719923,75.858159
264,264419,63.53,0,0.058,0,0.1029,0,0.21,0.877,CTR,0,0.4582,0.5218,0.6034,271.22,22.720082,75.858319
265,265420,62.65,0,0.04,0,0.072,0,0.21,0.8758,CTR,0,0.425,0.494,0.5685,261.61,22.720048,75.858287
266,266424,64,2,0.628,0,0.0504,0,0.21,0.8776,CTR,0,0.4018,0.4743,0.5443,254.32,22.720087,75.858359
267,267424,64.03,-1,0.14,0,0.0353,0,0.21,0.8795,CTR,0,0.3858,0.4605,0.5277,253.09,22.720091,75.8583
268,268425,72.61,-2,-0.502,0,0.0247,0,0.21,0.867,CTR,0,0.3775,0.4544,0.5196,248.94,22.720158,75.858422
269,269425,60.95,3,0.548,0,0.0173,0,0.21,0.8703,CTR,0,0.3693,0.4472,0.511,246.18,22.720066,75.858303
270,270429,70.57,1,0.684,0,0.0121,0,0.21,0.8795,CTR,0,0.3622,0.4405,0.5035,242.52,22.720154,75.858397
271,271432,61.06,2,1.079,0,0.0085,0,0.21,0.8725,CTR,0,0.36,0.4391,0.5014,242.64,22.72006,75.858301
272,272434,68.54,-2,0.155,0,0.0059,0,0.21,0.8788,CTR,0,0.3562,0.4354,0.4973,244.24,22.720144,75.858347
273,273437,69.57,-1,-0.191,0,0.0042,0,0.21,0.8733,CTR,0,0.3555,0.4352,0.4968,242.66,22.720137,75.858382
274,274439,70.81,2,0.466,0,0.0029,0,0.21,0.8734,CTR,0,0.3542,0.4341,0.4955,243.12,22.720096,75.858368
275,275441,74.86,0,0.326,0,0.002,0,0.21,0.8727,CTR,0,0.3535,0.4336,0.4948,244.22,22.720184,75.858419
276,276444,79.48,-2,-0.372,0,0.0014,0,0.147,0.878,GCM,0,0.3518,0.4317,0.4215,333.93,22.720231,75.858473
277,277446,86.01,-1,-0.56,0,0.001,0,0.147,0.8769,CTR,0,0.3516,0.4316,0.4214,241.58,22.720266,75.85858
278,278447,83.27,1,-0.092,0,0.0007,0,0.147,0.8731,CTR,0,0.3521,0.4323,0.422,240.3,22.720222,75.858488
279,279449,80.21,0,-0.064,0,0.0005,0,0.147,0.8787,CTR,0,0.3508,0.4307,0.4204,240.97,22.720215,75.858462
280,280450,84.78,-4,-1.245,0,0.0003,0,0.147,0.8712,CTR,0,0.3521,0.4325,0.4221,243.03,22.720257,75.858541
281,281452,88.63,-4,-2.072,0,0.0002,0,0.147,0.8664,CTR,0,0.353,0.4336,0.4232,243.07,22.720312,75.858572
282,282454,81.97,-11,-4.75,1,0.3002,0,0.147,0.868,CTR,0,0.708,0.7268,0.7727,346.57,22.720257,75.858491
283,283454,84.18,-2,-3.925,0,0.2101,0,0.147,0.8636,CTR,0,0.5871,0.6295,0.6506,306.79,22.720249,75.858523
284,284454,89.06,2,-2.148,0,0.1471,0,0.147,0.871,CTR,0,0.5093,0.5649,0.5737,285.75,22.7203,75.858602
285,285457,84.28,-2,-2.103,0,0.103,0,0.147,0.8652,CTR,0,0.4606,0.5248,0.5267,270.27,22.720254,75.858496
286,286457,100.14,-4,-2.672,0,0.0721,0,0.147,0.8699,CTR,0,0.4262,0.4955,0.4932,263.51,22.720397,75.858676
287,287459,85.02,0,-1.871,0,0.0504,0,0.147,0.8706,CTR,0,0.4033,0.476,0.4711,256.08,22.720258,75.858527
288,288460,86.02,-4,-2.509,0,0.0353,0,0.147,0.8708,CTR,0,0.3876,0.4627,0.456,249.43,22.72029,75.858538
289,289462,84.79,-7,-3.857,1,0.3247,0,0.147,0.8617,CTR,0,0.7459,0.7574,0.8122,358.25,22.72024,75.858522
290,290466,94.02,-4,-3.9,0,0.2273,0,0.147,0.8639,CTR,0,0.609,0.6473,0.6724,314.7,22.720341,75.858605
291,291467,86.3,-2,-3.33,0,0.1591,0,0.147,0.8648,CTR,0,0.5247,0.5781,0.589,287.33,22.720295,75.858531
292,292467,96.81,-2,-2.931,0,0.1114,0,0.147,0.8718,CTR,0,0.4686,0.5309,0.5341,274.16,22.720365,75.858661
293,293468,98.83,0,-2.052,0,0.078,0,0.147,0.8665,CTR,0,0.4332,0.5016,0.5001,260.05,22.720411,75.858658
294,294470,93.42,1,-1.136,0,0.0546,0,0.147,0.8623,CTR,0,0.4093,0.4818,0.4773,257.05,22.720371,75.858611
295,295471,109.08,-4,-1.995,0,0.0382,0,0.147,0.8649,CTR,0,0.3917,0.4667,0.4603,254.24,22.720515,75.858789
296,296472,91.19,-3,-2.297,0,0.0267,0,0.1029,0.859,GCM,0,0.3812,0.4582,0.4018,333.95,22.720354,75.858587
297,297473,103.73,-3,-2.508,0,0.0187,0,0.1029,0.8536,CTR,0,0.3741,0.4526,0.3956,245.64,22.720448,75.858748
298,298475,98.13,-2,-2.355,0,0.0131,0,0.1029,0.8565,CTR,0,0.3679,0.4471,0.3898,248.88,22.720393,75.858673
299,299476,100.5,-3,-2.549,0,0.0092,0,0.1029,0.8564,CTR,0,0.364,0.4437,0.3862,245.35,22.720367,75.858662
300,300476,107.15,-7,-3.884,1,0.3064,0,0.1029,0.8636,CTR,0,0.7181,0.7352,0.7126,349.8,22.720449,75.858759
301,301478,89.7,-6,-4.519,0,0.2145,0,0.1029,0.8601,CTR,0,0.5933,0.6349,0.5967,307.73,22.7203,75.858596
302,302478,106.41,-4,-4.363,0,0.1501,0,0.1029,0.8532,CTR,0,0.5165,0.5723,0.5263,283.45,22.720445,75.858729
303,303481,109.15,-7,-5.154,0,0.1051,0,0.1029,0.8583,CTR,0,0.4644,0.5285,0.4781,271.17,22.720475,75.858767
304,304483,96.94,-4,-4.808,0,0.0736,0,0.1029,0.8621,CTR,0,0.4294,0.4988,0.4458,261.36,22.720371,75.858655
305,305484,99.04,-2,-3.966,0,0.0515,0,0.1029,0.8563,CTR,0,0.4073,0.4805,0.4258,256.64,22.720374,75.858663
306,306486,108.17,-4,-3.976,0,0.0361,0,0.1029,0.8508,CTR,0,0.3924,0.4683,0.4125,251.26,22.720467,75.85878
307,307487,98.7,-5,-4.283,0,0.0252,0,0.1029,0.8543,CTR,0,0.3806,0.4581,0.4015,246.83,22.720387,75.858681
308,308487,90.36,-1,-3.298,0,0.0177,0,0.1029,0.8561,CTR,0,0.3726,0.4511,0.3941,244.79,22.720298,75.85857
309,309489,109.46,-6,-4.109,0,0.0124,0,0.1029,0.8588,CTR,0,0.3667,0.4458,0.3885,244.35,22.720484,75.858762
310,310491,114.77,-4,-4.076,0,0.0087,0,0.1029,0.8481,CTR,0,0.3651,0.4454,0.3877,242,22.720536,75.858829
311,311491,118.44,-7,-4.953,0,0.0061,0,0.1029,0.8553,CTR,0,0.3611,0.4413,0.3836,244.51,22.720529,75.858835
312,312494,114.55,-4,-4.667,0,0.0042,0,0.1029,0.8564,CTR,0,0.359,0.4395,0.3816,241.89,22.720533,75.858805
313,313494,122.05,-7,-5.367,1,0.303,0,0.1029,0.8545,CTR,0,0.7149,0.7334,0.7101,345.06,22.720601,75.858848
314,314495,127.02,-1,-4.057,0,0.2121,0,0.1029,0.8587,CTR,0,0.5905,0.6327,0.5942,308.54,22.720627,75.858941
315,315495,127.05,-7,-4.94,1,0.4485,0,0.1029,0.8535,CTR,0,0.9632,0.9272,0.949,440.06,22.720642,75.858951
316,316496,116.96,-2,-4.058,0,0.3139,0,0.072,0.8501,GCM,1,0.732,0.7474,0.6797,470.49,22.720544,75.858845
317,317497,121.48,-1,-3.141,0,0.2197,0,0.0504,0.8484,GCM,0,0.6024,0.6432,0.5381,395.28,22.720607,75.858879
318,318500,125.56,-4,-3.398,0,0.1538,0,0.0353,0.8552,GCM,0,0.5204,0.5753,0.4498,356.32,22.720601,75.858926
319,319503,120.08,-2,-2.979,0,0.1077,0,0.0247,0.8457,GCM,0,0.4698,0.534,0.3958,330.61,22.720587,75.858855
320,320505,128.12,-4,-3.285,0,0.0754,0,0.0173,0.8418,GCM,0,0.4354,0.5055,0.3592,316.82,22.720662,75.858958
321,321505,129.86,-6,-4.1,1,0.3528,0,0.0173,0.8446,GCM,0,0.7933,0.7964,0.6521,457.17,22.720643,75.85894
322,322508,117.35,-4,-4.07,1,0.5469,0,0.0173,0.8542,GCM,0,1.1923,1.0994,0.9622,659,22.720547,75.858826
323,323509,129.97,-4,-4.049,0,0.3829,1,0.3121,0.8494,GCM,0,0.8424,0.8343,1.3654,944.9,22.720674,75.858959
324,324511,125.24,-5,-4.334,0,0.268,1,0.5185,0.8482,GCM,0,0.6665,0.6952,1.8554,1349.06,22.720601,75.858918
325,325512,132.11,-7,-5.134,1,0.4876,0,0.5185,0.8446,GCM,0,1.0481,0.9925,6.4296,5763.39,22.720673,75.858955
326,326513,140.63,-9,-6.294,0,0.3413,1,0.6629,0.854,GCM,0,0.7732,0.7797,6.448,5761.64,22.720742,75.859048
327,327515,136.94,-5,-5.906,0,0.2389,0,0.4641,0.8527,GCM,0,0.6264,0.6624,1.4175,968.48,22.720733,75.859033
328,328516,128.53,-7,-6.234,1,0.4672,0,0.4641,0.8519,GCM,0,1.0023,0.9571,4.7959,4191.72,22.720642,75.858965
329,329517,129.28,-12,-7.964,1,0.6271,0,0.4641,0.8465,GCM,0,1.4486,1.2877,6.4678,5761.12,22.720658,75.858967
330,330520,135.75,-6,-7.375,0,0.439,1,0.6248,0.8535,GCM,0,0.9443,0.9128,6.4751,5756.74,22.720677,75.858996
331,331522,141.62,0,-5.162,0,0.3073,0,0.4374,0.8354,GCM,0,0.7251,0.7432,1.6004,1128.33,22.720789,75.859093
332,332524,133.65,-9,-6.314,0,0.2151,0,0.3062,0.841,GCM,0,0.5979,0.6402,0.9252,600.75,22.720716,75.858979
333,333524,139.77,-2,-5.019,0,0.1506,0,0.2143,0.8417,GCM,0,0.5193,0.5756,0.6758,455.7,22.720764,75.859097
334,334526,144.26,-6,-5.314,0,0.1054,0,0.15,0.8469,GCM,0,0.467,0.5316,0.5374,384.39,22.7208,75.859103
335,335526,137.77,-10,-6.72,0,0.0738,1,0.405,0.8423,GCM,0,0.4336,0.5039,0.8669,551.64,22.720749,75.859037
336,336529,145.39,-8,-7.104,1,0.3516,0,0.405,0.8476,GCM,0,0.7909,0.7942,1.6553,1183.65,22.720808,75.859097
337,337530,145.84,-5,-6.473,0,0.2461,0,0.2835,0.8402,GCM,1,0.6385,0.6733,0.9375,611.94,22.720814,75.859124
338,338531,149.37,-2,-5.131,0,0.1723,0,0.1985,0.8427,GCM,0,0.5448,0.5965,0.6807,457.11,22.720828,75.859144
339,339533,147.04,-3,-4.492,0,0.1206,0,0.1985,0.8388,CTR,0,0.4857,0.5478,0.6181,275.14,22.720817,75.859121
340,340534,142.98,-6,-4.944,0,0.0844,0,0.1985,0.8438,CTR,0,0.4448,0.5132,0.5755,263.03,22.720796,75.85909
341,341535,153.89,-8,-5.861,1,0.3591,0,0.1985,0.8353,CTR,0,0.8055,0.8068,0.9803,378.15,22.720874,75.859177
342,342538,145.84,-6,-5.903,0,0.2514,0,0.1985,0.842,CTR,0,0.6451,0.6785,0.7907,323.92,22.720802,75.859125
343,343542,142.21,-5,-5.632,0,0.176,0,0.1985,0.8509,CTR,0,0.5476,0.5981,0.6834,291.76,22.72074,75.859118
344,344544,157.13,-6,-5.742,1,0.4232,0,0.1985,0.836,CTR,0,0.9176,0.8938,1.1266,418.76,22.720919,75.859253
345,345545,149.7,-7,-6.12,1,0.5962,0,0.1985,0.8487,CTR,0,1.3402,1.2087,1.8662,599.38,22.720832,75.859116
346,346545,156.54,-6,-6.084,1,0.7174,0,0.1985,0.8481,CTR,0,1.8784,1.5939,3.9701,855.3,22.720915,75.859251
347,347545,167.41,-9,-6.959,0,0.5021,0,0.1985,0.8395,CTR,0,1.0824,1.0189,1.3718,483.47,22.720986,75.859311
348,348547,152.29,-5,-6.371,1,0.6515,0,0.1985,0.849,CTR,0,1.545,1.3569,2.4182,694.74,22.720863,75.859175
349,349549,157.15,-4,-5.66,1,0.7561,0,0.1985,0.8514,CTR,0,2.1483,1.7828,6.3516,991.85,22.720882,75.859227
350,350551,153.39,-4,-5.162,0,0.5292,0,0.1985,0.8435,CTR,0,1.1479,1.0675,1.4824,512.69,22.720871,75.859181
351,351552,151.65,-6,-5.413,0,0.3705,0,0.1985,0.843,CTR,0,0.8227,0.8195,1.002,385.78,22.720881,75.859182
352,352553,169.62,-8,-6.189,1,0.5593,0,0.1985,0.8402,CTR,0,1.2295,1.1284,1.6323,550.32,22.721021,75.859372
353,353554,161.15,-7,-6.432,0,0.3915,0,0.1985,0.8408,CTR,0,0.8591,0.8482,1.0487,398.98,22.720918,75.859291
354,354555,171.14,-3,-5.403,0,0.2741,0,0.1985,0.8373,CTR,0,0.6771,0.7047,0.8271,333.52,22.721044,75.859358
355,355556,167.55,-5,-5.282,1,0.4918,0,0.1985,0.8441,CTR,0,1.0578,0.9999,1.3328,476.99,22.720976,75.85935
356,356557,170.56,-3,-4.597,0,0.3443,0,0.1985,0.8342,CTR,0,0.7819,0.7883,0.9511,369.93,22.721039,75.859368
357,357558,174.54,-5,-4.718,0,0.241,0,0.1985,0.8329,CTR,0,0.6332,0.6696,0.7775,318.71,22.721073,75.859387
358,358561,166.24,-8,-5.703,0,0.1687,0,0.1389,0.8402,GCM,0,0.541,0.5936,0.5955,415.57,22.720981,75.859325
359,359562,158.85,-5,-5.492,0,0.1181,0,0.1389,0.8409,CTR,0,0.4824,0.5449,0.5389,276.12,22.720962,75.859271
360,360563,164.74,-7,-5.944,1,0.3827,0,0.1389,0.8336,CTR,0,0.8452,0.838,0.9025,391.52,22.720956,75.859287
361,361563,167.34,-8,-6.561,0,0.2679,0,0.1389,0.8433,CTR,0,0.6673,0.6963,0.7195,330.08,22.721002,75.859333
362,362563,169.59,-8,-6.993,1,0.4875,0,0.1389,0.8334,CTR,1,1.0501,0.9951,1.1308,469.85,22.721043,75.859327
363,363565,188.67,-8,-7.295,0,0.3413,0,0.1389,0.836,CBC,0,0.7767,0.7841,0.8308,451.76,22.721208,75.859539
364,364566,181.6,-7,-7.206,0,0.2389,0,0.1389,0.8352,CBC,0,0.6299,0.6667,0.6826,389,22.721146,75.859505
365,365567,185.05,-2,-5.645,0,0.1672,0,0.1389,0.8364,CBC,0,0.54,0.5931,0.5947,356.76,22.721168,75.859481
366,366568,173.94,-4,-5.151,0,0.1171,0,0.1389,0.8331,CBC,0,0.4828,0.5459,0.5397,335.28,22.721048,75.859405
367,367569,173.94,-7,-5.706,0,0.0819,0,0.1389,0.8307,CBC,0,0.4447,0.5142,0.5033,323.23,22.721074,75.859366
368,368570,180.67,-2,-4.594,0,0.0574,0,0.1389,0.835,CBC,0,0.4177,0.491,0.4773,317.85,22.721122,75.859452
369,369571,180.49,-7,-5.316,1,0.3401,0,0.1389,0.8291,CBC,0,0.7764,0.7845,0.8307,451.65,22.721128,75.859441
370,370573,192.45,-9,-6.421,1,0.5381,0,0.1389,0.8243,CBC,0,1.1748,1.0894,1.2827,646.92,22.721228,75.859555
371,371574,182.46,-7,-6.595,0,0.3767,0,0.1389,0.8214,CBC,0,0.8375,0.8331,0.8947,477.17,22.72115,75.859443
372,372576,189.05,-9,-7.316,1,0.5637,0,0.1389,0.8295,CBC,0,1.2441,1.1402,1.3729,683.9,22.721203,75.859585
373,373576,192.34,-9,-7.821,1,0.6946,0,0.1389,0.8213,CBC,0,1.7541,1.5089,2.2153,974.32,22.721241,75.859564
374,374576,199.16,-6,-7.275,1,0.7862,0,0.1389,0.8258,CBC,0,2.4268,1.9791,4.4009,1390,22.721268,75.859648
375,375579,202.13,-7,-7.193,1,0.8503,0,0.1389,0.8219,CBC,0,3.3533,2.6167,6.3689,1986.86,22.721344,75.859677
376,376580,196.2,-10,-8.035,1,0.8952,0,0.1389,0.8281,CBC,0,4.6487,3.499,6.3921,2836.98,22.721271,75.859608
377,377582,207.35,-6,-7.424,0,0.6267,0,0.1389,0.8272,CBC,0,1.451,1.2914,1.6708,794.32,22.721378,75.859706
378,378584,205.25,-9,-7.897,1,0.7387,0,0.1389,0.833,GCM,0,2.0213,1.696,2.8656,2350.72,22.721353,75.859731
379,379584,212.12,-10,-8.528,1,0.8171,0,0.1389,0.8254,CBC,0,2.7944,2.233,6.3498,1623.26,22.721415,75.859754
380,380588,216.04,-11,-9.27,1,0.8719,0,0.1389,0.8207,CBC,0,3.8662,2.9672,6.3811,2322.58,22.721439,75.859803
381,381588,213.97,-6,-8.289,1,0.9104,0,0.1389,0.8215,CBC,0,5.3738,3.9921,6.402,3317.96,22.721408,75.859801
382,382589,212.64,-7,-7.902,0,0.6373,0,0.1389,0.8199,CBC,0,1.493,1.3225,1.737,818.95,22.721432,75.859778
383,383591,227.41,-11,-8.831,1,0.7461,0,0.1389,0.8255,CBC,0,2.0765,1.7354,3.0245,1171.83,22.721552,75.859923
384,384594,217.49,-6,-7.982,0,0.5223,0,0.1389,0.8192,CBC,0,1.1352,1.0604,1.2331,622.29,22.721458,75.859821
385,385596,226.92,-12,-9.187,1,0.6656,0,0.1389,0.8212,CBC,0,1.6121,1.4078,1.9405,890.2,22.721556,75.859896
386,386596,238.76,-12,-10.031,1,0.7659,0,0.1389,0.823,CBC,0,2.2361,1.847,3.5626,1267.83,22.721627,75.860054
387,387597,233.94,-11,-10.322,1,0.8361,0,0.1389,0.825,CBC,0,3.0875,2.4344,6.3604,1813.73,22.721619,75.85996
388,388599,233.7,-6,-9.025,1,0.8853,0,0.1389,0.8139,CBC,0,4.2785,3.2488,6.3901,2592.22,22.721604,75.859963
389,389601,237.23,-8,-8.718,1,0.9197,0,0.1389,0.8191,CBC,0,5.956,4.3873,6.4078,3702.62,22.721632,75.860019
390,390601,244.85,-10,-9.102,0,0.6438,0,0.1389,0.8175,CBC,0,1.5196,1.3419,1.7803,834.67,22.721688,75.860113
391,391604,246.67,-7,-8.472,0,0.4507,0,0.1389,0.8224,CBC,0,0.974,0.9384,1.0433,540.79,22.721715,75.860112
392,392606,249.5,-9,-8.63,1,0.6155,0,0.1389,0.8246,CBC,0,1.4107,1.2625,1.6087,771.61,22.721729,75.860143
393,393607,246.42,-12,-9.641,1,0.7308,0,0.1389,0.8159,CBC,0,1.971,1.6625,2.7224,1105.87,22.721706,75.860095
394,394608,250.26,-13,-10.649,1,0.8116,0,0.1389,0.8198,CBC,0,2.7218,2.1836,6.3481,1577.85,22.721777,75.860133
395,395608,260.87,-9,-10.154,1,0.8681,0,0.1389,0.8229,CBC,0,3.7626,2.8962,6.3785,2252.39,22.721847,75.860229
396,396610,252.57,-13,-11.008,1,0.9077,0,0.1389,0.8253,CBC,0,5.2271,3.8922,6.3996,3218.46,22.721784,75.860162
397,397614,263,-8,-10.106,1,0.9354,0,0.1389,0.8187,CBC,0,7.3055,5.3016,6.4165,4598.74,22.721847,75.860268
398,398615,265.39,-11,-10.374,1,0.9548,0,0.1389,0.8176,GCM,0,9.3274,6.6707,6.4274,5759.23,22.721888,75.860306
399,399617,266.04,-11,-10.562,1,0.9683,0,0.1389,0.8194,CBC,0,9.3344,6.6777,6.4344,5945.25,22.72188,75.860278
400,400619,270.47,-8,-9.793,1,0.9778,0,0.1389,0.8228,CBC,0,9.339,6.6821,6.4388,5944.02,22.721914,75.86033
401,401620,269.41,-11,-10.155,1,0.9845,0,0.1389,0.8215,CBC,0,9.3429,6.6861,6.4428,5942.66,22.721925,75.860352
402,402622,276.54,-11,-10.409,1,0.9891,0,0.1389,0.8156,CBC,0,9.3467,6.6901,6.4468,5943.97,22.721965,75.860382
403,403626,267.92,-19,-12.986,1,0.9924,0,0.1389,0.8199,CBC,0,9.3476,6.6908,6.4475,5944.45,22.721888,75.860307
404,404627,271.48,-6,-10.89,0,0.6947,0,0.1389,0.8144,CBC,0,1.756,1.511,2.2181,972.92,22.72192,75.860337
405,405628,285.24,-12,-11.223,0,0.4863,0,0.1389,0.8104,CBC,0,1.0521,0.9988,1.1331,577.05,22.722078,75.86046
406,406630,285.98,-16,-12.656,1,0.6404,0,0.1389,0.8177,CBC,0,1.5059,1.332,1.7577,826.33,22.722054,75.860473
407,407631,292.09,-10,-11.859,1,0.7483,0,0.1389,0.8228,CBC,0,2.0936,1.7476,3.0756,1180.57,22.722096,75.86055
408,408634,306.01,-12,-11.902,1,0.8238,0,0.1389,0.8182,CBC,0,2.8923,2.3011,6.3552,1686.87,22.722238,75.860695
409,409635,293.68,-13,-12.231,1,0.8767,0,0.1389,0.8156,CBC,0,4.0022,3.0604,6.3849,2409.68,22.722158,75.86056
410,410637,299.4,-17,-13.662,1,0.9137,0,0.1389,0.8137,CBC,0,5.5663,4.1237,6.4058,3442.46,22.722184,75.860596
411,411639,302.07,-15,-14.063,1,0.9396,0,0.1389,0.8179,CBC,0,7.7845,5.6259,6.419,4919.58,22.7222,75.860642
412,412641,291.04,-14,-14.044,1,0.9577,0,0.1389,0.8119,CBC,0,9.3301,6.6738,6.4304,5943.93,22.722119,75.860547
413,413641,304.37,-16,-14.631,1,0.9704,0,0.1389,0.8216,CBC,0,9.3351,6.6783,6.435,5946.01,22.722232,75.860654
414,414643,300.69,-7,-12.342,1,0.9793,0,0.1389,0.8122,CBC,0,9.3419,6.6855,6.4422,5944.67,22.722203,75.860652
415,415643,310.52,-12,-12.239,1,0.9855,0,0.1389,0.8178,CBC,0,9.3442,6.6876,6.4442,5939.88,22.722288,75.860725
416,416643,311.39,-10,-11.567,1,0.9898,0,0.1389,0.8136,CBC,0,9.3475,6.691,6.4477,5947.13,22.722294,75.860712
417,417644,325.37,-14,-12.297,1,0.9929,0,0.1389,0.8113,CBC,0,9.3496,6.6933,6.4499,5943.28,22.722447,75.860864
418,418646,306.52,-16,-13.408,1,0.995,0,0.1389,0.8083,GCM,0,9.3514,6.6952,6.4518,5759.19,22.722265,75.860678
419,419648,311.56,-14,-13.586,1,0.9965,0,0.1389,0.8195,CBC,0,9.3499,6.6932,6.4499,5941.28,22.722291,75.860732
420,420649,338.23,-14,-13.71,1,0.9976,0,0.1389,0.8109,CBC,0,9.3522,6.6959,6.4526,5944.33,22.722522,75.860975
421,421649,320.34,-14,-13.797,1,0.9983,0,0.1389,0.8106,CBC,0,9.3527,6.6964,6.453,5945.77,22.722341,75.860822
422,422652,322.49,-16,-14.458,1,0.9988,0,0.1389,0.8159,CBC,0,9.3519,6.6954,6.452,5946.19,22.72241,75.86083
423,423656,330.77,-20,-16.121,1,0.9992,0,0.1389,0.8128,CBC,0,9.3528,6.6963,6.453,5945.46,22.722468,75.860921
424,424658,326.36,-15,-15.784,1,0.9994,0,0.1389,0.8155,CBC,0,9.3523,6.6958,6.4525,5945.85,22.722425,75.860883
425,425660,323.85,-14,-15.249,1,0.9996,0,0.1389,0.8129,CBC,0,9.353,6.6965,6.4532,5944.53,22.722409,75.860861
426,426664,326.94,-16,-15.474,1,0.9997,0,0.1389,0.8113,CBC,0,9.3533,6.697,6.4536,5947.22,22.72241,75.860877
427,427666,336.74,-13,-14.732,1,0.9998,0,0.1389,0.8147,CBC,0,9.3527,6.6962,6.4529,5942.92,22.722502,75.860975
428,428667,345.45,-13,-14.212,1,0.9999,0,0.1389,0.8076,CBC,0,9.3542,6.698,6.4546,5943.37,22.722621,75.861071
429,429669,351.68,-17,-15.049,1,0.9999,0,0.1389,0.8194,CBC,0,9.3518,6.6951,6.4518,5942.68,22.722658,75.861108
430,430670,345.82,-12,-14.134,1,0.9999,0,0.1389,0.8075,CBC,0,9.3542,6.6981,6.4547,5945.6,22.722599,75.861069
431,431670,347.4,-17,-14.994,1,1,0,0.1389,0.8074,CBC,0,9.3543,6.6981,6.4547,5945.42,22.722611,75.861064
432,432671,362.45,-15,-14.996,1,1,0,0.1389,0.8083,CBC,0,9.3541,6.6979,6.4545,5944.87,22.722739,75.861241
433,433672,361.82,-20,-16.497,1,1,0,0.1389,0.8084,CBC,0,9.3541,6.6979,6.4545,5947.34,22.72277,75.861232
434,434675,363.41,-15,-16.048,1,1,0,0.1389,0.8089,CBC,0,9.354,6.6978,6.4544,5943.82,22.72278,75.86123
435,435677,348.95,-15,-15.734,1,1,0,0.1389,0.8034,CBC,0,9.3551,6.6991,6.4557,5941.65,22.722646,75.86108
436,436677,357.4,-16,-15.813,1,1,0,0.1389,0.8014,CBC,0,9.3555,6.6996,6.4562,5945.01,22.722719,75.861182
437,437679,361.47,-16,-15.869,1,1,0,0.1389,0.8104,CBC,0,9.3537,6.6974,6.454,5944.37,22.722756,75.86123
438,438682,363.76,-19,-16.809,1,1,0,0.1389,0.8034,GCM,0,9.3551,6.6991,6.4557,5761.87,22.722778,75.861234
439,439683,356.39,-15,-16.266,1,1,0,0.1389,0.7974,CBC,0,9.3563,6.7007,6.4572,5944.31,22.722721,75.861168
440,440685,358.86,-15,-15.886,1,1,0,0.1389,0.7959,CBC,0,9.3566,6.701,6.4575,5943.27,22.722728,75.861201
441,441686,357.01,-16,-15.92,1,1,0,0.1389,0.8085,CBC,0,9.3541,6.6979,6.4545,5942.98,22.722709,75.861182
442,442688,357.72,-17,-16.244,1,1,0,0.1389,0.804,CBC,0,9.355,6.699,6.4556,5944.37,22.722719,75.861171
443,443689,360.12,-16,-16.171,1,1,0,0.1389,0.8003,CBC,0,9.3557,6.6999,6.4565,5943.87,22.722742,75.86122
444,444690,364.27,-10,-14.32,1,1,0,0.1389,0.8081,CBC,0,9.3542,6.698,6.4546,5943.38,22.722756,75.861254
445,445691,356.15,-14,-14.224,1,1,0,0.1389,0.7936,CBC,0,9.3571,6.7016,6.4581,5945.07,22.722701,75.861153
446,446694,358.81,-15,-14.457,1,1,0,0.1389,0.7992,CBC,0,9.356,6.7002,6.4567,5943.96,22.722732,75.86119
447,447695,363.17,-13,-14.02,1,1,0,0.1389,0.7956,CBC,0,9.3567,6.7011,6.4576,5942.74,22.722757,75.861236
448,448696,361.28,-16,-14.614,1,1,0,0.1389,0.7962,CBC,0,9.3566,6.7009,6.4575,5946.99,22.722742,75.861205
449,449696,360.87,-20,-16.23,1,1,0,0.1389,0.8042,CBC,0,9.355,6.6989,6.4555,5944.34,22.722749,75.861237
450,450698,363.83,-16,-16.161,1,1,0,0.1389,0.7994,CBC,0,9.3559,6.7002,6.4567,5945.89,22.722797,75.861234
451,451700,368.2,-14,-15.513,1,1,0,0.1389,0.804,CBC,0,9.355,6.699,6.4556,5943.38,22.722806,75.861278
452,452703,359.04,-9,-13.559,0,0.7,0,0.1389,0.799,CBC,0,1.7879,1.5352,2.2825,991.66,22.722753,75.861182
453,453705,356.79,-18,-14.891,1,0.79,0,0.1389,0.7964,CBC,0,2.4725,2.014,4.6177,1415.95,22.722708,75.861191
454,454708,348.47,-18,-15.824,1,0.853,0,0.1389,0.7932,CBC,0,3.4143,2.6617,6.3774,2020.09,22.722628,75.86109
455,455710,358.31,-14,-15.277,1,0.8971,0,0.1389,0.7914,CBC,0,4.7339,3.561,6.402,2889.43,22.722712,75.861222
456,456711,371.79,-18,-16.094,1,0.928,0,0.1389,0.798,CBC,0,6.5996,4.8258,6.4174,4126.27,22.722838,75.861281
457,457713,363.21,-16,-16.066,1,0.9496,0,0.1389,0.8024,CBC,0,9.2534,6.6216,6.4282,5893.87,22.722753,75.86122
458,458716,362.11,-20,-17.246,1,0.9647,0,0.1389,0.7996,GCM,0,9.3365,6.6807,6.4372,5760.52,22.722774,75.861188
459,459718,362.92,-20,-18.072,1,0.9753,0,0.1389,0.7983,CBC,0,9.3426,6.6868,6.4434,5945.17,22.722745,75.861254
460,460720,373.23,-19,-18.35,1,0.9827,0,0.1389,0.8025,CBC,0,9.3458,6.6899,6.4464,5944.42,22.722847,75.861335
461,461723,367.84,-17,-17.945,1,0.9879,0,0.1389,0.7941,CBC,0,9.3503,6.6948,6.4513,5942.88,22.722811,75.861284
462,462724,369.49,-13,-16.462,1,0.9915,0,0.1389,0.8012,CBC,0,9.3509,6.695,6.4516,5945.35,22.722813,75.861301
463,463725,360.01,-15,-16.023,1,0.9941,0,0.1389,0.7902,CBC,0,9.3545,6.6992,6.4557,5943.25,22.722668,75.861222
464,464726,378.75,-13,-15.116,1,0.9958,0,0.1389,0.7974,CBC,0,9.3541,6.6984,6.4549,5944.03,22.722922,75.861356
465,465727,370.6,-16,-15.381,1,0.9971,0,0.1389,0.7949,CBC,0,9.3552,6.6997,6.4562,5943.31,22.722826,75.861288
466,466730,365.52,-20,-16.767,1,0.998,0,0.1389,0.794,CBC,0,9.3559,6.7004,6.4569,5945.11,22.722775,75.861273
467,467730,370.15,-19,-17.437,1,0.9986,0,0.1389,0.799,CBC,0,9.3552,6.6995,6.456,5942.08,22.722815,75.861315
468,468733,368.16,-14,-16.406,1,0.999,0,0.1389,0.7966,CBC,0,9.356,6.7003,6.4568,5944.05,22.722806,75.861311
469,469733,367.59,-15,-15.984,1,0.9993,0,0.1389,0.8017,CBC,0,9.3551,6.6992,6.4558,5943.8,22.722795,75.86127
470,470734,378.71,-17,-16.289,1,0.9995,0,0.1389,0.7891,CBC,0,9.3578,6.7025,6.4589,5945.21,22.722889,75.861402
471,471736,363.43,-17,-16.502,1,0.9997,0,0.1389,0.7859,CBC,0,9.3585,6.7033,6.4598,5943.35,22.722772,75.86125
472,472738,357.3,-17,-16.652,1,0.9998,0,0.1389,0.7861,CBC,0,9.3585,6.7033,6.4598,5946.38,22.722707,75.861164
473,473738,371.85,-14,-15.856,1,0.9998,0,0.1389,0.7877,CBC,0,9.3582,6.703,6.4594,5944.03,22.722845,75.861324
474,474740,381.43,-14,-15.299,1,0.9999,0,0.1389,0.7829,CBC,0,9.3592,6.7042,6.4606,5945.28,22.722923,75.861438
475,475741,377.88,-13,-14.609,1,0.9999,0,0.1389,0.7829,CBC,0,9.3593,6.7042,6.4607,5947.12,22.722914,75.861386
476,476742,374.89,-19,-15.927,1,0.9999,0,0.1389,0.7823,CBC,0,9.3594,6.7044,6.4608,5944.43,22.722844,75.86133
477,477743,378.43,-13,-15.049,1,1,0,0.1389,0.7815,CBC,0,9.3596,6.7046,6.461,5942.93,22.722908,75.861366
478,478746,366.04,-20,-16.534,1,1,0,0.1389,0.7832,GCM,0,9.3592,6.7042,6.4606,5759.32,22.722785,75.861253
479,479748,378.24,-16,-16.374,1,1,0,0.1389,0.7904,CBC,0,9.3577,6.7024,6.4589,5945.29,22.722908,75.861369
480,480748,370.46,-18,-16.862,1,1,0,0.1389,0.7845,CBC,0,9.359,6.7039,6.4603,5943.89,22.722806,75.861315
481,481751,377.48,-14,-16.003,1,1,0,0.1389,0.7871,CBC,0,9.3584,6.7032,6.4597,5943.79,22.722903,75.86138
482,482751,376.16,-18,-16.602,1,1,0,0.1389,0.7856,CBC,0,9.3587,6.7036,6.46,5944.61,22.722874,75.861371
483,483752,368.93,-17,-16.722,1,1,0,0.1389,0.7816,CBC,0,9.3596,6.7046,6.461,5945.65,22.722828,75.861302
484,484754,376.33,-20,-17.705,1,1,0,0.1389,0.7772,CBC,0,9.3604,6.7057,6.4621,5945.14,22.722899,75.861367
485,485755,373.64,-18,-17.794,1,1,0,0.1389,0.7814,CBC,0,9.3596,6.7047,6.4611,5946.96,22.722857,75.861337
486,486755,377.77,-17,-17.555,1,1,0,0.1389,0.779,CBC,0,9.3601,6.7052,6.4616,5944.28,22.722883,75.86139
487,487756,386.8,-16,-17.089,1,1,0,0.1389,0.7808,CBC,0,9.3597,6.7048,6.4612,5942.56,22.722997,75.861461
488,488759,384.43,-17,-17.062,1,1,0,0.1389,0.7788,CBC,0,9.3601,6.7053,6.4617,5947.11,22.722951,75.861434
489,489762,383.93,-16,-16.744,1,1,0,0.1389,0.7814,CBC,0,9.3596,6.7046,6.461,5944.17,22.722939,75.861445
490,490762,376.7,-20,-17.72,1,1,0,0.1389,0.783,CBC,0,9.3593,6.7043,6.4607,5944.57,22.722881,75.861347
491,491764,374.67,-16,-17.204,1,1,0,0.1389,0.7704,CBC,0,9.3618,6.7074,6.4637,5945.47,22.722888,75.861357
492,492766,370.69,-15,-16.543,1,1,0,0.1389,0.7666,CBC,0,9.3626,6.7084,6.4646,5943.69,22.722802,75.86131
493,493767,375.73,-17,-16.68,1,1,0,0.1389,0.7812,CBC,0,9.3596,6.7047,6.4611,5941.33,22.722882,75.861373
494,494768,379.25,-15,-16.176,1,1,0,0.1389,0.7848,CBC,0,9.3589,6.7038,6.4602,5943.39,22.722873,75.861397
495,495769,385.93,-18,-16.723,1,1,0,0.1389,0.7734,CBC,0,9.3612,6.7067,6.463,5941.28,22.722968,75.861455
496,496770,392.62,-18,-17.106,1,1,0,0.1389,0.7829,CBC,0,9.3593,6.7043,6.4607,5943.92,22.723042,75.861531
497,497771,372.28,-11,-15.274,1,1,0,0.1389,0.7809,CBC,0,9.3597,6.7048,6.4612,5944.38,22.722817,75.861326
498,498775,392.51,-16,-15.492,1,1,0,0.1389,0.7775,GCM,0,9.3604,6.7056,6.462,5758.9,22.723039,75.861536
499,499777,378.01,-14,-15.044,1,1,0,0.1389,0.771,CBC,0,9.3617,6.7072,6.4636,5944.21,22.722893,75.861388
500,500781,373.38,-16,-15.331,1,1,0,0.1389,0.7787,CBC,0,9.3601,6.7053,6.4617,5942.18,22.722858,75.861329
501,501783,386.85,-17,-15.832,1,1,0,0.1389,0.776,CBC,0,9.3607,6.706,6.4624,5945.25,22.722985,75.861489
502,502786,388.04,-15,-15.582,1,1,0,0.1389,0.7738,CBC,0,9.3612,6.7066,6.4629,5943.86,22.722995,75.861505
503,503786,395.92,-19,-16.608,1,1,0,0.1389,0.7702,CBC,0,9.3619,6.7074,6.4638,5945.65,22.723058,75.861574
504,504787,394.68,-13,-15.525,1,1,0,0.1389,0.7753,CBC,0,9.3608,6.7062,6.4625,5942.19,22.723047,75.861544
505,505788,391.34,-11,-14.168,1,1,0,0.1389,0.7695,CBC,0,9.362,6.7076,6.4639,5945.34,22.723011,75.86149
506,506788,395.94,-12,-13.517,1,1,0,0.1389,0.7738,CBC,0,9.3611,6.7065,6.4629,5944.53,22.723084,75.861565
507,507789,383.01,-10,-12.462,1,1,0,0.1389,0.7734,CBC,0,9.3612,6.7066,6.463,5945.76,22.722949,75.861422
508,508789,395.76,-14,-12.924,1,1,0,0.1389,0.7822,CBC,0,9.3594,6.7045,6.4609,5942.06,22.723078,75.861552
509,509791,390.53,-11,-12.346,1,1,0,0.1389,0.7756,CBC,0,9.3608,6.7061,6.4625,5945.27,22.723025,75.861511
510,510792,394.12,-15,-13.143,1,1,0,0.1389,0.7791,CBC,0,9.3601,6.7052,6.4616,5943.24,22.723043,75.861551
511,511796,387.03,-18,-14.6,1,1,0,0.1389,0.7773,CBC,0,9.3604,6.7057,6.462,5944.45,22.722996,75.861481
512,512797,397.83,-13,-14.12,1,1,0,0.1389,0.7802,CBC,0,9.3598,6.7049,6.4613,5943.28,22.723085,75.86158
513,513797,386.9,-10,-12.884,1,1,0,0.1389,0.7791,CBC,0,9.3601,6.7052,6.4616,5947.77,22.722966,75.861479
514,514799,385.13,-12,-12.619,1,1,0,0.1389,0.7753,CBC,0,9.3608,6.7062,6.4625,5946.64,22.72295,75.861436
515,515799,399.43,-15,-13.333,1,1,0,0.1389,0.7737,CBC,0,9.3612,6.7066,6.4629,5944.73,22.723088,75.86159
516,516801,389.86,-16,-14.133,1,1,0,0.1389,0.7786,CBC,0,9.3602,6.7053,6.4617,5942.27,22.723006,75.861529
517,517802,392.42,-14,-14.093,1,1,0,0.1389,0.7809,CBC,0,9.3597,6.7048,6.4612,5942.6,22.72303,75.861527
518,518804,387.42,-10,-12.865,1,1,0,0.1389,0.7732,GCM,0,9.3613,6.7067,6.463,5760.39,22.722991,75.861483
519,519805,388.05,-10,-12.006,1,1,0,0.1389,0.7865,CBC,0,9.3586,6.7034,6.4598,5945.1,22.722968,75.861477
520,520807,399.61,-16,-13.204,1,1,0,0.1389,0.7728,CBC,0,9.3614,6.7068,6.4631,5943.62,22.723071,75.861607
521,521810,401.7,-11,-12.543,1,1,0,0.1389,0.7684,CBC,0,9.3622,6.7079,6.4642,5944.37,22.723109,75.861599
522,522813,395.22,-16,-13.58,1,1,0,0.1389,0.78,CBC,0,9.3599,6.705,6.4614,5943.07,22.723045,75.861567
523,523815,407.65,-11,-12.806,1,1,0,0.1389,0.7662,CBC,0,9.3627,6.7084,6.4647,5941.12,22.723194,75.861665
524,524817,406.4,-11,-12.264,0,0.7,0,0.1389,0.7738,CBC,0,1.793,1.5415,2.2886,989.5,22.723147,75.861649
525,525818,397.85,-14,-12.785,1,0.79,0,0.1389,0.7713,CBC,0,2.4776,2.0202,4.6238,1414.57,22.723076,75.86155
526,526819,407.22,-14,-13.149,1,0.853,0,0.1389,0.7688,CBC,0,3.4193,2.6678,6.3833,2021.84,22.723148,75.861701
527,527822,396.09,-14,-13.405,1,0.8971,0,0.1389,0.773,CBC,0,4.7377,3.5656,6.4065,2886.07,22.723044,75.861581
528,528825,401.28,-11,-12.683,1,0.928,0,0.1389,0.7738,CBC,0,6.6045,4.8319,6.4233,4127.15,22.723105,75.861599
529,529825,391.21,-16,-13.678,1,0.9496,0,0.1389,0.7679,CBC,0,9.2604,6.6302,6.4366,5896.44,22.722992,75.861524
530,530829,398.57,-14,-13.775,1,0.9647,0,0.1389,0.7642,CBC,0,9.3437,6.6895,6.4458,5944.78,22.723093,75.861582
531,531831,402.7,-12,-13.242,1,0.9753,0,0.1389,0.7713,CBC,0,9.3481,6.6936,6.4499,5943.87,22.723128,75.861581
532,532832,403.89,-14,-13.47,1,0.9827,0,0.1389,0.7709,CBC,0,9.3522,6.6978,6.4541,5944.8,22.723142,75.861642
533,533834,392.76,-15,-13.929,1,0.9879,0,0.1389,0.7618,CBC,0,9.3569,6.7029,6.4591,5946.16,22.72301,75.861514
534,534836,401.83,-15,-14.25,1,0.9915,0,0.1389,0.7613,CBC,0,9.359,6.705,6.4613,5945.23,22.723129,75.861623
535,535838,407.3,-14,-14.175,1,0.9941,0,0.1389,0.769,CBC,0,9.3589,6.7045,6.4608,5942.87,22.723143,75.861658
536,536840,403.34,-12,-13.523,1,0.9958,0,0.1389,0.7649,CBC,0,9.3607,6.7065,6.4628,5942.48,22.723124,75.861619
537,537842,409.56,-12,-13.066,1,0.9971,0,0.1389,0.7681,CBC,0,9.3607,6.7064,6.4627,5947.14,22.723216,75.861691
538,538846,393.49,-10,-12.146,1,0.998,0,0.1389,0.7706,GCM,0,9.3607,6.7062,6.4625,5758.81,22.723055,75.861512
539,539846,399.4,-16,-13.302,1,0.9986,0,0.1389,0.7597,CBC,0,9.3632,6.7093,6.4655,5943.32,22.723081,75.861587
540,540849,402.87,-15,-13.812,1,0.999,0,0.1389,0.7633,CBC,0,9.3627,6.7086,6.4649,5944.69,22.723102,75.861622
541,541850,406.42,-11,-12.968,1,0.9993,0,0.1389,0.7689,CBC,0,9.3618,6.7074,6.4637,5945.91,22.723136,75.861641
542,542851,403.09,-11,-12.378,1,0.9995,0,0.1389,0.765,CBC,0,9.3627,6.7085,6.4648,5944.98,22.723126,75.861646
543,543856,391.65,-10,-11.664,1,0.9997,0,0.1389,0.7579,CBC,0,9.3642,6.7103,6.4666,5946.01,22.723027,75.86151
544,544857,404,-11,-11.465,1,0.9998,0,0.1389,0.7696,CBC,0,9.3619,6.7075,6.4638,5946.35,22.723105,75.861624
545,545859,410.97,-13,-11.926,1,0.9998,0,0.1389,0.764,CBC,0,9.363,6.7089,6.4652,5942.49,22.723202,75.861688
546,546860,408.41,-15,-12.848,1,0.9999,0,0.1389,0.7595,CBC,0,9.364,6.7101,6.4663,5944.87,22.723169,75.861679
547,547863,409.97,-19,-14.694,1,0.9999,0,0.1389,0.7531,CBC,0,9.3653,6.7117,6.4679,5947.08,22.723168,75.861699
548,548866,416.78,-11,-13.585,1,0.9999,0,0.1389,0.7592,CBC,0,9.3641,6.7102,6.4664,5946.98,22.723234,75.861745
549,549867,416.67,-12,-13.11,1,1,0,0.1389,0.7656,CBC,0,9.3628,6.7086,6.4649,5943.45,22.723223,75.861744
550,550868,415.45,-10,-12.177,0,0.7,0,0.1389,0.7621,CBC,0,1.7953,1.5444,2.2911,989.9,22.723243,75.861749
551,551868,407.28,-13,-12.424,1,0.79,0,0.1389,0.7565,CBC,0,2.4804,2.0238,4.6262,1413.11,22.723167,75.861643
552,552871,415.13,-14,-12.897,1,0.853,0,0.1389,0.7559,CBC,0,3.4216,2.6708,6.3864,2022.02,22.723227,75.861749
553,553871,410.46,-18,-14.428,1,0.8971,0,0.1389,0.7623,CBC,0,4.7394,3.568,6.4091,2886.43,22.72319,75.861684
554,554873,404.69,-10,-13.099,0,0.628,0,0.1389,0.7617,CBC,0,1.4692,1.3113,1.6943,799.8,22.723166,75.861642
555,555876,420.51,-10,-12.17,0,0.4396,0,0.1389,0.7609,CBC,0,0.9644,0.9368,1.0335,528.4,22.723292,75.861772
556,556878,407.06,-11,-11.819,1,0.6077,0,0.1389,0.7615,CBC,0,1.3964,1.2586,1.5834,757.2,22.723173,75.861644
557,557879,415.37,-12,-11.873,1,0.7254,0,0.1389,0.7665,CBC,0,1.9454,1.6498,2.6421,1081.77,22.723247,75.861745
558,558880,416.4,-11,-11.611,0,0.5078,0,0.0972,0.757,GCM,0,1.1125,1.0495,1.0891,729.21,22.723251,75.861739
559,559881,424.31,-11,-11.428,1,0.6554,0,0.0972,0.761,CBC,0,1.5797,1.3909,1.6088,860.63,22.723308,75.861817
560,560882,420.88,-10,-10.999,1,0.7588,0,0.0972,0.7657,CBC,0,2.1881,1.8198,2.5086,1230.4,22.723281,75.861812
561,561884,417.41,-14,-11.9,1,0.8312,0,0.0972,0.7644,CBC,0,3.0174,2.3929,4.5898,1762.1,22.723232,75.861739
562,562885,420.52,-10,-11.33,1,0.8818,0,0.0972,0.7643,CBC,0,4.1728,3.1824,6.371,2511.96,22.723293,75.861788
563,563886,413.96,-11,-11.231,1,0.9173,0,0.0972,0.7534,CBC,0,5.8053,4.2925,6.3932,3594.09,22.723205,75.86176
564,564888,414.42,-13,-11.762,1,0.9421,0,0.0972,0.7534,CBC,0,8.12,5.8603,6.4068,5133.94,22.723212,75.861759
565,565890,426.93,-14,-12.433,1,0.9595,0,0.0972,0.761,CBC,0,9.3414,6.6874,6.4145,5944.76,22.723324,75.861854
566,566891,419.11,-15,-13.203,1,0.9716,0,0.0972,0.7588,CBC,0,9.3486,6.6947,6.4218,5946.35,22.723276,75.861785
567,567892,413.83,-10,-12.242,1,0.9801,0,0.0972,0.7494,CBC,0,9.3552,6.7017,6.4287,5947,22.72321,75.861755
568,568893,421.58,-16,-13.37,1,0.9861,0,0.0972,0.7563,CBC,0,9.3571,6.7033,6.4303,5943.23,22.723295,75.861806
569,569895,414.52,-15,-13.859,1,0.9903,0,0.0972,0.7635,CBC,0,9.3579,6.7038,6.4309,5943.7,22.723207,75.861718
570,570896,428.42,-13,-13.601,1,0.9932,0,0.0972,0.7569,CBC,0,9.3608,6.707,6.4341,5944.44,22.723363,75.861852
571,571897,404.52,-12,-13.121,1,0.9952,0,0.0972,0.7566,CBC,0,9.362,6.7082,6.4353,5942.5,22.723154,75.86162
572,572900,417.99,-10,-12.185,1,0.9967,0,0.0972,0.751,CBC,0,9.3639,6.7104,6.4374,5944,22.723258,75.861757
573,573902,412.97,-13,-12.429,1,0.9977,0,0.0972,0.7607,CBC,0,9.3625,6.7085,6.4356,5944.09,22.723227,75.861725
574,574904,413.3,-12,-12.3,1,0.9984,0,0.0972,0.748,CBC,0,9.3655,6.7121,6.4391,5944.71,22.723207,75.861729
575,575906,393.65,-13,-12.51,1,0.9989,0,0.0972,0.7559,CBC,0,9.3642,6.7104,6.4374,5946.6,22.72306,75.861538
576,576908,412.55,-15,-13.257,1,0.9992,0,0.0972,0.7574,CBC,0,9.364,6.7102,6.4372,5944.76,22.723184,75.861714
577,577908,405.17,-12,-12.88,1,0.9994,0,0.0972,0.7575,CBC,0,9.3642,6.7103,6.4374,5943.95,22.723098,75.861656
578,578909,408.63,-7,-11.116,1,0.9996,0,0.0972,0.7572,GCM,0,9.3643,6.7105,6.4375,5759.97,22.723146,75.861692
579,579911,409.92,-11,-11.081,1,0.9997,0,0.0972,0.7627,CBC,0,9.3633,6.7092,6.4363,5942.8,22.723182,75.861697
580,580912,402.39,-11,-11.057,1,0.9998,0,0.0972,0.7661,CBC,0,9.3626,6.7084,6.4355,5944.05,22.723126,75.861604
581,581913,402.02,-11,-11.04,1,0.9999,0,0.0972,0.7535,CBC,0,9.3652,6.7115,6.4386,5943.45,22.723119,75.861609
582,582915,381.5,-12,-11.328,1,0.9999,0,0.0972,0.7574,CBC,0,9.3644,6.7106,6.4376,5943.31,22.722932,75.861425
583,583920,400.97,-14,-12.13,1,0.9999,0,0.0972,0.7606,CBC,0,9.3638,6.7098,6.4369,5945.9,22.723096,75.861606
584,584921,388.59,-14,-12.691,1,1,0,0.0972,0.752,CBC,0,9.3656,6.712,6.439,5944.21,22.72301,75.861476
585,585923,398.97,-12,-12.483,1,1,0,0.0972,0.7508,CBC,0,9.3658,6.7123,6.4393,5944.22,22.72307,75.861596
586,586923,385.81,-9,-11.438,1,1,0,0.0972,0.762,CBC,0,9.3635,6.7095,6.4366,5942.76,22.722992,75.86146
587,587924,391.01,-15,-12.507,1,1,0,0.0972,0.7558,CBC,0,9.3648,6.711,6.4381,5945.09,22.72303,75.861517
588,588925,401.92,-11,-12.055,1,1,0,0.0972,0.7543,CBC,0,9.3651,6.7114,6.4384,5941.3,22.723113,75.861645
589,589927,386.73,-11,-11.738,1,1,0,0.0972,0.7549,CBC,0,9.365,6.7113,6.4383,5943.16,22.722984,75.861449
590,590930,378.57,-9,-10.917,1,1,0,0.0972,0.7486,CBC,0,9.3663,6.7129,6.4398,5941.64,22.722912,75.861386
591,591932,383.32,-11,-10.942,1,1,0,0.0972,0.7598,CBC,0,9.364,6.71,6.4371,5946.56,22.722932,75.861448
592,592933,383.39,-13,-11.559,1,1,0,0.0972,0.7545,CBC,0,9.3651,6.7114,6.4384,5942.93,22.72297,75.861437
593,593935,373.92,-10,-11.091,1,1,0,0.0972,0.7541,CBC,0,9.3652,6.7115,6.4385,5943.23,22.722871,75.861352
594,594935,377.18,-9,-10.464,1,1,0,0.0972,0.7513,CBC,0,9.3657,6.7122,6.4392,5944.61,22.722899,75.861379
595,595937,371.83,-12,-10.925,1,1,0,0.0972,0.75,CBC,0,9.366,6.7125,6.4395,5941.49,22.722824,75.861327
596,596940,377.3,-15,-12.147,1,1,0,0.0972,0.7523,CBC,0,9.3655,6.7119,6.4389,5942.05,22.722895,75.86138
597,597940,392.88,-14,-12.703,1,1,0,0.0972,0.7481,CBC,0,9.3664,6.713,6.4399,5941.37,22.723044,75.861534
598,598942,381.21,-12,-12.492,1,1,0,0.0972,0.7518,GCM,0,9.3656,6.712,6.439,5760.35,22.722907,75.861399
599,599943,379.49,-16,-13.545,1,1,0,0.0972,0.7451,CBC,0,9.367,6.7137,6.4407,5946.36,22.722896,75.86141
600,600944,372.6,-10,-12.481,1,1,0,0.0972,0.7472,CBC,0,9.3666,6.7132,6.4402,5944.27,22.722842,75.861326
601,601945,359.36,-10,-11.737,1,1,0,0.0972,0.7476,CBC,0,9.3665,6.7131,6.4401,5942.24,22.722725,75.861174
602,602948,362.69,-13,-12.116,1,1,0,0.0972,0.7464,CBC,0,9.3667,6.7134,6.4403,5947.31,22.722761,75.861231
603,603949,361.61,-12,-12.081,1,1,0,0.0972,0.7536,CBC,0,9.3653,6.7116,6.4386,5943.35,22.722739,75.861201
604,604951,359.76,-11,-11.757,1,1,0,0.0972,0.7489,CBC,0,9.3662,6.7128,6.4397,5945.38,22.722744,75.86121
605,605951,367.48,-9,-10.93,0,0.7,0,0.0972,0.7471,CBC,0,1.7985,1.5482,1.895,991.3,22.722804,75.861259
606,606951,358.44,-12,-11.251,1,0.79,0,0.0972,0.7456,CBC,0,2.4828,2.0267,3.0892,1416,22.722726,75.8612
607,607953,361.67,-10,-10.876,1,0.853,0,0.0972,0.7404,CBC,0,3.4251,2.6749,6.361,2018.28,22.722758,75.861224
608,608956,365.13,-13,-11.513,1,0.8971,0,0.0972,0.7458,CBC,0,4.7432,3.5724,6.3839,2888.73,22.722784,75.861244
609,609957,361.94,-12,-11.659,1,0.928,0,0.0972,0.7478,CBC,0,6.6098,4.8384,6.4004,4124.91,22.722736,75.861215
610,610959,351.69,-10,-11.161,1,0.9496,0,0.0972,0.7461,CBC,0,9.2649,6.6357,6.4127,5894.12,22.722688,75.861123
611,611960,344.28,-10,-10.813,1,0.9647,0,0.0972,0.7532,CBC,0,9.3459,6.6923,6.4193,5945.65,22.722592,75.861066
612,612960,354.01,-13,-11.469,1,0.9753,0,0.0972,0.7489,CBC,0,9.3526,6.6992,6.4262,5944.35,22.722693,75.861122
613,613963,346.83,-7,-10.128,0,0.6827,0,0.0972,0.7392,CBC,0,1.7099,1.4862,1.7747,938.61,22.72262,75.861087
614,614963,342.15,-11,-10.39,1,0.7779,0,0.0972,0.7434,CBC,0,2.3613,1.9427,2.8331,1337.68,22.722572,75.861023
615,615967,348.75,-10,-10.273,1,0.8445,0,0.0972,0.7401,CBC,0,3.2557,2.559,5.5347,1910.23,22.722653,75.861105
616,616969,342.29,-9,-9.891,1,0.8912,0,0.0972,0.7463,CBC,0,4.5046,3.4101,6.3805,2732.02,22.722607,75.861011
617,617970,343.13,-7,-9.024,1,0.9238,0,0.0972,0.7437,CBC,0,6.2722,4.6101,6.3991,3902.92,22.722577,75.861041
618,618972,343.14,-6,-8.117,0,0.6467,0,0.0681,0.7415,GCM,0,1.5468,1.3694,1.4319,1007.44,22.722596,75.861049
619,619974,334.57,-12,-9.282,1,0.7527,0,0.0681,0.7479,CBC,0,2.1426,1.7899,2.0913,1202.92,22.722503,75.860965
620,620977,341.77,-10,-9.497,1,0.8269,0,0.0681,0.7434,CBC,0,2.954,2.3517,3.2785,1714.84,22.722544,75.861039
621,621979,336.46,-11,-9.948,1,0.8788,0,0.0681,0.7405,CBC,0,4.0827,3.1236,6.0132,2450.59,22.722529,75.860959
622,622982,341.83,-10,-9.964,0,0.6152,0,0.0681,0.7363,CBC,0,1.4276,1.2838,1.3145,773.83,22.722563,75.861015
623,623984,331.63,-9,-9.675,1,0.7306,0,0.0681,0.7353,CBC,0,1.986,1.6817,1.9045,1103.11,22.722478,75.860938
624,624985,334.71,-10,-9.772,0,0.5114,0,0.0681,0.7447,CBC,0,1.1238,1.0592,1.029,609,22.722511,75.86096
625,625985,326.58,-8,-9.241,0,0.358,0,0.0681,0.7411,CBC,1,0.8229,0.8289,0.7607,462.38,22.722434,75.860884
626,626987,331.14,-13,-10.368,1,0.5506,0,0.0681,0.7422,GCM,0,1.2251,1.1348,1.1222,754.2,22.722517,75.860936
627,627988,322.7,-6,-9.058,0,0.3854,1,0.3476,0.7371,GCM,0,0.8696,0.8658,1.555,1079.27,22.722413,75.860863
628,628989,314.85,-9,-9.04,1,0.5698,0,0.3476,0.7268,GCM,0,1.2829,1.179,4.0911,3486.96,22.722315,75.860776
629,629991,325.99,-8,-8.728,0,0.3989,0,0.2434,0.7349,GCM,0,0.8936,0.8847,1.2133,803.65,22.722428,75.860872
630,630993,328.89,-10,-9.11,1,0.5792,0,0.2434,0.7371,GCM,0,1.309,1.1972,2.1377,1622.95,22.722436,75.860917
631,631994,313.57,-9,-9.077,0,0.4054,0,0.1703,0.7328,GCM,0,0.9058,0.8944,1.0391,679.3,22.722312,75.860735
632,632997,315.41,-9,-9.054,1,0.5838,0,0.1703,0.7287,GCM,0,1.3249,1.2097,1.6354,1171.71,22.722317,75.86077
633,633998,327.34,-7,-8.438,0,0.4087,1,0.4192,0.7305,GCM,0,0.9122,0.8995,2.2196,1673.39,22.722465,75.860903
634,634999,309.61,-8,-8.306,1,0.5861,0,0.4192,0.7339,GCM,0,1.331,1.2136,6.4411,5759.7,22.722278,75.86072
635,636002,309.13,-14,-10.014,1,0.7102,0,0.4192,0.7243,GCM,0,1.8611,1.5949,6.5118,5760.75,22.722291,75.860711
636,637004,310.36,-14,-11.21,1,0.7972,0,0.4192,0.7308,GCM,0,2.5646,2.0848,6.558,5759.86,22.722299,75.86072
637,638005,307.58,-10,-10.847,1,0.858,0,0.4192,0.7302,GCM,0,3.5367,2.7524,6.5916,5760.4,22.722282,75.860689
638,639008,313.28,-7,-9.693,1,0.9006,0,0.4192,0.7383,GCM,0,4.8993,3.6793,6.6131,5759.96,22.722306,75.860773
639,640012,313.52,-12,-10.385,1,0.9304,0,0.4192,0.7315,GCM,0,6.8325,4.9911,6.6311,5760.34,22.722317,75.860747
640,641013,310.8,-7,-9.37,0,0.6513,1,0.5935,0.7261,GCM,0,1.5692,1.387,6.6009,5761.33,22.722284,75.86072
641,642015,308.16,-11,-9.859,1,0.7559,0,0.5935,0.7382,GCM,0,2.1702,1.8103,6.6555,5759.91,22.722236,75.860706
642,643017,312.73,-13,-10.801,1,0.8291,0,0.5935,0.7312,GCM,0,2.9918,2.379,6.6974,5759.69,22.72229,75.86074
643,644020,300.23,-11,-10.861,1,0.8804,0,0.5935,0.735,GCM,0,4.1334,3.1588,6.7247,5760.08,22.722186,75.860644
644,645020,301.75,-9,-10.303,1,0.9163,0,0.5935,0.7317,GCM,0,5.7454,4.2543,6.7452,5761.43,22.72222,75.860623
645,646022,298.52,-7,-9.312,1,0.9414,0,0.5935,0.7317,GCM,0,8.033,5.8038,6.7591,5760.25,22.722204,75.860614
646,647026,289.19,-7,-8.618,0,0.659,1,0.7154,0.732,GCM,1,1.6009,1.4091,6.689,5759.39,22.722132,75.860508
647,648029,298.65,-6,-7.833,1,0.7613,0,0.7154,0.7327,GCM,0,2.2152,1.8422,6.7451,5759.54,22.722184,75.860627
648,649029,295.43,-5,-6.983,0,0.5329,0,0.7154,0.7281,CBC,0,1.1808,1.1033,6.6206,636.93,22.722178,75.860602
649,650031,281.29,-4,-6.088,0,0.373,0,0.7154,0.7316,CBC,0,0.8496,0.8508,6.5318,474.44,22.722032,75.86045
650,651033,289.41,-5,-5.762,0,0.2611,0,0.7154,0.7299,CBC,0,0.6811,0.7172,6.4707,401.7,22.722098,75.860522
651,652035,283.27,-5,-5.533,0,0.1828,0,0.7154,0.7273,CBC,0,0.581,0.6358,3.4703,364.22,22.72206,75.860495
652,653036,287.97,-8,-6.273,1,0.4279,0,0.7154,0.7328,CBC,0,0.9476,0.9266,6.5617,520,22.722088,75.860487
653,654038,286.09,-8,-6.791,1,0.5996,0,0.7154,0.7224,CBC,0,1.3769,1.2483,6.6587,742.72,22.722057,75.860491
654,655038,279.56,-6,-6.554,0,0.4197,0,0.7154,0.7255,CBC,0,0.9335,0.9164,6.559,511.6,22.722018,75.860436
655,656040,275.69,-2,-5.188,0,0.2938,0,0.7154,0.725,CBC,0,0.7279,0.7551,6.4899,421.21,22.721973,75.86037
656,657040,275.95,-5,-5.131,0,0.2057,0,0.7154,0.7281,CBC,0,0.609,0.6587,4.3101,373.74,22.721988,75.860383
657,658041,275.34,-4,-4.792,0,0.144,0,0.7154,0.7234,CBC,0,0.5357,0.5988,2.6612,349.13,22.72199,75.860385
658,659043,268.5,-7,-5.454,1,0.4008,0,0.7154,0.7248,CBC,0,0.8991,0.8899,6.5488,497.89,22.721928,75.860319
659,660046,271.6,-9,-6.518,0,0.2805,0,0.7154,0.7202,CBC,0,0.71,0.7412,6.4837,413.1,22.721924,75.860353
660,661048,262.37,-6,-6.363,0,0.1964,0,0.7154,0.7248,CBC,0,0.5981,0.6501,3.9185,370.18,22.721872,75.860276
661,662050,258.65,-7,-6.554,1,0.4375,0,0.7154,0.725,CBC,0,0.9676,0.9427,6.5689,530.3,22.721807,75.860244
662,663054,278.44,-12,-8.188,1,0.6062,0,0.7154,0.7282,CBC,0,1.3981,1.2632,6.6609,755.45,22.722012,75.860413
663,664056,261.33,-8,-8.131,0,0.4244,0,0.7154,0.7276,CBC,0,0.9419,0.9226,6.561,512.92,22.721855,75.86025
664,665059,259.53,-9,-8.392,0,0.2971,0,0.7154,0.7161,CBC,0,0.7344,0.7611,6.4938,422.58,22.721842,75.860234
665,666061,255.79,-7,-7.974,1,0.5079,0,0.7154,0.7238,CBC,0,1.1197,1.0581,6.6079,603.86,22.721803,75.860186
666,667062,255.21,-6,-7.382,0,0.3556,0,0.7154,0.7172,CBC,0,0.8238,0.8318,6.5257,460.51,22.721794,75.860181
667,668064,259.43,-9,-7.867,1,0.5489,0,0.7154,0.7244,GCM,0,1.224,1.1358,6.6303,5761.35,22.721825,75.860205
668,669067,253.7,-8,-7.907,1,0.6842,0,0.7154,0.7244,CBC,0,1.7204,1.4952,6.7047,940.15,22.721764,75.860163
669,670067,257.99,-12,-9.135,1,0.779,0,0.7154,0.72,CBC,0,2.3763,1.9556,6.7579,1345.73,22.72183,75.860189
670,671071,249.46,-5,-7.895,0,0.5453,0,0.7154,0.7225,CBC,0,1.2146,1.129,6.6288,652.81,22.72176,75.860146
671,672072,238.96,-15,-10.026,1,0.6817,0,0.7154,0.7234,CBC,0,1.7081,1.4866,6.7036,933.87,22.721658,75.860017
672,673073,251.48,-8,-9.418,1,0.7772,0,0.7154,0.7297,CBC,0,2.3573,1.9414,6.7546,1333.32,22.721755,75.860143
673,674075,248.55,-10,-9.593,1,0.844,0,0.7154,0.7199,CBC,0,3.2505,2.5577,6.7937,1905.29,22.721748,75.860097
674,675077,250.42,-10,-9.715,1,0.8908,0,0.7154,0.7217,CBC,0,4.4963,3.4073,6.819,2722.54,22.721743,75.860148
675,676078,224.21,-7,-8.9,0,0.6236,0,0.7154,0.7187,CBC,0,1.4616,1.3103,6.6728,788.95,22.721533,75.859878
676,677080,240.24,-9,-8.93,1,0.7365,0,0.7154,0.7086,CBC,0,2.0315,1.7165,6.7373,1126.69,22.721661,75.860035
677,678082,239.66,-8,-8.651,0,0.5156,0,0.7154,0.7099,CBC,0,1.1409,1.0754,6.6155,613.57,22.721664,75.860015
678,679082,228.83,-8,-8.456,1,0.6609,0,0.7154,0.7196,CBC,0,1.6118,1.4182,6.6931,875.77,22.721531,75.859948
679,680083,228.31,-9,-8.619,1,0.7626,0,0.7154,0.7121,CBC,0,2.2306,1.8552,6.7508,1251.23,22.72153,75.859942
680,681084,238.69,-11,-9.333,1,0.8338,0,0.7154,0.7178,CBC,0,3.0706,2.4346,6.7886,1787.12,22.721658,75.860013
681,682087,231.9,-12,-10.133,1,0.8837,0,0.7154,0.7109,CBC,0,4.245,3.2375,6.8177,2555.89,22.721562,75.859942
682,683088,227.74,-6,-8.893,0,0.6186,0,0.7154,0.7129,CBC,0,1.4446,1.2985,6.6714,778.05,22.721544,75.85994
683,684089,225.9,-5,-7.725,0,0.433,0,0.7154,0.7116,CBC,0,0.9616,0.9394,6.5697,524.45,22.721548,75.859891
684,685092,237.94,-9,-8.108,1,0.6031,0,0.7154,0.711,CBC,0,1.3911,1.2598,6.6634,749.35,22.721633,75.860041
685,686093,219.55,-5,-7.175,0,0.4222,0,0.7154,0.7126,CBC,0,0.9408,0.9232,6.5635,515.85,22.72145,75.859816
686,687094,225.77,-7,-7.123,0,0.2955,0,0.7154,0.7138,CBC,0,0.7327,0.7599,6.4935,420.43,22.721531,75.859934
687,688096,224.08,-8,-7.386,0,0.2069,1,0.8008,0.7067,GCM,1,0.6149,0.6654,6.5063,5759.2,22.721514,75.859891
688,689096,219.02,-3,-6.07,0,0.1448,0,0.8008,0.714,CTR,0,0.5386,0.6019,6.0007,280.36,22.721444,75.859823
689,690097,222.72,-7,-6.349,0,0.1014,0,0.8008,0.7141,CTR,0,0.4896,0.5611,3.6037,269.65,22.721496,75.859863
690,691100,213.34,-7,-6.544,0,0.071,0,0.8008,0.7149,CTR,0,0.4566,0.5332,2.8823,259.58,22.721418,75.859781
691,692104,214.45,-5,-6.081,0,0.0497,0,0.8008,0.7142,CTR,0,0.4343,0.5144,2.5481,256.26,22.721425,75.859788
692,693105,213.04,-8,-6.657,1,0.3348,0,0.8008,0.712,CTR,0,0.7918,0.8071,6.5753,361.66,22.721423,75.859772
693,694107,218.46,-6,-6.46,1,0.5343,0,0.8008,0.7092,CTR,0,1.1883,1.1108,6.6858,517.62,22.721454,75.859837
694,695109,204.16,-7,-6.622,0,0.374,0,0.8008,0.7076,CTR,0,0.8562,0.8581,6.598,385.84,22.721298,75.859675
695,696110,195.32,-9,-7.335,1,0.5618,0,0.8008,0.7078,CTR,0,1.2636,1.1667,6.7012,549.27,22.721248,75.859605
696,697112,207.75,-6,-6.935,1,0.6933,0,0.8008,0.707,CTR,0,1.7705,1.5326,6.7737,788.23,22.721357,75.859713
697,698112,206.07,-6,-6.654,0,0.4853,0,0.8008,0.6983,CTR,0,1.0727,1.0252,6.6614,470.92,22.721345,75.859721
698,699114,202.01,-5,-6.158,0,0.3397,0,0.8008,0.7079,CTR,0,0.8004,0.8142,6.579,366.47,22.721307,75.859663
699,700117,193.79,-9,-7.011,0,0.2378,0,0.8008,0.6989,CTR,0,0.6562,0.6997,6.5251,319.92,22.721228,75.859581
700,701120,199.78,-6,-6.707,0,0.1665,0,0.8008,0.7073,CTR,0,0.5654,0.6246,6.4839,291.93,22.721297,75.859648
701,702120,193.77,-6,-6.495,0,0.1165,0,0.8008,0.7022,CTR,0,0.5089,0.5781,4.1596,271.47,22.721251,75.859582
702,703123,193.39,-6,-6.347,0,0.0816,0,0.8008,0.7034,CTR,0,0.4702,0.5457,3.0953,261.52,22.7212,75.859602
703,704124,191.17,-9,-7.143,0,0.0571,0,0.8008,0.6999,CTR,0,0.4449,0.5246,2.6572,256.55,22.721216,75.859564
704,705125,178.24,-4,-6.2,0,0.04,0,0.8008,0.6973,CTR,0,0.4276,0.5101,2.4284,251.41,22.721097,75.859443
705,706126,195.78,-7,-6.44,1,0.328,0,0.8008,0.7007,CTR,0,0.7837,0.8016,6.5743,359.35,22.721293,75.859582
706,707126,189.08,-7,-6.608,1,0.5296,0,0.8008,0.7,CTR,0,1.1779,1.104,6.6854,516.29,22.721191,75.859534
707,708129,182.76,-5,-6.126,0,0.3707,0,0.5606,0.7008,GCM,0,0.852,0.8554,4.8452,4189.09,22.721121,75.859494
708,709132,176.97,-2,-4.888,0,0.2595,0,0.5606,0.6985,CTR,0,0.6853,0.7232,2.1705,324.58,22.721099,75.85942
709,710133,169.03,-5,-4.922,0,0.1816,0,0.5606,0.7024,CTR,0,0.5846,0.6409,1.6389,295.66,22.720997,75.859359
710,711135,179.68,-7,-5.545,0,0.1272,0,0.5606,0.7026,CTR,0,0.5207,0.588,1.4121,275.97,22.721084,75.859433
711,712135,175.65,-5,-5.382,0,0.089,0,0.5606,0.6904,CTR,0,0.4809,0.5557,1.2928,264.92,22.72107,75.859407
712,713136,176.15,-10,-6.767,1,0.3623,0,0.5606,0.685,CTR,0,0.8413,0.8485,4.3836,379.78,22.721087,75.859432
713,714139,174.63,-6,-6.537,1,0.5536,0,0.5606,0.694,CTR,1,1.2432,1.1531,6.5319,539.75,22.721079,75.859392
714,715140,178.22,-6,-6.376,0,0.3875,0,0.5606,0.691,CBC,0,0.8827,0.8802,6.2273,487.51,22.721109,75.859407
715,716143,156.22,-7,-6.563,0,0.2713,0,0.5606,0.6886,CBC,0,0.7035,0.7387,2.2925,406.85,22.720906,75.859215
716,717145,158.82,-2,-5.194,0,0.1899,0,0.5606,0.6963,CBC,0,0.5959,0.6507,1.6822,368.45,22.720938,75.859232
717,718145,163.69,-6,-5.436,0,0.1329,0,0.5606,0.6941,CBC,0,0.529,0.5956,1.4349,341.68,22.720963,75.859292
718,719146,159.08,-6,-5.605,0,0.093,0,0.5606,0.6911,CBC,0,0.4852,0.5592,1.3045,330.44,22.720912,75.859262
719,720148,163.49,-1,-4.224,0,0.0651,0,0.5606,0.6861,CBC,0,0.4562,0.5352,1.2278,319.99,22.720963,75.859303
720,721150,162.22,-5,-4.457,0,0.0456,0,0.5606,0.6896,CBC,0,0.435,0.517,1.1777,309.67,22.720943,75.859266
721,722152,154.42,-5,-4.62,1,0.3319,0,0.5606,0.6912,CBC,0,0.7916,0.8088,3.3002,446.88,22.720899,75.859216
722,723153,152.52,-4,-4.434,0,0.2323,0,0.5606,0.6859,CBC,0,0.6517,0.6971,1.9468,389.15,22.720907,75.859179
723,724156,141.61,-1,-3.404,0,0.1626,0,0.5606,0.6781,CBC,0,0.5668,0.6282,1.5569,354.67,22.720775,75.859071
724,725157,151.27,-5,-3.883,0,0.1138,0,0.5606,0.6872,CBC,0,0.5089,0.5794,1.3705,337.72,22.720859,75.859164
725,726157,148.02,-5,-4.218,1,0.3797,0,0.5606,0.6883,CBC,0,0.8697,0.8704,5.4891,481.37,22.720829,75.859154
726,727158,133.64,-4,-4.152,0,0.2658,0,0.5606,0.686,CBC,0,0.6965,0.7333,2.2355,406.31,22.720718,75.859028
727,728161,143.74,-4,-4.107,0,0.186,1,0.6924,0.6859,GCM,0,0.5934,0.6494,3.0014,2368.13,22.720785,75.859107
728,729164,148.95,-3,-3.775,0,0.1302,0,0.6924,0.6854,CBC,0,0.5277,0.5952,2.2183,340.54,22.720837,75.859147
729,730164,146.65,-6,-4.442,1,0.3912,0,0.6924,0.6851,CBC,0,0.8902,0.8866,6.537,487.56,22.720836,75.859125
730,731165,136.95,-3,-4.01,0,0.2738,0,0.6924,0.6894,CBC,0,0.7069,0.7414,6.4714,410.41,22.720701,75.859023
731,732167,131.84,-3,-3.707,0,0.1917,0,0.6924,0.6815,CBC,0,0.6011,0.6562,3.1215,367.93,22.720662,75.858999
732,733169,140.64,-3,-3.495,0,0.1342,0,0.6924,0.6861,CBC,0,0.5321,0.5988,2.2575,344.18,22.720758,75.859072
733,734171,128.03,-3,-3.346,0,0.0939,0,0.6924,0.6847,CBC,0,0.4874,0.5616,1.92,328.83,22.720633,75.858951
734,735173,135.22,-4,-3.542,0,0.0657,0,0.6924,0.681,CBC,1,0.4579,0.537,1.7469,315.88,22.720712,75.859005
735,736174,130.29,-4,-3.68,0,0.046,0,0.6924,0.6806,CTR,0,0.4373,0.5196,1.6455,252.03,22.720701,75.858919
736,737177,124.94,-4,-3.776,0,0.0322,0,0.6924,0.6736,CTR,0,0.4245,0.5093,1.5839,249.07,22.720589,75.858953
737,738177,125.96,-4,-3.843,0,0.0225,0,0.6924,0.6902,CTR,0,0.4113,0.4968,1.5388,246.79,22.72064,75.858919
738,739179,124.09,0,-2.69,0,0.0158,0,0.6924,0.6771,CTR,0,0.4071,0.4942,1.5146,247.71,22.720597,75.858924
739,740182,119.8,-5,-3.383,0,0.011,0,0.6924,0.6841,CTR,0,0.4009,0.4884,1.4944,245.8,22.720599,75.858852
740,741185,113.61,-3,-3.268,0,0.0077,0,0.6924,0.6758,CTR,0,0.3993,0.4876,1.4838,241.71,22.720509,75.858798
741,742185,110.24,-4,-3.488,0,0.0054,0,0.6924,0.6669,CTR,0,0.3988,0.4879,1.4772,243.38,22.720508,75.858774
742,743186,123.35,-3,-3.341,0,0.0038,0,0.6924,0.6746,CTR,0,0.3956,0.4846,1.4693,241.44,22.720606,75.858891
743,744187,103.09,1,-2.039,0,0.0027,0,0.6924,0.6801,CTR,0,0.3933,0.4822,1.4638,241.58,22.720427,75.858684
744,745187,105.05,-2,-2.027,0,0.0019,0,0.6924,0.6842,CTR,0,0.3917,0.4805,1.4599,243.7,22.720446,75.858739
745,746190,103.04,4,-0.219,0,0.0013,0,0.6924,0.6813,CTR,0,0.3917,0.4808,1.4585,240.76,22.720437,75.858717
746,747193,113.03,1,0.147,0,0.0009,0,0.6924,0.6726,CTR,0,0.3931,0.4826,1.4592,243.11,22.720537,75.858823
747,748194,104.71,2,0.703,0,0.0006,0,0.4847,0.6725,GCM,0,0.3929,0.4824,0.9307,560.02,22.720441,75.858733
748,749194,106.73,-1,0.192,0,0.0004,0,0.4847,0.6747,CTR,0,0.3922,0.4817,0.9298,241.56,22.720449,75.858744
749,750195,101.47,-6,-1.666,0,0.0003,0,0.4847,0.6692,CTR,0,0.3932,0.483,0.9309,241.18,22.720416,75.858684
750,751198,94.89,-3,-2.066,0,0.0002,0,0.4847,0.6704,CTR,0,0.3929,0.4826,0.9305,243.63,22.720355,75.858621
751,752200,93.95,-3,-2.346,0,0.0002,0,0.4847,0.6668,CTR,0,0.3935,0.4834,0.9313,243.26,22.720342,75.858609
752,753202,102.37,2,-1.042,0,0.0001,0,0.4847,0.6772,CTR,0,0.3914,0.4808,0.9287,240.62,22.720419,75.858734
753,754205,90.5,3,0.17,0,0.0001,0,0.4847,0.6692,CTR,0,0.393,0.4828,0.9305,242.58,22.720316,75.858605
754,755206,87.09,1,0.419,0,0.0001,0,0.4847,0.6747,CTR,0,0.3918,0.4814,0.9292,243.8,22.720317,75.858554
755,756209,83.42,2,0.893,0,0,0,0.4847,0.6661,CTR,0,0.3936,0.4835,0.9312,241.05,22.72025,75.858482
756,757209,98.42,1,0.925,0,0,0,0.4847,0.6774,CTR,0,0.3913,0.4807,0.9285,242.37,22.720391,75.858668
757,758210,84.75,1,0.948,0,0,0,0.4847,0.6646,CTR,0,0.3939,0.4839,0.9316,240.88,22.720274,75.858512
758,759212,92.6,0,0.663,0,0,0,0.4847,0.6637,CTR,0,0.394,0.4841,0.9318,242.35,22.720353,75.85859
759,760215,91.05,-1,0.164,0,0,0,0.4847,0.6647,CTR,0,0.3938,0.4838,0.9315,243.03,22.72032,75.858594
760,761215,93.34,2,0.715,0,0,0,0.4847,0.6655,CTR,0,0.3936,0.4836,0.9313,241.84,22.72033,75.858597
761,762216,85.48,-2,-0.099,0,0,0,0.4847,0.6679,CTR,0,0.3932,0.483,0.9307,242.28,22.720272,75.858528
762,763217,85.67,3,0.83,0,0,0,0.4847,0.6659,CTR,0,0.3936,0.4835,0.9312,241.68,22.720267,75.85855
763,764219,80.14,1,0.881,0,0,0,0.4847,0.6596,CTR,0,0.3949,0.4851,0.9328,242.93,22.720213,75.858453
764,765219,94.41,1,0.917,0,0,0,0.4847,0.6627,CTR,0,0.3942,0.4843,0.932,241.82,22.720346,75.858599
765,766223,86.43,1,0.942,0,0,0,0.4847,0.6575,CTR,0,0.3953,0.4856,0.9332,243.34,22.720263,75.858528
766,767225,87.41,-6,-1.141,0,0,0,0.4847,0.6682,CTR,0,0.3931,0.4829,0.9307,240.5,22.720286,75.858526
767,768225,85.87,-4,-1.999,0,0,0,0.3393,0.6583,GCM,0,0.3951,0.4854,0.7071,436.95,22.720277,75.858516
768,769227,88.12,0,-1.399,0,0,0,0.3393,0.6624,CTR,0,0.3943,0.4844,0.7061,241.2,22.720281,75.858548
769,770227,88.66,-1,-1.279,0,0,0,0.3393,0.6585,CTR,0,0.3951,0.4854,0.7071,241.25,22.720297,75.858567
770,771229,74.96,2,-0.295,0,0,0,0.3393,0.6651,CTR,0,0.3937,0.4837,0.7055,243.21,22.720152,75.858432
771,772230,72.07,-1,-0.507,0,0,0,0.3393,0.6625,CTR,0,0.3943,0.4844,0.7061,245.09,22.720124,75.858387
772,773232,91.6,-5,-1.855,0,0,0,0.3393,0.6606,CTR,0,0.3947,0.4849,0.7066,243.7,22.720308,75.858576
773,774233,89.3,4,-0.098,0,0,0,0.3393,0.6539,CTR,0,0.396,0.4865,0.7082,244.35,22.720278,75.858583
774,775235,78.44,4,1.131,0,0,0,0.3393,0.6614,CTR,0,0.3945,0.4847,0.7064,243.71,22.720217,75.858468
775,776238,89.41,0,0.792,0,0,0,0.3393,0.6578,CTR,0,0.3952,0.4856,0.7073,238.64,22.72031,75.858591
776,777242,76.42,3,1.454,0,0,0,0.3393,0.6622,CTR,0,0.3943,0.4845,0.7062,243.17,22.720189,75.858476
777,778246,89.59,-1,0.718,0,0,0,0.3393,0.6496,CTR,0,0.3969,0.4876,0.7092,242.92,22.720298,75.858578
778,779247,87.01,3,1.403,0,0,0,0.3393,0.6476,CTR,0,0.3973,0.4881,0.7097,240.61,22.720275,75.858565
779,780248,81.86,3,1.882,0,0,0,0.3393,0.6523,CTR,0,0.3963,0.4869,0.7086,241,22.720216,75.85849
780,781248,81.76,2,1.917,0,0,0,0.3393,0.6607,CTR,0,0.3946,0.4848,0.7066,242.27,22.720236,75.858533
781,782250,89.07,6,3.142,0,0,0,0.3393,0.6604,CTR,0,0.3947,0.4849,0.7066,244.02,22.720292,75.85859
782,783252,71.71,8,4.599,0,0,0,0.3393,0.6597,CTR,0,0.3948,0.4851,0.7068,242.39,22.720161,75.858379
783,784256,81.78,5,4.72,0,0,0,0.3393,0.6529,CTR,0,0.3962,0.4868,0.7084,244.47,22.720231,75.858504
784,785256,71.3,8,5.704,0,0,0,0.3393,0.6544,CTR,0,0.3959,0.4864,0.7081,241.96,22.720142,75.858391
785,786260,86,5,5.493,0,0,0,0.3393,0.6573,CTR,0,0.3953,0.4857,0.7074,240.64,22.720266,75.858525
786,787260,83.23,3,4.745,0,0,0,0.3393,0.648,CTR,0,0.3972,0.488,0.7096,242.46,22.720241,75.858503
787,788261,87.9,2,3.921,0,0,0,0.2375,0.6561,GCM,0,0.3956,0.486,0.5777,377.7,22.720263,75.858531
788,789264,82.9,-1,2.445,0,0,0,0.2375,0.6599,CTR,0,0.3948,0.485,0.5768,243.73,22.720266,75.858518
789,790265,70.39,7,3.811,0,0,0,0.2375,0.6499,CTR,0,0.3968,0.4875,0.5792,243.42,22.720131,75.858396
790,791266,87.46,2,3.268,0,0,0,0.2375,0.6507,CTR,0,0.3967,0.4873,0.579,240.77,22.720281,75.858551
791,792269,73.25,2,2.888,0,0,0,0.2375,0.6534,CTR,0,0.3961,0.4867,0.5783,243.15,22.720158,75.858391
792,793271,74.11,1,2.321,0,0,0,0.2375,0.6534,CTR,0,0.3961,0.4866,0.5783,241.65,22.720153,75.858446
793,794271,79.79,4,2.825,0,0,0,0.2375,0.6503,CTR,0,0.3967,0.4874,0.5791,241.09,22.72021,75.858484
794,795272,82.94,3,2.877,0,0,0,0.2375,0.6452,CTR,0,0.3978,0.4887,0.5803,242.72,22.720234,75.858525
795,796272,77.56,4,3.214,0,0,0,0.2375,0.65,CTR,0,0.3968,0.4875,0.5792,241.34,22.720166,75.858436
796,797274,77.54,5,3.75,0,0,0,0.2375,0.6547,CTR,0,0.3958,0.4863,0.578,242.12,22.720208,75.858452
797,798276,74.79,2,3.225,0,0,0,0.2375,0.6463,CTR,0,0.3975,0.4884,0.5801,240.91,22.720183,75.858439
798,799277,66.36,0,2.257,0,0,0,0.2375,0.6433,CTR,0,0.3982,0.4892,0.5808,243.21,22.720082,75.858354
799,800281,77.98,2,2.18,0,0,0,0.2375,0.6508,CTR,0,0.3966,0.4873,0.579,242.13,22.720216,75.858466
800,801284,71.09,2,2.126,0,0,0,0.2375,0.6486,CTR,0,0.3971,0.4879,0.5795,241.38,22.720145,75.858379
801,802284,68.68,0,1.488,1,0.3,0,0.2375,0.6485,CTR,0,0.7525,0.7814,0.9918,346.28,22.720129,75.858359
802,803285,71.88,-1,0.742,0,0.21,0,0.2375,0.6513,CTR,0,0.6301,0.6824,0.8393,307.89,22.720155,75.858416
803,804285,58.18,5,2.019,0,0.147,0,0.2375,0.6503,CTR,0,0.5541,0.62,0.751,281.23,22.720013,75.858248
804,805286,60.13,8,3.813,0,0.1029,0,0.2375,0.6417,CTR,0,0.506,0.5806,0.6973,267.62,22.720062,75.858299
805,806287,60.61,3,3.569,0,0.072,0,0.2375,0.6474,CTR,0,0.4714,0.5511,0.6592,259.72,22.720049,75.858291
806,807287,74.28,7,4.599,0,0.0504,0,0.2375,0.6392,CTR,0,0.4503,0.5339,0.6365,254.54,22.72015,75.858438
807,808289,78.65,2,3.819,0,0.0353,0,0.1662,0.636,GCM,0,0.4353,0.5214,0.5349,361.64,22.720211,75.858456
808,809290,76.13,4,3.873,0,0.0247,0,0.1662,0.6472,CTR,0,0.4222,0.5094,0.5216,245.93,22.720167,75.85845
809,810291,75.34,5,4.211,0,0.0173,0,0.1662,0.6424,CTR,0,0.4157,0.5042,0.5154,245.62,22.720179,75.858435
810,811294,57.23,4,4.148,0,0.0121,0,0.1662,0.6531,CTR,0,0.4083,0.4971,0.5078,245.46,22.719982,75.858241
811,812296,75.3,4,4.104,0,0.0085,0,0.1662,0.6407,CTR,0,0.4072,0.4971,0.5072,243.28,22.720164,75.85846
812,813296,61.29,2,3.472,0,0.0059,0,0.1662,0.6396,CTR,0,0.4048,0.4952,0.505,243.58,22.72006,75.858281
813,814296,66.36,5,3.931,0,0.0042,0,0.1662,0.6427,CTR,0,0.4024,0.4929,0.5025,244.46,22.720105,75.85838
814,815298,62.83,2,3.352,0,0.0029,0,0.1662,0.6415,CTR,0,0.4014,0.4921,0.5016,240.88,22.720063,75.858275
815,816301,65.97,2,2.946,0,0.002,0,0.1662,0.6362,CTR,0,0.4016,0.4927,0.502,244.25,22.720085,75.858359
816,817303,62.85,5,3.562,0,0.0014,0,0.1662,0.6351,CTR,0,0.4012,0.4924,0.5017,242.05,22.720046,75.858337
817,818305,64.03,1,2.794,0,0.001,0,0.1662,0.6317,CTR,0,0.4015,0.4929,0.5021,242.13,22.720054,75.85832
818,819307,68.43,3,2.855,0,0.0007,0,0.1662,0.639,CTR,0,0.3997,0.4908,0.5001,242.39,22.720105,75.858369
819,820307,61.13,2,2.599,0,0.0005,0,0.1662,0.6416,CTR,0,0.399,0.49,0.4992,241.85,22.720032,75.858301
820,821311,64.83,3,2.719,0,0.0003,0,0.1662,0.6397,CTR,0,0.3992,0.4904,0.4995,241.27,22.720063,75.858323
821,822312,68.9,4,3.103,0,0.0002,0,0.1662,0.6403,CTR,0,0.399,0.4901,0.4993,242.45,22.720106,75.858354
822,823316,57.75,7,4.272,0,0.0002,0,0.1662,0.6413,CTR,0,0.3987,0.4898,0.499,240.4,22.720004,75.858269
823,824316,64.01,5,4.491,0,0.0001,0,0.1662,0.6391,CTR,0,0.3991,0.4903,0.4995,240.24,22.720082,75.858332
824,825317,63.87,7,5.243,0,0.0001,0,0.1662,0.6384,CTR,0,0.3993,0.4905,0.4996,242.1,22.720081,75.858305
825,826318,67.69,2,4.27,0,0.0001,0,0.1662,0.6417,CTR,0,0.3986,0.4896,0.4988,242.59,22.720124,75.858337
826,827320,54.85,4,4.189,0,0,0,0.1662,0.6427,CTR,0,0.3983,0.4894,0.4985,244.46,22.719975,75.85822
827,828323,59.1,8,5.333,0,0,0,0.1164,0.6409,GCM,0,0.3987,0.4898,0.4444,327.07,22.720059,75.858293
828,829323,60.18,5,5.233,0,0,0,0.1164,0.6314,CTR,0,0.4006,0.4922,0.4467,243.5,22.720032,75.858307
829,830325,61.69,6,5.463,0,0,0,0.1164,0.6444,CTR,0,0.398,0.4889,0.4435,241.73,22.720044,75.85829
830,831325,51.52,6,5.624,0,0,0,0.1164,0.6383,CTR,0,0.3992,0.4904,0.445,241.35,22.719974,75.858188
831,832326,59.17,5,5.437,0,0,0,0.1164,0.6425,CTR,0,0.3983,0.4894,0.4439,239.73,22.72005,75.858254
832,833326,58.2,1,4.106,0,0,0,0.1164,0.6426,CTR,0,0.3983,0.4894,0.4439,242.54,22.720001,75.858265
833,834328,57.88,4,4.074,0,0,0,0.1164,0.6338,CTR,0,0.4001,0.4916,0.4461,241.95,22.720009,75.85827
834,835330,54.57,2,3.452,0,0,0,0.1164,0.6487,CTR,0,0.3971,0.4878,0.4424,240,22.719986,75.858235
835,836331,58.94,6,4.216,0,0,0,0.1164,0.6377,CTR,0,0.3993,0.4906,0.4451,242.21,22.720036,75.858259
836,837333,58.56,5,4.451,0,0,0,0.1164,0.6361,CTR,0,0.3996,0.491,0.4455,242.07,22.720027,75.858271
837,838334,45,5,4.616,0,0,0,0.1164,0.6365,CTR,0,0.3996,0.4909,0.4454,242.65,22.71988,75.858172
838,839337,53.89,3,4.131,0,0,0,0.1164,0.6352,CTR,0,0.3998,0.4912,0.4457,239.9,22.720009,75.858212
839,840337,48.42,8,5.292,0,0,0,0.1164,0.6333,CTR,0,0.4002,0.4917,0.4462,241.9,22.719949,75.858175
840,841339,58.78,3,4.604,0,0,0,0.1164,0.6325,CTR,0,0.4004,0.4919,0.4464,240.53,22.720043,75.85825
841,842340,50.57,8,5.623,0,0,0,0.1164,0.6325,CTR,0,0.4004,0.4919,0.4464,242.95,22.719947,75.858187
842,843344,50.89,6,5.736,0,0,0,0.1164,0.6278,CTR,0,0.4013,0.4931,0.4475,244.23,22.719988,75.858205
843,844344,59.65,3,4.915,0,0,0,0.1164,0.6348,CTR,0,0.3999,0.4913,0.4458,242.02,22.720045,75.858275
844,845344,55.39,5,4.941,0,0,0,0.1164,0.6297,CTR,0,0.4009,0.4926,0.447,240.54,22.719982,75.858231
845,846345,47,6,5.258,0,0,0,0.1164,0.6296,CTR,0,0.401,0.4926,0.4471,240.96,22.719942,75.858146
846,847347,56.09,1,3.981,0,0,0,0.1164,0.6273,CTR,0,0.4014,0.4932,0.4476,241.49,22.720008,75.858264
847,848350,50.22,5,4.287,0,0,0,0.0815,0.6324,GCM,0,0.4004,0.4919,0.4094,311.73,22.719946,75.858193
848,849351,48.93,8,5.401,0,0,0,0.0815,0.6299,CTR,0,0.4009,0.4925,0.4101,240.71,22.719943,75.858142
849,850354,44.26,7,5.88,0,0,0,0.0815,0.6266,CTR,0,0.4016,0.4933,0.4108,243.76,22.719902,75.858132
850,851355,48.15,8,6.516,0,0,0,0.0815,0.623,CTR,0,0.4023,0.4942,0.4117,240.7,22.719932,75.858163
851,852356,56.03,0,4.561,0,0,0,0.0815,0.6297,CTR,0,0.4009,0.4926,0.4101,242.25,22.720016,75.85825
852,853359,46.96,5,4.693,0,0,0,0.0815,0.6323,CTR,0,0.4004,0.4919,0.4095,241.26,22.719915,75.858152
853,854360,43.01,10,6.285,0,0,0,0.0815,0.6261,CTR,0,0.4017,0.4935,0.411,239.62,22.719891,75.858122
854,855361,46.86,7,6.5,0,0,0,0.0815,0.6248,CTR,0,0.4019,0.4938,0.4113,238.92,22.71991,75.85815
855,856362,49.34,3,5.45,0,0,0,0.0815,0.6335,CTR,0,0.4002,0.4916,0.4092,241.04,22.719938,75.858169
856,857364,51.68,8,6.215,0,0,0,0.0815,0.6242,CTR,0,0.4021,0.494,0.4114,241.54,22.719981,75.85821
857,858367,44.13,5,5.85,0,0,0,0.0815,0.6296,CTR,0,0.4009,0.4926,0.4101,243.49,22.719884,75.85813
858,859369,50.72,8,6.495,0,0,0,0.0815,0.6228,CTR,0,0.4023,0.4943,0.4118,242.96,22.719968,75.85817
859,860369,41.47,6,6.347,0,0,0,0.0815,0.6294,CTR,0,0.401,0.4926,0.4102,239.31,22.719887,75.858094
860,861372,54.44,3,5.343,0,0,0,0.0815,0.623,CTR,0,0.4023,0.4943,0.4117,241.29,22.719998,75.858232
861,862374,52.96,5,5.24,0,0,0,0.0815,0.6253,CTR,0,0.4018,0.4937,0.4112,240.72,22.719958,75.858209
862,863377,44.66,8,6.068,0,0,0,0.0815,0.6234,CTR,0,0.4022,0.4941,0.4116,240.08,22.719896,75.858143
863,864378,51.04,3,5.148,0,0,0,0.0815,0.6186,CTR,0,0.4032,0.4953,0.4128,243.19,22.719969,75.858172
864,865380,57.71,5,5.103,0,0,0,0.0815,0.6245,CTR,0,0.402,0.4939,0.4114,242.38,22.720009,75.858262
865,866385,51.65,5,5.072,0,0,0,0.0815,0.6233,CTR,0,0.4022,0.4942,0.4117,244.43,22.719944,75.858228
866,867387,45.98,11,6.851,0,0,0,0.0815,0.6228,CTR,0,0.4023,0.4943,0.4118,241.16,22.719914,75.858154
867,868390,45.3,9,7.495,0,0,0,0.057,0.6193,GCM,0,0.4031,0.4952,0.3873,302.63,22.719913,75.858138
868,869390,41.52,12,8.847,0,0,0,0.057,0.6189,CTR,0,0.4031,0.4953,0.3874,241.62,22.719891,75.858104
869,870392,46.69,6,7.993,0,0,0,0.057,0.6194,CTR,0,0.403,0.4952,0.3873,240.17,22.719909,75.858152
870,871395,46.46,6,7.395,0,0,0,0.057,0.6187,CTR,0,0.4032,0.4953,0.3875,240.7,22.719941,75.858167
871,872395,44.67,4,6.376,0,0,0,0.057,0.6083,CTR,0,0.4053,0.4979,0.39,241.91,22.71989,75.858136
872,873396,52.29,4,5.664,0,0,0,0.057,0.612,CTR,0,0.4045,0.497,0.3891,242.12,22.719971,75.858224
873,874397,43.13,3,4.864,0,0,0,0.057,0.6191,CTR,0,0.4031,0.4952,0.3874,241.4,22.719887,75.858104
874,875397,26.8,10,6.405,0,0,0,0.057,0.6196,CTR,0,0.403,0.4951,0.3873,243.05,22.719729,75.857969
875,876400,47.42,6,6.284,0,0,0,0.057,0.6142,CTR,0,0.4041,0.4965,0.3886,242.36,22.719931,75.858164
876,877400,54.25,2,4.999,0,0,0,0.057,0.6122,CTR,0,0.4045,0.497,0.389,242.62,22.720023,75.858216
877,878401,36.06,7,5.599,0,0,0,0.057,0.6138,CTR,0,0.4042,0.4965,0.3886,241.74,22.719818,75.858055
878,879402,36.25,6,5.719,0,0,0,0.057,0.6212,CTR,0,0.4027,0.4947,0.3869,240.92,22.719813,75.858085
879,880404,33.76,9,6.703,0,0,0,0.057,0.6108,CTR,0,0.4048,0.4973,0.3894,243.24,22.71983,75.858017
880,881404,41.36,5,6.192,0,0,0,0.057,0.6125,CTR,0,0.4044,0.4969,0.389,242.68,22.719889,75.858094
881,882406,37.29,9,7.035,0,0,0,0.057,0.6108,CTR,0,0.4048,0.4973,0.3894,244.57,22.71983,75.858049
882,883406,42.61,4,6.124,0,0,0,0.057,0.6049,CTR,0,0.406,0.4988,0.3908,241.49,22.719866,75.858109
883,884407,45.21,3,5.187,0,0,0,0.057,0.6066,CTR,0,0.4056,0.4983,0.3904,242.36,22.719914,75.858122
884,885409,34.93,7,5.731,0,0,0,0.057,0.6076,CTR,0,0.4054,0.4981,0.3902,241.1,22.719838,75.858055
885,886411,33.08,12,7.612,0,0,0,0.057,0.6113,CTR,0,0.4047,0.4972,0.3893,242.1,22.719797,75.858025
886,887412,40.38,7,7.428,0,0,0,0.057,0.6119,CTR,0,0.4046,0.497,0.3891,241.28,22.719896,75.858082
887,888415,41.5,3,6.1,0,0,0,0.0399,0.6119,GCM,1,0.4045,0.497,0.3716,300.73,22.719886,75.858085
888,889416,40.31,6,6.07,0,0,0,0.0279,0.6073,GCM,0,0.4055,0.4982,0.3606,298.6,22.719864,75.858088
889,890418,41.24,4,5.449,0,0,0,0.0196,0.61,GCM,0,0.4049,0.4975,0.3516,291.71,22.719884,75.858116
890,891418,33.47,6,5.614,0,0,0,0.0137,0.6208,GCM,0,0.4028,0.4948,0.3431,292.29,22.719819,75.85804
891,892419,27.28,12,7.53,0,0,0,0.0096,0.6176,GCM,0,0.4034,0.4956,0.3398,289.47,22.719726,75.85795
892,893419,30.04,12,8.871,0,0,0,0.0067,0.6103,GCM,0,0.4049,0.4974,0.3387,290.91,22.719765,75.858017
893,894421,36.13,11,9.51,0,0,0,0.0047,0.6036,GCM,0,0.4063,0.4991,0.3383,289.83,22.719804,75.858053
894,895422,26.71,8,9.057,0,0,0,0.0033,0.6029,GCM,0,0.4064,0.4993,0.337,290.03,22.71975,75.857964
895,896422,24.62,10,9.34,0,0,0,0.0023,0.61,GCM,0,0.4049,0.4975,0.3344,289.21,22.719748,75.857948
896,897423,24.04,8,8.938,0,0,0,0.0016,0.6082,GCM,0,0.4053,0.4979,0.3341,286.24,22.719713,75.857916
897,898424,23.27,10,9.256,0,0,0,0.0011,0.6013,GCM,0,0.4067,0.4997,0.3353,287.2,22.719708,75.857947
898,899425,33.37,9,9.18,0,0,0,0.0008,0.6013,GCM,0,0.4067,0.4997,0.335,289.47,22.719801,75.858066
899,900426,33.4,6,8.226,0,0,0,0.0006,0.6015,GCM,0,0.4067,0.4996,0.3347,286.26,22.719795,75.858004
900,901427,26.66,6,7.558,0,0,0,0.0004,0.6011,GCM,0,0.4068,0.4997,0.3346,289.15,22.719745,75.857928
