timestamp_ms,seq,mode,snr,per_radio,per_auth,battery,latency_ms,ack_received,retries,auth_success,mode_switch,cost,cal_cost
12418,12,CTR,6.75,0,0,100,418,1,0,1,0,0.38,0.32
13418,13,GCM,6.83,0,0,99.6097561,418,1,0,1,0,0.38,0.380927
14418,14,GCM,6.88,0,0,99.2195122,418,1,0,1,0,0.38,0.381854
15418,15,GCM,6.91,0,0,98.82926829,418,1,0,1,0,0.38,0.38278
16418,16,CTR,6.64,0,0,98.43902439,418,1,0,1,0,0.38,0.323122
17418,17,GCM,7.05,0,0,98.04878049,418,1,0,1,0,0.38,0.384634
18418,18,GCM,7.33,0,0,97.65853659,418,1,0,1,0,0.38,0.385561
19418,19,GCM,7.53,0,0,97.26829268,418,1,0,1,0,0.38,0.386488
20418,20,GCM,7.67,0,0,96.87804878,418,1,0,1,0,0.38,0.387415
21418,21,GCM,7.47,0,0,96.48780488,418,1,0,1,1,0.32,0.388341
22418,22,GCM,7.63,0,0,96.09756098,418,1,0,1,0,0.32,0.389268
23418,23,GCM,7.74,0,0,95.70731707,418,1,0,1,0,0.32,0.390195
24418,24,GCM,7.82,0,0,95.31707317,418,1,0,1,0,0.32,0.391122
25418,25,GCM,7.87,0,0,94.92682927,418,1,0,1,0,0.32,0.392049
26418,26,GCM,7.91,0,0,94.53658537,418,1,0,1,0,0.32,0.392976
27418,27,GCM,7.94,0,0,94.14634146,418,1,0,1,0,0.32,0.393902
28418,28,GCM,7.96,0,0,93.75609756,418,1,0,1,0,0.32,0.394829
29418,29,GCM,7.97,0,0,93.36585366,418,1,0,1,0,0.32,0.395756
30418,30,GCM,7.98,0,0,92.97560976,418,1,0,1,0,0.32,0.396683
31418,31,GCM,7.99,0,0,92.58536585,418,1,0,1,0,0.32,0.39761
32418,32,GCM,7.99,0,0,92.19512195,418,1,0,1,0,0.32,0.398537
33418,33,GCM,7.99,0,0,91.80487805,418,1,0,1,0,0.32,0.399463
34418,34,GCM,7.99,0,0,91.41463415,418,1,0,1,0,0.32,0.40039
35418,35,GCM,8,0,0,91.02439024,418,1,0,1,0,0.32,0.401317
36418,36,GCM,8,0,0,90.63414634,418,1,0,1,0,0.32,0.402244
37418,37,GCM,7.7,0,0,90.24390244,418,1,0,1,0,0.32,0.403171
38418,38,CTR,6.29,0,0,89.85365854,418,1,0,1,0,0.32,0.340293
39418,39,CTR,4.4,0,0,89.46341463,418,1,0,1,0,0.32,0.341073
40418,40,CTR,3.98,0,0,89.07317073,418,1,0,1,0,0.32,0.341854
41418,41,CTR,4.89,0,0,88.68292683,418,1,0,1,0,0.32,0.342634
42418,42,CTR,5.82,0,0,88.29268293,418,1,0,1,0,0.32,0.343415
43418,43,CTR,6.17,0,0,87.90243902,418,1,0,1,0,0.32,0.344195
44418,44,CTR,6.12,0,0,87.51219512,418,1,0,1,0,0.32,0.344976
45418,45,CTR,5.79,0,0,87.12195122,418,1,0,1,0,0.32,0.345756
46418,46,CTR,5.25,0,0,86.73170732,418,1,0,1,0,0.32,0.346537
47418,47,CTR,4.87,0,0,86.34146341,418,1,0,1,0,0.32,0.347317
48418,48,CTR,4.31,0,0,85.95121951,418,1,0,1,0,0.32,0.348098
49418,49,CTR,4.52,0,0,85.56097561,418,1,0,1,0,0.32,0.348878
50418,50,CTR,5.56,0,0,85.17073171,418,1,0,1,0,0.32,0.349659
51418,51,CTR,5.99,0,0,84.7804878,418,1,0,1,0,0.32,0.350439
52418,52,CTR,6,0,0,84.3902439,418,1,0,1,0,0.32,0.35122
53418,53,CTR,6.6,0,0,84,418,1,0,1,0,0.32,0.352
54418,54,CTR,5.52,0,0,83.6097561,418,1,0,1,0,0.32,0.35278
55418,55,CTR,5.36,0,0,83.2195122,418,1,0,1,0,0.32,0.353561
56418,56,CTR,5.85,0,0,82.82926829,418,1,0,1,0,0.32,0.354341
57418,57,GCM,6.8,0,0,82.43902439,418,1,0,1,0,0.32,0.421707
58418,58,GCM,7.76,0,0,82.04878049,418,1,0,1,0,0.32,0.422634
59418,59,GCM,8.43,0,0,81.65853659,418,1,0,1,0,0.32,0.423561
60418,60,GCM,8.9,0,0,81.26829268,418,1,0,1,0,0.32,0.424488
61418,61,GCM,9.23,0,0,80.87804878,418,1,0,1,0,0.32,0.425415
62418,62,GCM,9.46,0,0,80.48780488,418,1,0,1,0,0.32,0.426341
63418,63,GCM,9.62,0,0,80.09756098,418,1,0,1,0,0.32,0.427268
64418,64,GCM,9.74,0,0,79.70731707,418,1,0,1,0,0.32,0.428195
65418,65,GCM,9.82,0,0,79.31707317,418,1,0,1,0,0.32,0.429122
66418,66,GCM,9.87,0,0,78.92682927,418,1,0,1,0,0.32,0.430049
67418,67,GCM,9.91,0,0,78.53658537,418,1,0,1,0,0.32,0.430976
68418,68,GCM,9.94,0,0,78.14634146,418,1,0,1,0,0.32,0.431902
69418,69,GCM,9.96,0,0,77.75609756,418,1,0,1,0,0.32,0.432829
70418,70,GCM,9.97,0,0,77.36585366,418,1,0,1,0,0.32,0.433756
71418,71,GCM,10.28,0,0,76.97560976,418,1,0,1,0,0.32,0.434683
72418,72,GCM,10.19,0,0,76.58536585,418,1,0,1,0,0.32,0.43561
73418,73,GCM,10.14,0,0,76.19512195,418,1,0,1,0,0.32,0.436537
74418,74,GCM,10.1,0,0,75.80487805,418,1,0,1,0,0.32,0.437463
75418,75,GCM,10.07,0,0,75.41463415,418,1,0,1,0,0.32,0.43839
76418,76,GCM,10.05,0,0,75.02439024,418,1,0,1,0,0.32,0.439317
77418,77,GCM,10.03,0,0,74.63414634,418,1,0,1,0,0.32,0.440244
78418,78,GCM,10.32,0,0,74.24390244,418,1,0,1,0,0.32,0.441171
79418,79,GCM,10.23,0,0,73.85365854,418,1,0,1,0,0.32,0.442098
80418,80,GCM,10.16,0,0,73.46341463,418,1,0,1,0,0.32,0.443024
81418,81,GCM,10.11,0,0,73.07317073,418,1,0,1,0,0.32,0.443951
82418,82,GCM,10.08,0,0,72.68292683,418,1,0,1,0,0.32,0.444878
83418,83,GCM,10.05,0,0,72.29268293,418,1,0,1,0,0.32,0.445805
84418,84,GCM,10.04,0,0,71.90243902,418,1,0,1,0,0.32,0.446732
85418,85,GCM,10.03,0,0,71.51219512,418,1,0,1,0,0.32,0.447659
86418,86,GCM,10.02,0,0,71.12195122,418,1,0,1,0,0.32,0.448585
87418,87,GCM,10.01,0,0,70.73170732,418,1,0,1,0,0.32,0.449512
88418,88,GCM,10.01,0,0,70.34146341,418,1,0,1,0,0.32,0.450439
89418,89,GCM,10.01,0,0,69.95121951,418,1,0,1,0,0.32,0.451366
90418,90,GCM,9.4,0,0,69.56097561,418,1,0,1,0,0.32,0.452293
91418,91,GCM,8.08,0,0,69.17073171,418,1,0,1,0,0.32,0.45322
92418,92,GCM,6.86,0,0,68.7804878,418,1,0,1,0,0.32,0.454146
93418,93,CTR,3.9,0,0,68.3902439,418,1,0,1,0,0.32,0.38322
94418,94,CBC,0.63,0,0,68,418,1,0,1,0,0.32,0.48
95418,95,CBC,-1.66,0,0,67.6097561,418,1,0,1,0,0.32,0.480976
96418,96,CBC,-0.86,0,0,67.2195122,418,1,0,1,0,0.32,0.481951
97418,97,CBC,0,0,0,66.82926829,418,1,0,1,0,0.32,0.482927
98418,98,CBC,0,0,0,66.43902439,418,1,0,1,0,0.32,0.483902
99418,99,CBC,0,0,0,66.04878049,418,1,0,1,0,0.32,0.484878
100418,100,CBC,0,0,0,65.65853659,418,1,0,1,0,0.32,0.485854
101418,101,CBC,0,0,0,65.26829268,418,1,0,1,0,0.32,0.486829
102418,102,CBC,0,0,0,64.87804878,418,1,0,1,0,0.32,0.487805
103418,103,CBC,0,0,0,64.48780488,418,1,0,1,0,0.32,0.48878
104418,104,CBC,0,0,0,64.09756098,418,1,0,1,0,0.32,0.489756
105418,105,CBC,0,0,0,63.70731707,418,1,0,1,0,0.32,0.490732
106418,106,CBC,0,0,0,63.31707317,418,1,0,1,0,0.32,0.491707
107418,107,CBC,0,0,0,62.92682927,418,1,0,1,0,0.32,0.492683
108418,108,CBC,0,0,0,62.53658537,418,1,0,1,0,0.32,0.493659
109418,109,CBC,0,0,0,62.14634146,418,1,0,1,0,0.32,0.494634
110418,110,CBC,0,0,0,61.75609756,418,1,0,1,0,0.32,0.49561
111418,111,CBC,0.3,0,0,61.36585366,418,1,0,1,0,0.32,0.496585
112418,112,CBC,1.71,0,0,60.97560976,418,1,0,1,0,0.32,0.497561
113418,113,CBC,2.1,0,0,60.58536585,418,1,0,1,0,0.32,0.498537
114418,114,CBC,2.07,0,0,60.19512195,418,1,0,1,0,0.32,0.499512
115418,115,CBC,2.35,0,0,59.80487805,418,1,0,1,0,0.32,0.500488
116418,116,CBC,2.84,0,0,59.41463415,418,1,0,1,0,0.32,0.501463
117418,117,CBC,3.19,0,0,59.02439024,418,1,0,1,0,0.32,0.502439
118418,118,CBC,3.43,0,0,58.63414634,418,1,0,1,0,0.32,0.503415
119418,119,CTR,3.9,0,0,58.24390244,418,1,0,1,0,0.32,0.403512
120418,120,CTR,4.23,0,0,57.85365854,418,1,0,1,0,0.32,0.404293
121418,121,CTR,4.76,0,0,57.46341463,418,1,0,1,0,0.32,0.405073
122418,122,CTR,4.83,0,0,57.07317073,418,1,0,1,0,0.32,0.405854
123418,123,CTR,4.88,0,0,56.68292683,418,1,0,1,0,0.32,0.406634
124418,124,CTR,4.62,0,0,56.29268293,418,1,0,1,0,0.32,0.407415
125418,125,CTR,4.43,0,0,55.90243902,418,1,0,1,0,0.32,0.408195
126418,126,CTR,4.9,0,0,55.51219512,418,1,0,1,0,0.32,0.408976
127418,127,CTR,4.93,0,0,55.12195122,418,1,0,1,0,0.32,0.409756
128418,128,CTR,4.35,0,0,54.73170732,418,1,0,1,0,0.32,0.410537
129418,129,CTR,3.95,0,0,54.34146341,418,1,0,1,0,0.32,0.411317
130418,130,CTR,4.56,0,0,53.95121951,418,1,0,1,0,0.32,0.412098
131418,131,CTR,4.09,0,0,53.56097561,418,1,0,1,0,0.32,0.412878
132418,132,CBC,3.47,0,0,53.17073171,418,1,0,1,0,0.32,0.517073
133418,133,CBC,2.43,0,0,52.7804878,418,1,0,1,0,0.32,0.518049
134418,134,CBC,1.7,0,0,52.3902439,418,1,0,1,0,0.32,0.519024
135418,135,CBC,1.19,0,0,52,418,1,0,1,0,0.32,0.52
136418,136,CBC,1.13,0,0,51.6097561,418,1,0,1,0,0.32,0.520976
137418,137,CBC,1.09,0,0,51.2195122,418,1,0,1,0,0.32,0.521951
138418,138,CBC,1.06,0,0,50.82926829,418,1,0,1,0,0.32,0.522927
139418,139,CBC,0.75,0,0,50.43902439,418,1,0,1,0,0.32,0.523902
140418,140,CBC,1.12,0,0,50.04878049,418,1,0,1,0,0.32,0.524878
141418,141,CBC,1.69,0,0,49.65853659,418,1,0,1,0,0.32,0.525854
142418,142,CBC,2.08,0,0,49.26829268,418,1,0,1,0,0.32,0.526829
143418,143,CBC,1.76,0,0,48.87804878,418,1,0,1,0,0.32,0.527805
144418,144,CBC,1.53,0,0,48.48780488,418,1,0,1,0,0.32,0.52878
145418,145,CBC,1.37,0,0,48.09756098,418,1,0,1,0,0.32,0.529756
146418,146,CBC,0.36,0,0,47.70731707,418,1,0,1,0,0.32,0.530732
147418,147,CBC,-0.65,0,0,47.31707317,418,1,0,1,0,0.32,0.531707
148418,148,CBC,-1.95,0,0,46.92682927,418,1,0,1,0,0.32,0.532683
149418,149,CBC,-2.57,0,0,46.53658537,418,1,0,1,0,0.32,0.533659
150418,150,CBC,-3,0,0,46.14634146,418,1,0,1,0,0.32,0.534634
151418,151,CBC,-3,0,0,45.75609756,418,1,0,1,0,0.32,0.53561
152418,152,CBC,-3.3,0,0,45.36585366,418,1,0,1,0,0.32,0.536585
153418,153,CBC,-3.81,0,0,44.97560976,418,1,0,1,0,0.32,0.537561
154418,154,CBC,-3.87,0,0,44.58536585,418,1,0,1,0,0.32,0.538537
155418,155,CBC,-5.11,0,0,44.19512195,418,1,0,1,0,0.32,0.539512
156418,156,CBC,-4.77,0,0,43.80487805,418,1,0,1,0,0.32,0.540488
157418,157,CBC,-3.64,0,0,43.41463415,418,1,0,1,0,0.32,0.541463
158418,158,CBC,-2.85,0,0,43.02439024,418,1,0,1,0,0.32,0.542439
159418,159,CBC,-1.09,0,0,42.63414634,418,1,0,1,0,0.32,0.543415
160418,160,CBC,1.03,0,0,42.24390244,418,1,0,1,0,0.32,0.54439
161418,161,CBC,2.52,0,0,41.85365854,418,1,0,1,0,0.32,0.545366
162418,162,CBC,3.27,0,0,41.46341463,418,1,0,1,0,0.32,0.546341
163418,163,CTR,3.79,0,0,41.07317073,418,1,0,1,0,0.32,0.437854
164418,164,CTR,4.15,0,0,40.68292683,418,1,0,1,0,0.32,0.438634
165418,165,CBC,2.91,0,0,40.29268293,418,1,0,1,0,0.32,0.549268
166418,166,CBC,3.23,0,0,39.90243902,418,1,0,1,0,0.32,0.550244
167418,167,CBC,3.16,0,0,39.51219512,418,1,0,1,0,0.32,0.55122
168418,168,CBC,3.41,0,0,39.12195122,418,1,0,1,0,0.32,0.552195
169418,169,CBC,3.29,0,0,38.73170732,418,1,0,1,0,0.32,0.553171
170418,170,CTR,3.5,0,0,38.34146341,418,1,0,1,0,0.32,0.443317
171418,171,CTR,3.65,0,0,37.95121951,418,1,0,1,0,0.32,0.444098
172418,172,CTR,3.76,0,0,37.56097561,418,1,0,1,0,0.32,0.444878
173418,173,CTR,3.83,0,0,37.17073171,418,1,0,1,0,0.32,0.445659
174418,174,CTR,3.88,0,0,36.7804878,418,1,0,1,0,0.32,0.446439
175418,175,CTR,3.92,0,0,36.3902439,418,1,0,1,0,0.32,0.44722
176418,176,CTR,3.94,0,0,36,418,1,0,1,0,0.32,0.448
177418,177,CTR,3.96,0,0,35.6097561,418,1,0,1,0,0.32,0.44878
178418,178,CTR,3.97,0,0,35.2195122,418,1,0,1,0,0.32,0.449561
179418,179,CTR,3.98,0,0,34.82926829,418,1,0,1,0,0.32,0.450341
180418,180,CTR,3.99,0,0,34.43902439,418,1,0,1,0,0.32,0.451122
181418,181,CTR,3.99,0,0,34.04878049,418,1,0,1,0,0.32,0.451902
182418,182,CTR,3.99,0,0,33.65853659,418,1,0,1,0,0.32,0.452683
183418,183,CTR,4,0,0,33.26829268,418,1,0,1,0,0.32,0.453463
184418,184,CTR,4,0,0,32.87804878,418,1,0,1,0,0.32,0.454244
185418,185,CTR,4,0,0,32.48780488,418,1,0,1,0,0.32,0.455024
186418,186,CTR,4,0,0,32.09756098,418,1,0,1,0,0.32,0.455805
187418,187,CTR,4,0,0,31.70731707,418,1,0,1,0,0.32,0.456585
188418,188,CTR,4,0,0,31.31707317,418,1,0,1,0,0.32,0.457366
189418,189,CTR,4,0,0,30.92682927,418,1,0,1,0,0.32,0.458146
190418,190,CTR,4,0,0,30.53658537,418,1,0,1,0,0.32,0.458927
191418,191,CTR,4,0,0,30.14634146,418,1,0,1,0,0.32,0.459707
192418,192,CTR,3.7,0,0,29.75609756,418,1,0,1,0,0.32,0.460488
193418,193,CTR,3.79,0,0,29.36585366,418,1,0,1,0,0.32,0.461268
194418,194,CTR,3.55,0,0,28.97560976,418,1,0,1,0,0.32,0.462049
195418,195,CBC,3.39,0,0,28.58536585,418,1,0,1,0,0.32,0.578537
196418,196,CTR,3.87,0,0,28.19512195,418,1,0,1,0,0.32,0.46361
197418,197,CTR,3.91,0,0,27.80487805,418,1,0,1,0,0.32,0.46439
198418,198,CTR,3.94,0,0,27.41463415,418,1,0,1,0,0.32,0.465171
199418,199,CTR,4.26,0,0,27.02439024,418,1,0,1,0,0.32,0.465951
200418,200,CBC,3.28,0,0,26.63414634,418,1,0,1,0,0.32,0.583415
201418,201,CTR,3.5,0,0,26.24390244,418,1,0,1,0,0.32,0.467512
202418,202,CBC,2.75,0,0,25.85365854,418,1,0,1,0,0.32,0.585366
204518,203,CBC,2.75,0,0,25.46341463,1518,0,1,0,0,0.32,0.586341
206036,204,CBC,2.75,0,0,25.07317073,1518,0,2,0,0,0.32,0.587317
207554,205,CBC,2.75,0,0,24.68292683,1518,0,3,0,0,0.32,0.588293
209072,206,CBC,2.75,0,0,24.29268293,1518,0,4,0,0,0.32,0.589268
210590,207,CBC,2.75,0,0,23.90243902,1518,0,5,0,0,0.32,0.590244
212108,208,CBC,2.75,0,0,23.51219512,1518,0,6,0,0,0.32,0.59122
213626,209,CBC,2.75,0,0,23.12195122,1518,0,7,0,0,0.32,0.592195
214044,210,CBC,3.42,0.0105,0,22.73170732,418,1,7,1,0,0.32,0.602129
215044,211,CBC,3.3,0.0168,0,22.34146341,418,1,7,1,0,0.328,0.608512
216044,212,CBC,3.21,0.0211,0,21.95121951,418,1,7,1,0,0.333,0.613193
217044,213,CBC,2.54,0.0241,0,21.56097561,418,1,7,1,0,0.337,0.616761
218044,214,CBC,1.78,0.0263,0,21.17073171,418,1,7,1,0,0.339,0.619641
219044,215,CBC,0.05,0.0278,0,20.7804878,418,1,7,1,0,0.341,0.621917
220044,216,CBC,-0.87,0.0288,0,20.3902439,418,1,7,1,0,0.342,0.623761
221044,217,CBC,-1.21,0.0295,0,20,418,1,7,1,0,0.343,0.625344
