Sequence,Mode,Temperature,Pressure,Latitude,Longitude,SNR,PER,AuthFail,Policy,PerRadio,PerAuth,Battery,SelectedMode,Cost,Energy_per_packet_J
0,2,25.33,1013.71,22.719591,75.857731,10,0.012,0.0009,BestEffort,0.011,0.0009,1,GCM,0.39,0.01663360324
1,2,25.78,1011.69,22.719683,75.857738,10,0.012,0.0008,BestEffort,0.011,0.0008,0.9988,GCM,0.3902,0.01663360324
2,2,25.96,1014.38,22.719545,75.857687,10,0.012,0.0009,BestEffort,0.011,0.0009,0.9975,GCM,0.3906,0.01663360324
3,2,25.65,1014.66,22.719629,75.857576,10,0.012,0.0007,BestEffort,0.011,0.0007,0.9963,GCM,0.3907,0.01663360324
4,2,25.5,1010.32,22.719616,75.85765,10,0.012,0.001,BestEffort,0.011,0.001,0.9951,GCM,0.3912,0.01663360324
5,2,25.83,1011.3,22.719557,75.857762,9,0.012,0.0008,BestEffort,0.011,0.0008,0.9938,GCM,0.3914,0.01663360324
6,2,25.84,1013.44,22.719609,75.857561,10,0.012,0.0006,BestEffort,0.01,0.0006,0.9926,GCM,0.3906,0.01663360324
7,2,26.21,1012.78,22.719661,75.857683,9,0.02,0.0009,BestEffort,0.021,0.0009,0.9914,GCM,0.4005,0.01676938776
8,2,25.75,1013.22,22.719584,75.857641,9,0.02,0.0007,BestEffort,0.02,0.0007,0.9902,GCM,0.3997,0.01676938776
9,2,25.45,1011.97,22.719515,75.85774,7,0.02,0.0006,BestEffort,0.02,0.0006,0.9889,GCM,0.4,0.01676938776
10,2,25.62,1014.57,22.719599,75.857666,9,0.02,0.0006,BestEffort,0.02,0.0006,0.9877,GCM,0.4002,0.01676938776
11,2,25.31,1014.42,22.719555,75.85772,8,0.02,0.0008,BestEffort,0.02,0.0008,0.9865,GCM,0.4007,0.01676938776
12,2,26.11,1013.35,22.719583,75.857728,2,0.02,0.035,BestEffort,0.02,0.035,0.9852,GCM,0.4304,0.01676938776
13,2,25.4,1014.94,22.719596,75.857792,5,0.02,0.0105,BestEffort,0.019,0.0105,0.984,GCM,0.4087,0.01676938776
14,2,26.12,1013.95,22.719515,75.85769,6,0.02,0.0006,BestEffort,0.019,0.0006,0.9828,GCM,0.4006,0.01676938776
15,2,25.93,1011.96,22.719519,75.857719,-3,0.02,0.0988,BestEffort,0.019,0.0988,0.9815,GCM,0.4872,0.01676938776
16,2,25.88,1013.8,22.719624,75.857626,7,0.02,0.0007,BestEffort,0.019,0.0007,0.9803,GCM,0.4012,0.01676938776
17,2,25.7,1011.81,22.719574,75.85776,5,0.02,0.0095,BestEffort,0.019,0.0095,0.9791,GCM,0.409,0.01676938776
18,2,25.57,1014.57,22.719472,75.857662,0,0.02,0.0494,BestEffort,0.019,0.0494,0.9778,GCM,0.4438,0.01676938776
19,2,26.02,1013.18,22.719639,75.857672,4,0.02,0.0182,BestEffort,0.018,0.0182,0.9766,GCM,0.4162,0.01676938776
20,0,26.22,1012.97,22.719614,75.857699,-4,0.02,0.1265,BestEffort,0.018,0.1265,0.9754,CTR,0.3392,0.01676938776
21,0,26.12,1012.23,22.719564,75.857622,0,0.02,0.0473,BestEffort,0.018,0.0473,0.9742,CTR,0.3395,0.01676938776
22,0,25.4,1015.08,22.719534,75.857711,2,0.02,0.0355,BestEffort,0.018,0.0355,0.9729,CTR,0.3397,0.01676938776
23,0,26.22,1013.02,22.719642,75.857748,2,0.02,0.0302,BestEffort,0.018,0.0302,0.9717,CTR,0.34,0.01676938776
24,0,26.11,1012.61,22.719617,75.857715,7,0.016,0.0005,BestEffort,0.018,0.0005,0.9705,CTR,0.3402,0.01670121951
25,0,25.38,1012.72,22.719719,75.857621,5,0.016,0.0132,BestEffort,0.017,0.0132,0.9692,CTR,0.3397,0.01670121951
26,0,25.87,1014.05,22.719621,75.857694,9,0.016,0.0007,BestEffort,0.017,0.0007,0.968,CTR,0.3399,0.01670121951
27,0,25.58,1013.8,22.719619,75.857737,2,0.027,0.0343,BestEffort,0.026,0.0343,0.9668,CTR,0.3473,0.01689003083
28,0,25.72,1013.87,22.719592,75.857606,7,0.023,0.0009,BestEffort,0.025,0.0009,0.9655,CTR,0.3468,0.01682088025
29,0,26.09,1013.9,22.719641,75.857646,7,0.023,0.0007,BestEffort,0.025,0.0007,0.9643,CTR,0.347,0.01682088025
30,0,25.66,1016.46,22.719631,75.857744,-3,0.023,0.0997,BestEffort,0.025,0.0997,0.9631,CTR,0.3473,0.01682088025
31,0,25.5,1012.64,22.719663,75.857714,3,0.023,0.0244,BestEffort,0.025,0.0244,0.9618,CTR,0.3475,0.01682088025
32,0,26.2,1012.48,22.719574,75.857721,4,0.023,0.0174,BestEffort,0.025,0.0174,0.9606,CTR,0.3478,0.01682088025
33,0,25.56,1012.03,22.719578,75.857793,-7,0.031,0.17,BestEffort,0.033,0.17,0.9594,CTR,0.3545,0.01695975232
34,0,25.39,1014.17,22.719576,75.857723,1,0.047,0.0405,BestEffort,0.048,0.0405,0.9582,CTR,0.3669,0.01724449108
35,0,26.27,1014.94,22.71964,75.857733,2,0.047,0.0324,BestEffort,0.048,0.0324,0.9569,CTR,0.3671,0.01724449108
36,0,25.92,1013.08,22.719675,75.857836,0,0.047,0.0473,BestEffort,0.048,0.0473,0.9557,CTR,0.3674,0.01724449108
37,0,26.24,1011.99,22.719577,75.857689,0,0.047,0.0508,BestEffort,0.047,0.0508,0.9545,CTR,0.3668,0.01724449108
38,0,26.06,1012.01,22.719579,75.85766,4,0.047,0.0191,BestEffort,0.047,0.0191,0.9532,CTR,0.367,0.01724449108
39,0,25.93,1014.23,22.719616,75.857721,5,0.047,0.0105,BestEffort,0.047,0.0105,0.952,CTR,0.3673,0.01724449108
40,0,25.34,1014.36,22.719588,75.857722,-2,0.047,0.0888,BestEffort,0.046,0.0888,0.9508,CTR,0.3667,0.01724449108
41,0,25.88,1014.06,22.719648,75.857674,6,0.047,0.0009,BestEffort,0.046,0.0009,0.9495,CTR,0.367,0.01724449108
42,0,25.3,1012.25,22.719487,75.857648,8,0.047,0.0006,BestEffort,0.045,0.0006,0.9483,CTR,0.3664,0.01724449108
43,2,26.27,1013.6,22.719559,75.857815,7,0.047,0.0009,BestEffort,0.045,0.0009,0.9471,GCM,0.4315,0.01724449108
44,2,26.27,1013.43,22.719561,75.857716,8,0.043,0.0008,BestEffort,0.045,0.0008,0.9458,GCM,0.4317,0.01717241379
45,2,26.09,1013.58,22.719484,75.857663,9,0.043,0.001,BestEffort,0.044,0.001,0.9446,GCM,0.4313,0.01717241379
46,2,26.23,1014.56,22.719552,75.857746,9,0.043,0.001,BestEffort,0.044,0.001,0.9434,GCM,0.4316,0.01717241379
47,2,26.29,1013.59,22.719554,75.857695,9,0.043,0.0005,BestEffort,0.044,0.0005,0.9422,GCM,0.4315,0.01717241379
48,2,26.18,1014.27,22.71959,75.857687,8,0.043,0.0007,BestEffort,0.043,0.0007,0.9409,GCM,0.4311,0.01717241379
49,2,25.49,1013.35,22.719656,75.857728,9,0.043,0.0008,BestEffort,0.043,0.0008,0.9397,GCM,0.4315,0.01717241379
50,2,26.03,1013.68,22.719588,75.857635,9,0.043,0.0006,BestEffort,0.043,0.0006,0.9385,GCM,0.4316,0.01717241379
51,2,25.93,1014.2,22.719548,75.857718,11,0.043,0.0007,BestEffort,0.043,0.0007,0.9372,GCM,0.432,0.01717241379
52,2,25.85,1011.06,22.719597,75.857796,10,0.043,0.001,BestEffort,0.042,0.001,0.936,GCM,0.4317,0.01717241379
53,2,25.6,1012.77,22.719652,75.857723,9,0.043,0.0005,BestEffort,0.042,0.0005,0.9348,GCM,0.4315,0.01717241379
54,2,26.05,1012.54,22.719551,75.857681,9,0.043,0.0007,BestEffort,0.042,0.0007,0.9335,GCM,0.432,0.01717241379
55,2,25.94,1012.29,22.719554,75.857675,8,0.043,0.0009,BestEffort,0.041,0.0009,0.9323,GCM,0.4316,0.01717241379
56,2,25.94,1012.84,22.719628,75.857679,9,0.039,0.0007,BestEffort,0.041,0.0007,0.9311,GCM,0.4317,0.01710093652
57,2,26.29,1015.49,22.719589,75.857687,9,0.039,0.0007,BestEffort,0.041,0.0007,0.9298,GCM,0.432,0.01710093652
58,2,26.09,1011.95,22.719632,75.857681,9,0.047,0.001,BestEffort,0.047,0.001,0.9286,GCM,0.4377,0.01724449108
59,2,25.93,1014.7,22.719599,75.857746,10,0.047,0.0007,BestEffort,0.047,0.0007,0.9274,GCM,0.4378,0.01724449108
60,2,25.61,1010.73,22.719635,75.857613,9,0.047,0.0006,BestEffort,0.047,0.0006,0.9262,GCM,0.438,0.01724449108
61,2,26.05,1012.75,22.719548,75.857743,9,0.047,0.0005,BestEffort,0.046,0.0005,0.9249,GCM,0.4373,0.01724449108
62,2,25.82,1013.49,22.719599,75.857681,10,0.047,0.001,BestEffort,0.046,0.001,0.9237,GCM,0.438,0.01724449108
63,2,25.49,1014.13,22.719589,75.857719,10,0.047,0.0006,BestEffort,0.046,0.0006,0.9225,GCM,0.438,0.01724449108
64,2,26.13,1014.32,22.719539,75.857644,9,0.047,0.0008,BestEffort,0.045,0.0008,0.9212,GCM,0.4376,0.01724449108
65,2,25.33,1014.44,22.719522,75.857766,9,0.047,0.0005,BestEffort,0.045,0.0005,0.92,GCM,0.4376,0.01724449108
66,2,25.43,1012.73,22.719634,75.857762,9,0.043,0.0007,BestEffort,0.045,0.0007,0.9188,GCM,0.4381,0.01717241379
67,2,26.21,1012.56,22.719582,75.857748,9,0.043,0.001,BestEffort,0.045,0.001,0.9175,GCM,0.4386,0.01717241379
68,2,26.1,1014.54,22.719549,75.857624,9,0.043,0.0008,BestEffort,0.044,0.0008,0.9163,GCM,0.4379,0.01717241379
69,2,25.87,1012.96,22.719595,75.857741,9,0.043,0.001,BestEffort,0.044,0.001,0.9151,GCM,0.4383,0.01717241379
70,2,25.52,1011.34,22.719656,75.85772,10,0.043,0.0006,BestEffort,0.044,0.0006,0.9138,GCM,0.4383,0.01717241379
71,2,25.73,1011.55,22.719486,75.85762,9,0.043,0.0008,BestEffort,0.043,0.0008,0.9126,GCM,0.4379,0.01717241379
72,2,26.13,1011.87,22.719525,75.857699,9,0.043,0.0009,BestEffort,0.043,0.0009,0.9114,GCM,0.4383,0.01717241379
73,2,25.82,1014,22.719554,75.857718,9,0.043,0.0007,BestEffort,0.043,0.0007,0.9102,GCM,0.4384,0.01717241379
74,2,25.66,1013.46,22.719673,75.857728,9,0.043,0.0006,BestEffort,0.043,0.0006,0.9089,GCM,0.4386,0.01717241379
75,2,25.91,1014.29,22.719614,75.857709,9,0.043,0.0009,BestEffort,0.042,0.0009,0.9077,GCM,0.4383,0.01717241379
76,2,26.16,1012.61,22.719638,75.857715,9,0.043,0.0007,BestEffort,0.042,0.0007,0.9065,GCM,0.4384,0.01717241379
77,2,25.41,1013.49,22.719543,75.857774,9,0.043,0.0008,BestEffort,0.042,0.0008,0.9052,GCM,0.4388,0.01717241379
78,2,26.18,1014.19,22.719544,75.857761,9,0.043,0.001,BestEffort,0.042,0.001,0.904,GCM,0.4393,0.01717241379
79,2,25.42,1012.79,22.719622,75.857557,9,0.043,0.0006,BestEffort,0.041,0.0006,0.9028,GCM,0.4383,0.01717241379
80,2,25.58,1013.94,22.719603,75.857684,10,0.043,0.0007,BestEffort,0.041,0.0007,0.9015,GCM,0.4387,0.01717241379
81,2,25.83,1012.26,22.719627,75.857692,9,0.039,0.0005,BestEffort,0.041,0.0005,0.9003,GCM,0.4388,0.01710093652
82,2,26.1,1012.71,22.719591,75.857612,10,0.039,0.0007,BestEffort,0.041,0.0007,0.8991,GCM,0.4393,0.01710093652
83,2,26.01,1012.68,22.719614,75.857705,9,0.039,0.0006,BestEffort,0.04,0.0006,0.8978,GCM,0.4387,0.01710093652
84,2,25.94,1011.46,22.719608,75.857762,9,0.039,0.0008,BestEffort,0.04,0.0008,0.8966,GCM,0.4391,0.01710093652
85,2,25.94,1013.98,22.719639,75.857646,10,0.039,0.0006,BestEffort,0.04,0.0006,0.8954,GCM,0.4392,0.01710093652
86,2,25.75,1012.55,22.71964,75.857717,9,0.039,0.0008,BestEffort,0.04,0.0008,0.8942,GCM,0.4397,0.01710093652
87,2,25.96,1013.27,22.719519,75.857654,9,0.039,0.0006,BestEffort,0.04,0.0006,0.8929,GCM,0.4398,0.01710093652
88,2,26.07,1013.97,22.719488,75.857666,9,0.039,0.0007,BestEffort,0.039,0.0007,0.8917,GCM,0.4393,0.01710093652
89,2,25.88,1013.92,22.71965,75.857774,10,0.039,0.0007,BestEffort,0.039,0.0007,0.8905,GCM,0.4396,0.01710093652
90,2,26.11,1014.25,22.719659,75.857673,9,0.039,0.0009,BestEffort,0.039,0.0009,0.8892,GCM,0.4401,0.01710093652
91,2,25.47,1013.1,22.719549,75.857723,9,0.039,0.0007,BestEffort,0.039,0.0007,0.888,GCM,0.4402,0.01710093652
92,2,25.66,1012.62,22.719507,75.857606,9,0.039,0.0007,BestEffort,0.038,0.0007,0.8868,GCM,0.4396,0.01710093652
93,2,25.77,1013.13,22.719605,75.857793,10,0.039,0.0009,BestEffort,0.038,0.0009,0.8855,GCM,0.4401,0.01710093652
94,2,25.51,1010.72,22.719647,75.85773,9,0.039,0.0008,BestEffort,0.038,0.0008,0.8843,GCM,0.4403,0.01710093652
95,2,25.63,1011.08,22.71969,75.857691,9,0.039,0.0006,BestEffort,0.038,0.0006,0.8831,GCM,0.4404,0.01710093652
96,2,26.05,1011.27,22.719626,75.857729,10,0.039,0.001,BestEffort,0.038,0.001,0.8818,GCM,0.4411,0.01710093652
97,2,25.98,1011.75,22.719581,75.85763,9,0.039,0.0007,BestEffort,0.037,0.0007,0.8806,GCM,0.4403,0.01710093652
98,2,25.37,1013.85,22.719555,75.857759,10,0.035,0.0005,BestEffort,0.037,0.0005,0.8794,GCM,0.4404,0.01703005181
99,2,26.1,1011.89,22.719601,75.857684,9,0.035,0.0007,BestEffort,0.037,0.0007,0.8782,GCM,0.4408,0.01703005181
100,2,25.47,1012.68,22.719585,75.85769,9,0.035,0.0006,BestEffort,0.037,0.0006,0.8769,GCM,0.4411,0.01703005181
101,2,25.82,1015.2,22.719549,75.857675,9,0.035,0.0006,BestEffort,0.037,0.0006,0.8757,GCM,0.4413,0.01703005181
102,2,25.55,1012.72,22.719702,75.857671,9,0.035,0.0009,BestEffort,0.036,0.0009,0.8745,GCM,0.441,0.01703005181
103,2,25.82,1014.36,22.719689,75.857735,9,0.035,0.0006,BestEffort,0.036,0.0006,0.8732,GCM,0.4411,0.01703005181
104,2,26.21,1011.85,22.719657,75.857713,9,0.035,0.0009,BestEffort,0.036,0.0009,0.872,GCM,0.4416,0.01703005181
105,2,25.33,1012.94,22.719554,75.857733,10,0.035,0.001,BestEffort,0.036,0.001,0.8708,GCM,0.442,0.01703005181
106,2,26.02,1011.82,22.719643,75.8577,7,0.035,0.0008,BestEffort,0.036,0.0008,0.8695,GCM,0.4421,0.01703005181
107,2,25.38,1012.74,22.719632,75.857726,10,0.035,0.0009,BestEffort,0.036,0.0009,0.8683,GCM,0.4425,0.01703005181
108,2,26.22,1014.51,22.719622,75.857679,9,0.035,0.0009,BestEffort,0.035,0.0009,0.8671,GCM,0.4419,0.01703005181
109,2,25.81,1010.66,22.719662,75.857811,10,0.035,0.001,BestEffort,0.035,0.001,0.8658,GCM,0.4423,0.01703005181
110,2,26.21,1013.9,22.719632,75.857622,9,0.035,0.0007,BestEffort,0.035,0.0007,0.8646,GCM,0.4423,0.01703005181
111,2,25.3,1013.61,22.719637,75.857763,9,0.035,0.0006,BestEffort,0.035,0.0006,0.8634,GCM,0.4425,0.01703005181
112,2,26.29,1012.36,22.719632,75.857768,9,0.035,0.0008,BestEffort,0.035,0.0008,0.8622,GCM,0.443,0.01703005181
113,2,26.18,1011.08,22.719617,75.857657,9,0.035,0.0008,BestEffort,0.034,0.0008,0.8609,GCM,0.4425,0.01703005181
114,2,25.73,1013.36,22.719511,75.857811,9,0.035,0.0006,BestEffort,0.034,0.0006,0.8597,GCM,0.4426,0.01703005181
115,2,25.95,1012.46,22.719604,75.85775,9,0.035,0.0008,BestEffort,0.034,0.0008,0.8585,GCM,0.443,0.01703005181
116,2,25.44,1013.6,22.719572,75.857749,9,0.035,0.0005,BestEffort,0.034,0.0005,0.8572,GCM,0.4431,0.01703005181
117,2,26.28,1013.28,22.719536,75.857701,9,0.035,0.001,BestEffort,0.034,0.001,0.856,GCM,0.4438,0.01703005181
118,2,25.42,1015.65,22.719684,75.857689,9,0.035,0.0006,BestEffort,0.034,0.0006,0.8548,GCM,0.4437,0.01703005181
119,2,25.84,1012.89,22.719686,75.85769,9,0.035,0.0005,BestEffort,0.033,0.0005,0.8535,GCM,0.4431,0.01703005181
120,2,25.77,1011.71,22.719668,75.85772,9,0.035,0.0006,BestEffort,0.033,0.0006,0.8523,GCM,0.4435,0.01703005181
121,2,26.09,1013.52,22.719613,75.85777,9,0.031,0.0006,BestEffort,0.033,0.0006,0.8511,GCM,0.4438,0.01695975232
122,2,26.04,1013.58,22.719668,75.857709,10,0.031,0.0006,BestEffort,0.033,0.0006,0.8498,GCM,0.4441,0.01695975232
123,2,25.93,1015.29,22.719601,75.857654,9,0.031,0.0005,BestEffort,0.033,0.0005,0.8486,GCM,0.4443,0.01695975232
124,2,25.69,1014.5,22.71961,75.857741,10,0.031,0.0006,BestEffort,0.033,0.0006,0.8474,GCM,0.4446,0.01695975232
125,2,26.01,1013.79,22.719545,75.857746,8,0.031,0.0006,BestEffort,0.033,0.0006,0.8462,GCM,0.4449,0.01695975232
126,2,25.63,1015.44,22.71962,75.857733,9,0.031,0.0007,BestEffort,0.032,0.0007,0.8449,GCM,0.4445,0.01695975232
127,2,25.98,1011.47,22.719603,75.857737,9,0.031,0.0007,BestEffort,0.032,0.0007,0.8437,GCM,0.4447,0.01695975232
128,2,25.59,1012.29,22.719535,75.857686,9,0.031,0.0007,BestEffort,0.032,0.0007,0.8425,GCM,0.445,0.01695975232
129,2,25.57,1011.86,22.719597,75.857654,9,0.031,0.0007,BestEffort,0.032,0.0007,0.8412,GCM,0.4453,0.01695975232
130,2,25.52,1012.67,22.719596,75.857657,10,0.031,0.0005,BestEffort,0.032,0.0005,0.84,GCM,0.4454,0.01695975232
131,2,26.06,1011.18,22.71969,75.857618,9,0.031,0.0005,BestEffort,0.032,0.0005,0.8388,GCM,0.4457,0.01695975232
132,2,26.2,1014.2,22.719645,75.857712,9,0.031,0.0006,BestEffort,0.032,0.0006,0.8375,GCM,0.4461,0.01695975232
133,2,25.3,1012.92,22.719601,75.857696,7,0.031,0.0009,BestEffort,0.031,0.0009,0.8363,GCM,0.4458,0.01695975232
134,2,25.73,1011.04,22.719612,75.857678,1,0.031,0.044,BestEffort,0.031,0.044,0.8351,GCM,0.4835,0.01695975232
135,2,25.48,1011.73,22.719602,75.857552,8,0.031,0.001,BestEffort,0.031,0.001,0.8338,GCM,0.4465,0.01695975232
136,2,25.38,1013.72,22.71959,75.857638,2,0.031,0.0338,BestEffort,0.031,0.0338,0.8326,GCM,0.4751,0.01695975232
137,2,26.24,1014.51,22.719546,75.857756,8,0.031,0.0008,BestEffort,0.031,0.0008,0.8314,GCM,0.4469,0.01695975232
138,2,26.01,1016.25,22.719592,75.857667,8,0.031,0.0007,BestEffort,0.031,0.0007,0.8302,GCM,0.4471,0.01695975232
139,2,25.71,1017.62,22.719563,75.857718,7,0.031,0.0009,BestEffort,0.031,0.0009,0.8289,GCM,0.4476,0.01695975232
140,2,25.55,1013.87,22.719537,75.85763,7,0.031,0.0009,BestEffort,0.03,0.0009,0.8277,GCM,0.447,0.01695975232
141,2,26.15,1011.77,22.719626,75.857772,5,0.031,0.0113,BestEffort,0.03,0.0113,0.8265,GCM,0.4562,0.01695975232
142,2,25.66,1010.05,22.71962,75.857693,7,0.031,0.0009,BestEffort,0.03,0.0009,0.8252,GCM,0.4476,0.01695975232
143,2,25.63,1013.65,22.719511,75.857715,5,0.031,0.0116,BestEffort,0.03,0.0116,0.824,GCM,0.4571,0.01695975232
144,2,25.32,1012.03,22.719594,75.857816,7,0.031,0.0009,BestEffort,0.03,0.0009,0.8228,GCM,0.4482,0.01695975232
145,2,25.7,1012.63,22.71965,75.857776,7,0.031,0.0009,BestEffort,0.03,0.0009,0.8215,GCM,0.4485,0.01695975232
146,2,25.7,1012.33,22.719653,75.857685,5,0.031,0.0117,BestEffort,0.03,0.0117,0.8203,GCM,0.458,0.01695975232
147,2,26.21,1013.04,22.719651,75.85767,5,0.031,0.0084,BestEffort,0.03,0.0084,0.8191,GCM,0.4555,0.01695975232
148,2,25.95,1014.85,22.719602,75.857684,6,0.031,0.0005,BestEffort,0.029,0.0005,0.8178,GCM,0.4482,0.01695975232
149,2,26.22,1013.49,22.719558,75.857725,7,0.027,0.001,BestEffort,0.029,0.001,0.8166,GCM,0.4489,0.01689003083
150,2,25.79,1013.01,22.719546,75.857695,5,0.027,0.0105,BestEffort,0.029,0.0105,0.8154,GCM,0.4573,0.01689003083
151,2,25.76,1011.7,22.719617,75.85768,5,0.027,0.0066,BestEffort,0.029,0.0066,0.8142,GCM,0.4542,0.01689003083
152,2,25.53,1010.74,22.719619,75.857773,4,0.027,0.0166,BestEffort,0.029,0.0166,0.8129,GCM,0.4631,0.01689003083
153,0,25.69,1012.52,22.719664,75.857694,4,0.027,0.0195,BestEffort,0.029,0.0195,0.8117,CTR,0.3808,0.01689003083
154,0,25.7,1013.17,22.719655,75.857815,3,0.027,0.0254,BestEffort,0.029,0.0254,0.8105,CTR,0.381,0.01689003083
155,0,25.62,1015.9,22.719593,75.857705,2,0.027,0.033,BestEffort,0.029,0.033,0.8092,CTR,0.3813,0.01689003083
156,0,25.99,1013.45,22.719538,75.857789,3,0.027,0.0288,BestEffort,0.028,0.0288,0.808,CTR,0.3807,0.01689003083
157,0,26.05,1014.72,22.719584,75.857718,0,0.027,0.0479,BestEffort,0.028,0.0479,0.8068,CTR,0.381,0.01689003083
158,0,25.87,1012.5,22.719611,75.857748,-1,0.027,0.063,BestEffort,0.028,0.063,0.8055,CTR,0.3812,0.01689003083
159,0,26.19,1011.47,22.71959,75.857664,-2,0.027,0.0851,BestEffort,0.028,0.0851,0.8043,CTR,0.3815,0.01689003083
160,0,25.49,1011.8,22.719571,75.857657,0,0.027,0.0508,BestEffort,0.028,0.0508,0.8031,CTR,0.3817,0.01689003083
161,0,25.78,1012.16,22.719613,75.857723,2,0.027,0.035,BestEffort,0.028,0.035,0.8018,CTR,0.382,0.01689003083
162,0,25.57,1016.44,22.719575,75.857749,1,0.027,0.0438,BestEffort,0.028,0.0438,0.8006,CTR,0.3822,0.01689003083
163,0,25.31,1012.02,22.719569,75.857702,1,0.027,0.0424,BestEffort,0.028,0.0424,0.7994,CTR,0.3824,0.01689003083
164,0,25.68,1014.51,22.719616,75.857636,0,0.027,0.051,BestEffort,0.028,0.051,0.7982,CTR,0.3827,0.01689003083
165,0,25.72,1011.9,22.71958,75.857632,0,0.027,0.0495,BestEffort,0.027,0.0495,0.7969,CTR,0.3821,0.01689003083
166,0,26.03,1014.65,22.719612,75.857629,-1,0.027,0.0673,BestEffort,0.027,0.0673,0.7957,CTR,0.3824,0.01689003083
167,0,26.26,1013.83,22.719614,75.857612,-1,0.027,0.0675,BestEffort,0.027,0.0675,0.7945,CTR,0.3826,0.01689003083
168,0,26.05,1013.02,22.719543,75.857705,-1,0.027,0.0681,BestEffort,0.027,0.0681,0.7932,CTR,0.3829,0.01689003083
169,0,26.12,1013.19,22.719576,75.857756,0,0.027,0.0515,BestEffort,0.027,0.0515,0.792,CTR,0.3831,0.01689003083
170,0,25.37,1012.27,22.719672,75.857699,-2,0.027,0.0868,BestEffort,0.027,0.0868,0.7908,CTR,0.3833,0.01689003083
171,0,25.73,1013.92,22.719542,75.857587,-4,0.027,0.1182,BestEffort,0.027,0.1182,0.7895,CTR,0.3836,0.01689003083
172,0,25.91,1012.57,22.719494,75.85769,-3,0.027,0.097,BestEffort,0.027,0.097,0.7883,CTR,0.3838,0.01689003083
173,0,25.51,1011.41,22.719507,75.857692,-2,0.027,0.0843,BestEffort,0.027,0.0843,0.7871,CTR,0.3841,0.01689003083
174,0,25.3,1011.33,22.719601,75.857805,-8,0.027,0.1859,BestEffort,0.027,0.1859,0.7858,CTR,0.3843,0.01689003083
175,0,26.17,1013.51,22.719602,75.857627,-4,0.027,0.119,BestEffort,0.026,0.119,0.7846,CTR,0.3838,0.01689003083
176,0,26.15,1015.62,22.719594,75.85768,-6,0.031,0.163,BestEffort,0.03,0.163,0.7834,CTR,0.3872,0.01695975232
177,0,26.08,1013.49,22.719661,75.857785,-5,0.031,0.1324,BestEffort,0.03,0.1324,0.7822,CTR,0.3875,0.01695975232
178,0,25.45,1013.07,22.719466,75.857722,-6,0.031,0.1541,BestEffort,0.03,0.1541,0.7809,CTR,0.3877,0.01695975232
179,0,25.59,1013.68,22.71962,75.857728,-6,0.031,0.1573,BestEffort,0.03,0.1573,0.7797,CTR,0.388,0.01695975232
180,0,26.24,1015.21,22.719678,75.857706,-5,0.031,0.1355,BestEffort,0.03,0.1355,0.7785,CTR,0.3882,0.01695975232
181,0,25.92,1013.58,22.719544,75.857716,-4,0.031,0.1297,BestEffort,0.03,0.1297,0.7772,CTR,0.3885,0.01695975232
182,0,25.96,1012.63,22.719581,75.857739,-6,0.031,0.1501,BestEffort,0.029,0.1501,0.776,CTR,0.3879,0.01695975232
183,0,25.85,1014.91,22.719562,75.85766,-5,0.027,0.1366,BestEffort,0.029,0.1366,0.7748,CTR,0.3882,0.01689003083
184,0,25.8,1013.89,22.719555,75.857744,-6,0.027,0.148,BestEffort,0.029,0.148,0.7735,CTR,0.3884,0.01689003083
185,0,25.35,1015.55,22.719584,75.857631,-4,0.027,0.1162,BestEffort,0.029,0.1162,0.7723,CTR,0.3887,0.01689003083
186,0,25.72,1013.52,22.719671,75.857716,-5,0.027,0.1362,BestEffort,0.029,0.1362,0.7711,CTR,0.3889,0.01689003083
187,0,25.95,1011.41,22.719692,75.857709,-5,0.027,0.1392,BestEffort,0.029,0.1392,0.7698,CTR,0.3892,0.01689003083
188,0,26.12,1011.2,22.719583,75.857669,-5,0.027,0.1366,BestEffort,0.029,0.1366,0.7686,CTR,0.3894,0.01689003083
189,0,25.98,1015.73,22.719695,75.857699,-5,0.027,0.1413,BestEffort,0.029,0.1413,0.7674,CTR,0.3896,0.01689003083
190,0,25.62,1015.84,22.719602,75.857669,-5,0.027,0.1345,BestEffort,0.029,0.1345,0.7662,CTR,0.3899,0.01689003083
191,0,25.63,1012.98,22.719688,75.857646,-1,0.027,0.0653,BestEffort,0.028,0.0653,0.7649,CTR,0.3893,0.01689003083
192,0,25.78,1012.68,22.719595,75.857682,-1,0.031,0.0805,BestEffort,0.032,0.0805,0.7637,CTR,0.3928,0.01695975232
193,0,25.51,1015.44,22.719607,75.857645,-2,0.031,0.086,BestEffort,0.032,0.086,0.7625,CTR,0.393,0.01695975232
194,0,25.98,1011.59,22.719618,75.857716,-3,0.031,0.0974,BestEffort,0.032,0.0974,0.7612,CTR,0.3933,0.01695975232
195,0,25.48,1011.91,22.719759,75.857642,-3,0.031,0.0975,BestEffort,0.032,0.0975,0.76,CTR,0.3935,0.01695975232
196,0,25.64,1014.21,22.719643,75.857736,-5,0.031,0.1303,BestEffort,0.031,0.1303,0.7588,CTR,0.393,0.01695975232
197,0,25.56,1012.66,22.719565,75.857641,-4,0.031,0.1227,BestEffort,0.031,0.1227,0.7575,CTR,0.3932,0.01695975232
198,0,25.95,1013.24,22.719648,75.857672,-7,0.031,0.1672,BestEffort,0.031,0.1672,0.7563,CTR,0.3935,0.01695975232
199,0,25.75,1013,22.719582,75.857669,-5,0.031,0.1356,BestEffort,0.031,0.1356,0.7551,CTR,0.3937,0.01695975232
200,0,26,1013.76,22.719576,75.857766,-5,0.031,0.1347,BestEffort,0.031,0.1347,0.7538,CTR,0.394,0.01695975232
201,0,25.33,1015.36,22.719645,75.857717,-5,0.031,0.1387,BestEffort,0.031,0.1387,0.7526,CTR,0.3942,0.01695975232
202,0,25.33,1013.39,22.719602,75.857689,-5,0.031,0.1308,BestEffort,0.031,0.1308,0.7514,CTR,0.3944,0.01695975232
203,0,26.16,1014.22,22.719614,75.857725,-8,0.031,0.1806,BestEffort,0.031,0.1806,0.7502,CTR,0.3947,0.01695975232
204,0,26.28,1010.17,22.719601,75.857595,-8,0.031,0.1871,BestEffort,0.031,0.1871,0.7489,CTR,0.3949,0.01695975232
205,0,25.8,1013.18,22.719617,75.857698,-7,0.031,0.172,BestEffort,0.031,0.172,0.7477,CTR,0.3952,0.01695975232
206,0,25.92,1011.99,22.719621,75.8578,-6,0.031,0.1537,BestEffort,0.03,0.1537,0.7465,CTR,0.3946,0.01695975232
207,0,25.49,1011.42,22.719503,75.857707,-7,0.035,0.165,BestEffort,0.034,0.165,0.7452,CTR,0.3981,0.01703005181
208,0,25.98,1011.93,22.719633,75.857703,-4,0.035,0.1214,BestEffort,0.034,0.1214,0.744,CTR,0.3983,0.01703005181
209,0,25.98,1012.75,22.719551,75.857727,-8,0.035,0.1823,BestEffort,0.033,0.1823,0.7428,CTR,0.3978,0.01703005181
210,0,25.65,1014.62,22.719528,75.857745,-2,0.035,0.0814,BestEffort,0.033,0.0814,0.7415,CTR,0.398,0.01703005181
211,0,26.24,1011.26,22.719597,75.8576,-1,0.031,0.0623,BestEffort,0.033,0.0623,0.7403,CTR,0.3983,0.01695975232
212,0,25.43,1013.3,22.719604,75.857616,1,0.031,0.0446,BestEffort,0.033,0.0446,0.7391,CTR,0.3985,0.01695975232
213,0,26.19,1012.52,22.719565,75.857711,-2,0.031,0.0872,BestEffort,0.033,0.0872,0.7378,CTR,0.3988,0.01695975232
214,0,25.89,1012.76,22.719642,75.857664,-1,0.031,0.07,BestEffort,0.033,0.07,0.7366,CTR,0.399,0.01695975232
215,0,25.63,1014.75,22.719533,75.857766,-2,0.031,0.0902,BestEffort,0.033,0.0902,0.7354,CTR,0.3993,0.01695975232
216,0,25.7,1014.06,22.71958,75.857684,0,0.031,0.0556,BestEffort,0.033,0.0556,0.7342,CTR,0.3995,0.01695975232
217,0,26.16,1015.26,22.719571,75.857603,0,0.031,0.0466,BestEffort,0.033,0.0466,0.7329,CTR,0.3998,0.01695975232
218,0,25.55,1013.02,22.719598,75.857637,0,0.031,0.0485,BestEffort,0.032,0.0485,0.7317,CTR,0.3992,0.01695975232
219,0,25.47,1012.21,22.719614,75.857563,1,0.031,0.0408,BestEffort,0.032,0.0408,0.7305,CTR,0.3994,0.01695975232
220,0,25.59,1012.91,22.71955,75.857688,3,0.031,0.0243,BestEffort,0.032,0.0243,0.7292,CTR,0.3997,0.01695975232
221,0,25.73,1013.61,22.719636,75.857691,3,0.031,0.0238,BestEffort,0.032,0.0238,0.728,CTR,0.3999,0.01695975232
222,0,25.58,1013.51,22.719603,75.857679,4,0.031,0.0174,BestEffort,0.032,0.0174,0.7268,CTR,0.4002,0.01695975232
223,0,25.99,1011.62,22.719505,75.857754,4,0.031,0.0156,BestEffort,0.032,0.0156,0.7255,CTR,0.4004,0.01695975232
224,0,26.07,1013.39,22.719502,75.85776,5,0.031,0.0107,BestEffort,0.032,0.0107,0.7243,CTR,0.4007,0.01695975232
225,0,25.93,1013.59,22.719599,75.857691,6,0.031,0.0006,BestEffort,0.032,0.0006,0.7231,CTR,0.4009,0.01695975232
226,0,25.97,1017.03,22.719589,75.857593,6,0.031,0.0009,BestEffort,0.032,0.0009,0.7218,CTR,0.4012,0.01695975232
227,0,26.29,1016.07,22.719595,75.857731,4,0.031,0.019,BestEffort,0.032,0.019,0.7206,CTR,0.4014,0.01695975232
228,0,25.4,1011.97,22.719599,75.857728,5,0.031,0.0112,BestEffort,0.031,0.0112,0.7194,CTR,0.4008,0.01695975232
229,0,25.99,1012.82,22.719611,75.857715,-4,0.031,0.1161,BestEffort,0.031,0.1161,0.7182,CTR,0.4011,0.01695975232
230,0,25.67,1011.05,22.719647,75.857749,-2,0.031,0.0946,BestEffort,0.031,0.0946,0.7169,CTR,0.4013,0.01695975232
231,0,25.98,1012.36,22.719544,75.857642,7,0.031,0.0008,BestEffort,0.031,0.0008,0.7157,CTR,0.4016,0.01695975232
232,0,26.28,1013.72,22.719541,75.8578,4,0.031,0.0143,BestEffort,0.031,0.0143,0.7145,CTR,0.4018,0.01695975232
233,0,25.98,1015.06,22.719545,75.857652,3,0.031,0.024,BestEffort,0.031,0.024,0.7132,CTR,0.4021,0.01695975232
234,0,26.06,1012.16,22.719614,75.857737,4,0.031,0.0145,BestEffort,0.031,0.0145,0.712,CTR,0.4023,0.01695975232
235,0,25.77,1012.27,22.719662,75.857616,7,0.031,0.0009,BestEffort,0.031,0.0009,0.7108,CTR,0.4026,0.01695975232
236,2,25.4,1010.03,22.719578,75.857653,7,0.031,0.0006,BestEffort,0.031,0.0006,0.7095,GCM,0.4757,0.01695975232
237,2,25.77,1013.01,22.719475,75.857776,8,0.031,0.0007,BestEffort,0.031,0.0007,0.7083,GCM,0.476,0.01695975232
238,2,26.05,1011.66,22.719515,75.857687,9,0.031,0.0007,BestEffort,0.03,0.0007,0.7071,GCM,0.4755,0.01695975232
239,2,25.34,1012.46,22.719558,75.857742,9,0.031,0.0008,BestEffort,0.03,0.0008,0.7058,GCM,0.4759,0.01695975232
240,2,25.77,1011.93,22.719572,75.857712,8,0.031,0.0006,BestEffort,0.03,0.0006,0.7046,GCM,0.476,0.01695975232
241,2,25.99,1013.11,22.71958,75.857695,6,0.031,0.0005,BestEffort,0.03,0.0005,0.7034,GCM,0.4762,0.01695975232
242,2,25.44,1010.61,22.719602,75.857768,4,0.031,0.016,BestEffort,0.03,0.016,0.7022,GCM,0.4898,0.01695975232
243,2,25.43,1011.05,22.719584,75.857688,5,0.031,0.0101,BestEffort,0.03,0.0101,0.7009,GCM,0.485,0.01695975232
244,2,26,1016.44,22.719652,75.857611,3,0.031,0.0263,BestEffort,0.03,0.0263,0.6997,GCM,0.4993,0.01695975232
245,2,25.72,1011.32,22.719566,75.85766,5,0.031,0.0063,BestEffort,0.03,0.0063,0.6985,GCM,0.4823,0.01695975232
246,2,25.85,1011.6,22.719557,75.857728,5,0.031,0.0096,BestEffort,0.03,0.0096,0.6972,GCM,0.4854,0.01695975232
247,2,25.77,1016.01,22.719624,75.85772,2,0.031,0.034,BestEffort,0.03,0.034,0.696,GCM,0.5069,0.01695975232
248,2,25.95,1017.61,22.719523,75.857622,0,0.031,0.0496,BestEffort,0.03,0.0496,0.6948,GCM,0.5209,0.01695975232
249,2,25.95,1011.49,22.719619,75.857664,0,0.031,0.0484,BestEffort,0.029,0.0484,0.6935,GCM,0.5193,0.01695975232
250,2,26,1012.7,22.719605,75.857671,0,0.031,0.0489,BestEffort,0.029,0.0489,0.6923,GCM,0.52,0.01695975232
251,2,25.56,1013.76,22.719593,75.857682,2,0.027,0.0336,BestEffort,0.029,0.0336,0.6911,GCM,0.5068,0.01689003083
252,2,25.41,1015.84,22.719679,75.857631,0,0.027,0.0502,BestEffort,0.029,0.0502,0.6898,GCM,0.5217,0.01689003083
253,2,26.17,1011.77,22.719569,75.857669,0,0.027,0.0512,BestEffort,0.029,0.0512,0.6886,GCM,0.5229,0.01689003083
254,2,26.13,1012.88,22.719703,75.857664,1,0.027,0.0442,BestEffort,0.029,0.0442,0.6874,GCM,0.517,0.01689003083
255,2,25.34,1014.42,22.719589,75.857739,1,0.031,0.0414,BestEffort,0.032,0.0414,0.6862,GCM,0.5175,0.01695975232
256,2,25.64,1013.9,22.719536,75.85774,1,0.031,0.0411,BestEffort,0.032,0.0411,0.6849,GCM,0.5175,0.01695975232
257,0,26.01,1012.69,22.719603,75.857693,0,0.031,0.0509,BestEffort,0.032,0.0509,0.6837,CTR,0.4088,0.01695975232
258,0,25.94,1013.05,22.719546,75.85768,-2,0.031,0.0871,BestEffort,0.032,0.0871,0.6825,CTR,0.409,0.01695975232
259,0,25.61,1011.19,22.719562,75.857707,0,0.031,0.0491,BestEffort,0.032,0.0491,0.6812,CTR,0.4093,0.01695975232
260,0,25.83,1012.89,22.71962,75.857659,1,0.031,0.0436,BestEffort,0.031,0.0436,0.68,CTR,0.4087,0.01695975232
261,0,26.24,1012.85,22.719628,75.857643,0,0.031,0.052,BestEffort,0.031,0.052,0.6788,CTR,0.409,0.01695975232
262,0,26.1,1013.6,22.719569,75.857653,3,0.031,0.0286,BestEffort,0.031,0.0286,0.6775,CTR,0.4092,0.01695975232
263,0,25.63,1012.42,22.719649,75.857668,2,0.031,0.0376,BestEffort,0.031,0.0376,0.6763,CTR,0.4095,0.01695975232
264,0,25.92,1013.96,22.719658,75.857642,2,0.031,0.0323,BestEffort,0.031,0.0323,0.6751,CTR,0.4097,0.01695975232
265,0,25.8,1014.77,22.719672,75.857708,3,0.031,0.026,BestEffort,0.031,0.026,0.6738,CTR,0.41,0.01695975232
266,0,25.77,1013.48,22.719626,75.857736,3,0.031,0.026,BestEffort,0.031,0.026,0.6726,CTR,0.4102,0.01695975232
267,0,25.81,1013.78,22.719668,75.857621,4,0.031,0.0178,BestEffort,0.031,0.0178,0.6714,CTR,0.4104,0.01695975232
268,0,26.29,1013.33,22.719506,75.857701,3,0.031,0.0247,BestEffort,0.031,0.0247,0.6702,CTR,0.4107,0.01695975232
269,0,25.97,1013.25,22.719584,75.857689,2,0.031,0.031,BestEffort,0.031,0.031,0.6689,CTR,0.4109,0.01695975232
270,0,25.39,1012.17,22.719557,75.857717,4,0.031,0.0182,BestEffort,0.031,0.0182,0.6677,CTR,0.4112,0.01695975232
271,0,25.92,1013.72,22.719606,75.857699,3,0.031,0.0245,BestEffort,0.03,0.0245,0.6665,CTR,0.4106,0.01695975232
272,0,25.47,1013.1,22.719571,75.857627,-1,0.031,0.0674,BestEffort,0.03,0.0674,0.6652,CTR,0.4109,0.01695975232
273,0,25.91,1016.39,22.719592,75.857637,0,0.031,0.0484,BestEffort,0.03,0.0484,0.664,CTR,0.4111,0.01695975232
274,0,26.12,1015.61,22.719694,75.857701,5,0.031,0.0078,BestEffort,0.03,0.0078,0.6628,CTR,0.4114,0.01695975232
275,0,26.21,1013.83,22.719592,75.857751,7,0.031,0.0005,BestEffort,0.03,0.0005,0.6615,CTR,0.4116,0.01695975232
276,0,25.7,1012.11,22.719621,75.857589,5,0.031,0.0103,BestEffort,0.03,0.0103,0.6603,CTR,0.4119,0.01695975232
277,0,26.16,1011.58,22.719588,75.857717,6,0.031,0.0006,BestEffort,0.03,0.0006,0.6591,CTR,0.4121,0.01695975232
278,2,25.33,1015.04,22.719604,75.857759,7,0.031,0.0009,BestEffort,0.03,0.0009,0.6578,GCM,0.4874,0.01695975232
279,2,25.62,1013.64,22.7196,75.857692,6,0.031,0.0008,BestEffort,0.03,0.0008,0.6566,GCM,0.4876,0.01695975232
280,2,26.29,1013.97,22.719622,75.857728,7,0.031,0.0007,BestEffort,0.03,0.0007,0.6554,GCM,0.4878,0.01695975232
281,2,25.52,1010.63,22.719658,75.857665,9,0.031,0.0006,BestEffort,0.03,0.0006,0.6542,GCM,0.488,0.01695975232
282,2,25.94,1014.64,22.719682,75.857694,9,0.031,0.0007,BestEffort,0.03,0.0007,0.6529,GCM,0.4883,0.01695975232
283,2,26.13,1013.93,22.719615,75.857619,9,0.031,0.0009,BestEffort,0.029,0.0009,0.6517,GCM,0.488,0.01695975232
284,2,25.42,1011.58,22.719629,75.857583,8,0.031,0.0006,BestEffort,0.029,0.0006,0.6505,GCM,0.488,0.01695975232
285,2,26.07,1012.54,22.719542,75.857747,9,0.027,0.0005,BestEffort,0.029,0.0005,0.6492,GCM,0.4882,0.01689003083
286,2,25.83,1013.65,22.719596,75.857651,9,0.027,0.0009,BestEffort,0.029,0.0009,0.648,GCM,0.4888,0.01689003083
287,2,25.7,1013.33,22.719647,75.857677,9,0.027,0.0009,BestEffort,0.029,0.0009,0.6468,GCM,0.4891,0.01689003083
288,2,25.54,1012.81,22.719643,75.857631,9,0.027,0.0006,BestEffort,0.029,0.0006,0.6455,GCM,0.4892,0.01689003083
289,2,25.51,1013.09,22.719611,75.85763,9,0.027,0.0006,BestEffort,0.029,0.0006,0.6443,GCM,0.4895,0.01689003083
290,2,26.29,1012.87,22.719644,75.857691,9,0.027,0.001,BestEffort,0.029,0.001,0.6431,GCM,0.4901,0.01689003083
291,2,26.14,1013.48,22.719625,75.857664,9,0.027,0.0009,BestEffort,0.029,0.0009,0.6418,GCM,0.4903,0.01689003083
292,2,26.12,1015.46,22.71966,75.857719,7,0.027,0.0008,BestEffort,0.029,0.0008,0.6406,GCM,0.4905,0.01689003083
293,2,26.28,1009.4,22.719614,75.857723,7,0.027,0.0007,BestEffort,0.029,0.0007,0.6394,GCM,0.4907,0.01689003083
294,2,25.36,1012.89,22.719582,75.857716,7,0.027,0.0006,BestEffort,0.029,0.0006,0.6382,GCM,0.4909,0.01689003083
295,2,25.42,1013.51,22.719617,75.857712,1,0.027,0.0408,BestEffort,0.029,0.0408,0.6369,GCM,0.526,0.01689003083
296,2,26,1013.69,22.719453,75.857779,5,0.027,0.0068,BestEffort,0.028,0.0068,0.6357,GCM,0.4959,0.01689003083
297,2,25.52,1012.69,22.719619,75.857647,6,0.027,0.0005,BestEffort,0.028,0.0005,0.6345,GCM,0.4908,0.01689003083
298,2,25.39,1010.61,22.719418,75.857697,3,0.027,0.0259,BestEffort,0.028,0.0259,0.6332,GCM,0.513,0.01689003083
299,0,25.79,1013.74,22.719514,75.857757,-5,0.035,0.1408,BestEffort,0.033,0.1408,0.632,CTR,0.4199,0.01703005181
300,0,25.63,1015.84,22.719623,75.857763,0,0.035,0.0479,BestEffort,0.033,0.0479,0.6308,CTR,0.4202,0.01703005181
301,0,26.18,1010.95,22.719624,75.857629,1,0.031,0.0418,BestEffort,0.033,0.0418,0.6295,CTR,0.4204,0.01695975232
302,0,25.48,1014.55,22.719542,75.857684,2,0.031,0.0354,BestEffort,0.033,0.0354,0.6283,CTR,0.4207,0.01695975232
303,0,25.82,1012.76,22.719564,75.857768,5,0.031,0.0052,BestEffort,0.033,0.0052,0.6271,CTR,0.4209,0.01695975232
304,0,25.42,1013.16,22.719669,75.857725,4,0.031,0.0201,BestEffort,0.033,0.0201,0.6258,CTR,0.4212,0.01695975232
305,0,25.87,1011.67,22.719576,75.85771,5,0.031,0.0076,BestEffort,0.033,0.0076,0.6246,CTR,0.4214,0.01695975232
306,0,25.57,1012.75,22.719712,75.857689,1,0.031,0.0427,BestEffort,0.033,0.0427,0.6234,CTR,0.4217,0.01695975232
307,0,26.24,1015.2,22.7196,75.857681,-2,0.031,0.0852,BestEffort,0.033,0.0852,0.6222,CTR,0.4219,0.01695975232
308,0,25.57,1014.12,22.71962,75.857714,1,0.031,0.0442,BestEffort,0.033,0.0442,0.6209,CTR,0.4222,0.01695975232
309,0,25.72,1015.85,22.719681,75.857687,-2,0.031,0.0868,BestEffort,0.033,0.0868,0.6197,CTR,0.4224,0.01695975232
310,0,25.75,1015.02,22.719607,75.857698,-3,0.035,0.0891,BestEffort,0.035,0.0891,0.6185,CTR,0.4243,0.01703005181
311,0,25.63,1013.91,22.71955,75.857704,-6,0.035,0.1481,BestEffort,0.035,0.1481,0.6172,CTR,0.4245,0.01703005181
312,0,25.4,1015.87,22.719595,75.857666,-4,0.039,0.1187,BestEffort,0.037,0.1187,0.616,CTR,0.4264,0.01710093652
313,0,25.39,1013.91,22.719598,75.857727,-6,0.035,0.151,BestEffort,0.037,0.151,0.6148,CTR,0.4266,0.01703005181
314,0,26.25,1014.49,22.719532,75.857846,-4,0.039,0.1204,BestEffort,0.04,0.1204,0.6135,CTR,0.4293,0.01710093652
315,0,25.8,1012.81,22.719587,75.857611,0,0.039,0.0516,BestEffort,0.04,0.0516,0.6123,CTR,0.4295,0.01710093652
316,0,25.9,1013.35,22.719563,75.857716,2,0.039,0.0352,BestEffort,0.039,0.0352,0.6111,CTR,0.429,0.01710093652
317,0,25.68,1012.2,22.719646,75.857662,0,0.039,0.0496,BestEffort,0.039,0.0496,0.6098,CTR,0.4292,0.01710093652
318,0,26.17,1014.73,22.719602,75.857729,-5,0.039,0.1258,BestEffort,0.039,0.1258,0.6086,CTR,0.4295,0.01710093652
319,0,26.03,1011.48,22.719586,75.857702,-6,0.043,0.1497,BestEffort,0.044,0.1497,0.6074,CTR,0.4338,0.01717241379
320,0,26.14,1014.42,22.719595,75.857738,-3,0.043,0.1031,BestEffort,0.044,0.1031,0.6062,CTR,0.434,0.01717241379
321,0,26.06,1012.96,22.719611,75.857759,-1,0.043,0.0615,BestEffort,0.044,0.0615,0.6049,CTR,0.4343,0.01717241379
322,0,26.26,1015.01,22.719631,75.85771,-5,0.043,0.1382,BestEffort,0.044,0.1382,0.6037,CTR,0.4345,0.01717241379
323,0,25.78,1014.38,22.71955,75.857757,-5,0.047,0.1395,BestEffort,0.046,0.1395,0.6025,CTR,0.4364,0.01724449108
324,0,26.15,1015.98,22.719548,75.857583,-4,0.047,0.1186,BestEffort,0.048,0.1186,0.6012,CTR,0.4383,0.01724449108
325,0,25.75,1014.35,22.719655,75.85778,-5,0.055,0.1197,BestEffort,0.053,0.1197,0.6,CTR,0.4426,0.01739047619
326,0,25.95,1010.89,22.719579,75.857719,-5,0.051,0.1286,BestEffort,0.053,0.1286,0.5988,CTR,0.4428,0.01731717597
327,0,26.16,1013.15,22.719529,75.857754,-8,0.059,0.1954,BestEffort,0.058,0.1954,0.5975,CTR,0.4472,0.01746439957
328,0,25.36,1011.49,22.719622,75.857639,-6,0.062,0.1493,BestEffort,0.065,0.1493,0.5963,CTR,0.4532,0.01752025586
329,0,25.33,1012.47,22.719623,75.857658,-9,0.062,0.1931,BestEffort,0.064,0.1931,0.5951,CTR,0.4526,0.01752025586
330,0,26.21,1015.52,22.719523,75.857707,-6,0.062,0.1582,BestEffort,0.064,0.1582,0.5938,CTR,0.4529,0.01752025586
331,0,26,1014.21,22.719611,75.857699,-7,0.062,0.1691,BestEffort,0.064,0.1691,0.5926,CTR,0.4531,0.01752025586
332,0,25.87,1012.2,22.719637,75.857714,-6,0.062,0.1575,BestEffort,0.064,0.1575,0.5914,CTR,0.4533,0.01752025586
333,0,25.42,1011.73,22.719619,75.857754,-7,0.062,0.1704,BestEffort,0.064,0.1704,0.5902,CTR,0.4536,0.01752025586
334,0,25.57,1013.3,22.719632,75.857612,-7,0.062,0.1713,BestEffort,0.064,0.1713,0.5889,CTR,0.4538,0.01752025586
335,0,25.48,1011.43,22.71953,75.857749,-6,0.062,0.1538,BestEffort,0.064,0.1538,0.5877,CTR,0.4541,0.01752025586
336,0,25.51,1012.24,22.719617,75.8577,-7,0.062,0.1725,BestEffort,0.063,0.1725,0.5865,CTR,0.4535,0.01752025586
337,0,25.48,1013.72,22.719585,75.85769,-8,0.082,0.1974,BestEffort,0.082,0.1974,0.5852,CTR,0.4695,0.01790196078
338,0,25.79,1014.98,22.719576,75.857626,-8,0.082,0.1909,BestEffort,0.082,0.1909,0.584,CTR,0.4697,0.01790196078
339,0,25.32,1014.16,22.719644,75.857725,-3,0.082,0.0931,BestEffort,0.082,0.0931,0.5828,CTR,0.47,0.01790196078
340,0,25.33,1009.81,22.719674,75.857579,-4,0.082,0.1202,BestEffort,0.081,0.1202,0.5815,CTR,0.4694,0.01790196078
341,0,26.04,1013.71,22.71969,75.857732,0,0.082,0.0523,BestEffort,0.081,0.0523,0.5803,CTR,0.4696,0.01790196078
342,0,25.39,1013.36,22.719666,75.857625,-4,0.082,0.124,BestEffort,0.081,0.124,0.5791,CTR,0.4699,0.01790196078
343,0,26.21,1013.87,22.719595,75.857703,1,0.082,0.0411,BestEffort,0.081,0.0411,0.5778,CTR,0.4701,0.01790196078
344,0,26.09,1015.67,22.719618,75.857694,0,0.082,0.0523,BestEffort,0.081,0.0523,0.5766,CTR,0.4704,0.01790196078
345,0,25.64,1010.16,22.719638,75.857758,-3,0.082,0.1056,BestEffort,0.08,0.1056,0.5754,CTR,0.4698,0.01790196078
346,0,26.01,1012.36,22.719606,75.857691,-5,0.078,0.1479,BestEffort,0.08,0.1479,0.5742,CTR,0.47,0.01782429501
347,0,25.9,1014.14,22.719607,75.857665,-6,0.078,0.1482,BestEffort,0.08,0.1482,0.5729,CTR,0.4703,0.01782429501
348,0,26.19,1010.88,22.719641,75.857675,-4,0.078,0.1155,BestEffort,0.08,0.1155,0.5717,CTR,0.4705,0.01782429501
349,0,25.42,1015.46,22.719597,75.857764,1,0.078,0.0414,BestEffort,0.08,0.0414,0.5705,CTR,0.4708,0.01782429501
350,0,26.14,1013.8,22.719564,75.857727,1,0.078,0.041,BestEffort,0.08,0.041,0.5692,CTR,0.471,0.01782429501
351,0,25.46,1014.52,22.719579,75.857681,5,0.078,0.0082,BestEffort,0.079,0.0082,0.568,CTR,0.4704,0.01782429501
352,0,25.89,1012.39,22.719632,75.857688,-2,0.078,0.0702,BestEffort,0.079,0.0702,0.5668,CTR,0.4707,0.01782429501
353,0,25.77,1014.47,22.7196,75.857622,9,0.078,0.0008,BestEffort,0.079,0.0008,0.5655,CTR,0.4709,0.01782429501
354,0,25.68,1014.85,22.719617,75.857719,10,0.078,0.0007,BestEffort,0.079,0.0007,0.5643,CTR,0.4712,0.01782429501
355,2,26.24,1013.6,22.719634,75.857612,9,0.078,0.0009,BestEffort,0.079,0.0009,0.5631,GCM,0.5525,0.01782429501
356,2,25.77,1013.6,22.719581,75.857738,9,0.078,0.0007,BestEffort,0.078,0.0007,0.5618,GCM,0.5517,0.01782429501
357,2,25.41,1013.66,22.719638,75.857706,9,0.078,0.0008,BestEffort,0.078,0.0008,0.5606,GCM,0.5521,0.01782429501
358,2,25.54,1011.95,22.719619,75.857819,10,0.078,0.001,BestEffort,0.078,0.001,0.5594,GCM,0.5525,0.01782429501
359,2,25.61,1013.03,22.719538,75.857645,9,0.078,0.0006,BestEffort,0.078,0.0006,0.5582,GCM,0.5525,0.01782429501
360,2,25.8,1013.02,22.719672,75.857695,9,0.078,0.0009,BestEffort,0.078,0.0009,0.5569,GCM,0.553,0.01782429501
361,2,25.86,1013.83,22.719575,75.85779,9,0.078,0.0005,BestEffort,0.078,0.0005,0.5557,GCM,0.553,0.01782429501
362,2,25.87,1014.75,22.719517,75.85776,9,0.078,0.0007,BestEffort,0.077,0.0007,0.5545,GCM,0.5526,0.01782429501
363,2,25.72,1011.66,22.719548,75.857665,9,0.078,0.0009,BestEffort,0.077,0.0009,0.5532,GCM,0.553,0.01782429501
364,2,26.22,1013.06,22.719549,75.857711,9,0.078,0.0008,BestEffort,0.077,0.0008,0.552,GCM,0.5532,0.01782429501
365,2,25.76,1015.47,22.719603,75.8577,10,0.078,0.0008,BestEffort,0.077,0.0008,0.5508,GCM,0.5535,0.01782429501
366,2,26.29,1012.13,22.719586,75.857714,9,0.078,0.0006,BestEffort,0.077,0.0006,0.5495,GCM,0.5537,0.01782429501
367,2,25.96,1012.02,22.719583,75.857665,9,0.078,0.0007,BestEffort,0.077,0.0007,0.5483,GCM,0.554,0.01782429501
368,2,25.35,1013.55,22.719631,75.857696,10,0.074,0.0007,BestEffort,0.076,0.0007,0.5471,GCM,0.5534,0.01774730022
369,2,25.49,1014.52,22.719617,75.85762,9,0.074,0.0008,BestEffort,0.076,0.0008,0.5458,GCM,0.5538,0.01774730022
370,2,25.86,1013.27,22.719616,75.857707,9,0.074,0.0007,BestEffort,0.076,0.0007,0.5446,GCM,0.554,0.01774730022
371,2,26.01,1015.24,22.71962,75.857723,10,0.074,0.0007,BestEffort,0.076,0.0007,0.5434,GCM,0.5543,0.01774730022
372,2,25.76,1014.54,22.719631,75.857689,10,0.074,0.0007,BestEffort,0.076,0.0007,0.5422,GCM,0.5546,0.01774730022
373,2,26.09,1014.51,22.719495,75.857619,9,0.074,0.0006,BestEffort,0.076,0.0006,0.5409,GCM,0.5548,0.01774730022
374,2,25.48,1014.08,22.719582,75.857749,10,0.074,0.0007,BestEffort,0.075,0.0007,0.5397,GCM,0.5543,0.01774730022
375,2,25.35,1016.74,22.719491,75.857718,9,0.074,0.0006,BestEffort,0.075,0.0006,0.5385,GCM,0.5545,0.01774730022
376,2,25.87,1012.94,22.719602,75.857664,9,0.074,0.0009,BestEffort,0.075,0.0009,0.5372,GCM,0.5551,0.01774730022
377,2,26.13,1010.24,22.7196,75.857686,10,0.074,0.0008,BestEffort,0.075,0.0008,0.536,GCM,0.5553,0.01774730022
378,2,26.12,1015.66,22.719652,75.857625,10,0.074,0.0006,BestEffort,0.075,0.0006,0.5348,GCM,0.5554,0.01774730022
379,2,25.34,1012.56,22.719659,75.857649,10,0.074,0.0008,BestEffort,0.075,0.0008,0.5335,GCM,0.5559,0.01774730022
380,2,25.52,1013.41,22.71961,75.857673,9,0.074,0.0009,BestEffort,0.074,0.0009,0.5323,GCM,0.5553,0.01774730022
381,2,25.55,1015.21,22.719575,75.857761,9,0.074,0.0006,BestEffort,0.074,0.0006,0.5311,GCM,0.5554,0.01774730022
382,2,25.55,1010.85,22.719624,75.857668,10,0.074,0.0006,BestEffort,0.074,0.0006,0.5298,GCM,0.5557,0.01774730022
383,2,25.92,1011.37,22.719574,75.857732,10,0.074,0.0005,BestEffort,0.074,0.0005,0.5286,GCM,0.5559,0.01774730022
384,2,25.67,1010.85,22.7196,75.857673,9,0.074,0.0005,BestEffort,0.074,0.0005,0.5274,GCM,0.5562,0.01774730022
385,2,26.13,1012.06,22.719649,75.857712,9,0.074,0.0009,BestEffort,0.074,0.0009,0.5262,GCM,0.5568,0.01774730022
386,2,25.81,1013.91,22.719572,75.857693,10,0.074,0.001,BestEffort,0.074,0.001,0.5249,GCM,0.5572,0.01774730022
387,2,25.49,1014.04,22.71964,75.857744,9,0.074,0.0005,BestEffort,0.073,0.0005,0.5237,GCM,0.5562,0.01774730022
388,2,26.26,1013.66,22.719634,75.857673,9,0.074,0.0009,BestEffort,0.073,0.0009,0.5225,GCM,0.5568,0.01774730022
389,2,25.95,1011.13,22.719552,75.857621,9,0.074,0.0005,BestEffort,0.073,0.0005,0.5212,GCM,0.5567,0.01774730022
390,2,25.98,1009.78,22.719649,75.857631,10,0.074,0.0008,BestEffort,0.073,0.0008,0.52,GCM,0.5573,0.01774730022
391,2,26.07,1013.33,22.719635,75.857673,8,0.074,0.0009,BestEffort,0.073,0.0009,0.5188,GCM,0.5577,0.01774730022
392,2,25.31,1012.54,22.719605,75.857638,4,0.074,0.0139,BestEffort,0.073,0.0139,0.5175,GCM,0.5695,0.01774730022
393,2,25.37,1013.94,22.719562,75.857721,9,0.07,0.0005,BestEffort,0.072,0.0005,0.5163,GCM,0.557,0.01767096774
394,2,26.2,1014.3,22.719557,75.857677,7,0.07,0.0008,BestEffort,0.072,0.0008,0.5151,GCM,0.5576,0.01767096774
395,2,25.86,1013.46,22.719573,75.857819,8,0.07,0.001,BestEffort,0.072,0.001,0.5138,GCM,0.5581,0.01767096774
396,0,25.55,1014.39,22.719627,75.857613,-4,0.07,0.1171,BestEffort,0.072,0.1171,0.5126,CTR,0.4757,0.01767096774
397,0,25.53,1013.59,22.719552,75.85771,2,0.07,0.0326,BestEffort,0.072,0.0326,0.5114,CTR,0.4759,0.01767096774
398,0,25.68,1014.05,22.719622,75.857644,0,0.07,0.053,BestEffort,0.072,0.053,0.5102,CTR,0.4762,0.01767096774
399,0,25.87,1012.19,22.719538,75.857675,5,0.07,0.0115,BestEffort,0.072,0.0115,0.5089,CTR,0.4764,0.01767096774
400,0,26.27,1012.98,22.71959,75.857707,7,0.07,0.0008,BestEffort,0.071,0.0008,0.5077,CTR,0.4759,0.01767096774
401,0,25.46,1013.55,22.719605,75.857584,6,0.07,0.0009,BestEffort,0.071,0.0009,0.5065,CTR,0.4761,0.01767096774
402,0,25.64,1014.48,22.719722,75.857712,0,0.07,0.0499,BestEffort,0.071,0.0499,0.5052,CTR,0.4764,0.01767096774
403,0,26.09,1012.66,22.719531,75.857795,0,0.07,0.0504,BestEffort,0.071,0.0504,0.504,CTR,0.4766,0.01767096774
404,0,25.83,1014.03,22.719674,75.857677,-5,0.074,0.1291,BestEffort,0.073,0.1291,0.5028,CTR,0.4785,0.01774730022
405,0,25.92,1012.85,22.719607,75.857713,-6,0.074,0.1411,BestEffort,0.073,0.1411,0.5015,CTR,0.4787,0.01774730022
406,0,25.59,1013.07,22.719621,75.857751,-5,0.074,0.1358,BestEffort,0.073,0.1358,0.5003,CTR,0.479,0.01774730022
407,0,25.47,1014.49,22.719606,75.857692,-1,0.07,0.0686,BestEffort,0.072,0.0686,0.4991,CTR,0.4784,0.01767096774
408,0,25.93,1010.26,22.719622,75.857671,-2,0.07,0.09,BestEffort,0.072,0.09,0.4978,CTR,0.4787,0.01767096774
409,0,25.32,1011.31,22.719592,75.857586,0,0.07,0.0531,BestEffort,0.072,0.0531,0.4966,CTR,0.4789,0.01767096774
410,0,25.52,1011.03,22.719673,75.857732,-2,0.074,0.0918,BestEffort,0.074,0.0918,0.4954,CTR,0.4808,0.01774730022
411,0,25.4,1009.75,22.719577,75.857694,-3,0.074,0.096,BestEffort,0.074,0.096,0.4942,CTR,0.481,0.01774730022
412,0,25.86,1012.23,22.719657,75.857649,-1,0.074,0.0652,BestEffort,0.074,0.0652,0.4929,CTR,0.4813,0.01774730022
413,0,25.97,1014.37,22.719568,75.857706,-3,0.074,0.1034,BestEffort,0.074,0.1034,0.4917,CTR,0.4815,0.01774730022
414,0,26.25,1012.82,22.719597,75.857671,-9,0.074,0.2157,BestEffort,0.075,0.2157,0.4905,CTR,0.4826,0.01774730022
415,0,25.43,1013.55,22.719546,75.857674,-5,0.074,0.1424,BestEffort,0.075,0.1424,0.4892,CTR,0.4829,0.01774730022
416,0,25.8,1014.88,22.719623,75.85773,-5,0.082,0.1406,BestEffort,0.083,0.1406,0.488,CTR,0.4898,0.01790196078
417,0,25.75,1015.24,22.719672,75.857633,-5,0.082,0.1331,BestEffort,0.083,0.1331,0.4868,CTR,0.49,0.01790196078
418,0,25.91,1013.15,22.719596,75.857752,-5,0.082,0.1306,BestEffort,0.083,0.1306,0.4855,CTR,0.4903,0.01790196078
419,0,26.05,1015.28,22.71959,75.85763,-5,0.082,0.1389,BestEffort,0.083,0.1389,0.4843,CTR,0.4905,0.01790196078
420,0,25.39,1013.39,22.719544,75.857667,-2,0.086,0.0785,BestEffort,0.086,0.0785,0.4831,CTR,0.4933,0.01798030635
421,0,26.19,1011.99,22.719589,75.857796,-2,0.086,0.0828,BestEffort,0.086,0.0828,0.4818,CTR,0.4935,0.01798030635
422,0,25.69,1012.36,22.71952,75.857756,2,0.086,0.0338,BestEffort,0.088,0.0338,0.4806,CTR,0.4954,0.01798030635
423,0,25.34,1011.03,22.719554,75.857705,0,0.086,0.0532,BestEffort,0.088,0.0532,0.4794,CTR,0.4957,0.01798030635
424,0,25.78,1011.92,22.719611,75.857653,1,0.086,0.0413,BestEffort,0.088,0.0413,0.4782,CTR,0.4959,0.01798030635
425,0,25.57,1012.71,22.719666,75.857674,0,0.086,0.0451,BestEffort,0.087,0.0451,0.4769,CTR,0.4953,0.01798030635
426,0,26.04,1014.46,22.71974,75.857704,-3,0.086,0.1035,BestEffort,0.087,0.1035,0.4757,CTR,0.4956,0.01798030635
427,0,25.69,1015.83,22.719571,75.857702,-2,0.086,0.0805,BestEffort,0.087,0.0805,0.4745,CTR,0.4958,0.01798030635
428,0,25.63,1011.18,22.719672,75.857695,2,0.086,0.0341,BestEffort,0.087,0.0341,0.4732,CTR,0.4961,0.01798030635
429,0,25.44,1013.84,22.719612,75.857698,0,0.086,0.0498,BestEffort,0.087,0.0498,0.472,CTR,0.4963,0.01798030635
430,0,25.71,1011.69,22.719592,75.857689,0,0.086,0.0495,BestEffort,0.087,0.0495,0.4708,CTR,0.4966,0.01798030635
431,0,25.97,1013.96,22.719622,75.857628,0,0.09,0.0516,BestEffort,0.088,0.0516,0.4695,CTR,0.4977,0.01805934066
432,0,26.21,1013.05,22.719603,75.857674,8,0.086,0.0008,BestEffort,0.088,0.0008,0.4683,CTR,0.4979,0.01798030635
433,0,25.89,1010.5,22.719606,75.857746,7,0.086,0.0007,BestEffort,0.088,0.0007,0.4671,CTR,0.4981,0.01798030635
434,0,26.04,1014.64,22.71958,75.857632,-5,0.086,0.1384,BestEffort,0.088,0.1384,0.4658,CTR,0.4984,0.01798030635
435,0,25.36,1012.34,22.71953,75.857691,9,0.086,0.001,BestEffort,0.088,0.001,0.4646,CTR,0.4986,0.01798030635
436,0,25.4,1012.45,22.719523,75.857659,8,0.086,0.0008,BestEffort,0.087,0.0008,0.4634,CTR,0.498,0.01798030635
437,2,25.63,1011.65,22.719633,75.857706,9,0.086,0.0008,BestEffort,0.087,0.0008,0.4622,GCM,0.5834,0.01798030635
438,2,25.42,1012.27,22.719586,75.857681,10,0.086,0.0007,BestEffort,0.087,0.0007,0.4609,GCM,0.5837,0.01798030635
439,2,26.13,1013.89,22.71957,75.857774,10,0.086,0.0009,BestEffort,0.087,0.0009,0.4597,GCM,0.5841,0.01798030635
440,2,26.17,1012.97,22.7196,75.857725,10,0.086,0.001,BestEffort,0.087,0.001,0.4585,GCM,0.5845,0.01798030635
441,2,25.47,1013.74,22.71964,75.857634,10,0.086,0.0006,BestEffort,0.087,0.0006,0.4572,GCM,0.5845,0.01798030635
442,2,26.14,1013.79,22.719609,75.857734,10,0.086,0.0006,BestEffort,0.086,0.0006,0.456,GCM,0.5839,0.01798030635
443,2,26.01,1015.23,22.719567,75.857661,9,0.086,0.0008,BestEffort,0.086,0.0008,0.4548,GCM,0.5843,0.01798030635
444,2,26.02,1012.74,22.719661,75.857671,9,0.086,0.0007,BestEffort,0.086,0.0007,0.4535,GCM,0.5845,0.01798030635
445,2,25.72,1011.03,22.719679,75.857716,10,0.078,0.0008,BestEffort,0.078,0.0008,0.4523,GCM,0.5778,0.01782429501
446,2,25.37,1014.85,22.719625,75.857675,9,0.078,0.0005,BestEffort,0.078,0.0005,0.4511,GCM,0.5778,0.01782429501
447,2,25.99,1012.75,22.719649,75.857745,10,0.078,0.0007,BestEffort,0.078,0.0007,0.4498,GCM,0.5783,0.01782429501
448,2,25.8,1014.92,22.719662,75.857661,10,0.078,0.0008,BestEffort,0.078,0.0008,0.4486,GCM,0.5787,0.01782429501
449,2,26.23,1013.83,22.719657,75.857669,8,0.078,0.0008,BestEffort,0.078,0.0008,0.4474,GCM,0.579,0.01782429501
450,2,25.48,1013.05,22.719631,75.857667,9,0.078,0.0008,BestEffort,0.077,0.0008,0.4462,GCM,0.5784,0.01782429501
451,2,25.73,1013.77,22.71963,75.857672,10,0.078,0.0009,BestEffort,0.077,0.0009,0.4449,GCM,0.5788,0.01782429501
452,2,26.1,1016.18,22.719626,75.857755,9,0.078,0.0008,BestEffort,0.077,0.0008,0.4437,GCM,0.579,0.01782429501
453,2,25.35,1016.37,22.719545,75.857731,9,0.078,0.0009,BestEffort,0.077,0.0009,0.4425,GCM,0.5793,0.01782429501
454,2,25.35,1013.35,22.719635,75.857785,9,0.078,0.0008,BestEffort,0.077,0.0008,0.4412,GCM,0.5795,0.01782429501
455,2,26.19,1013.49,22.719532,75.857813,0,0.078,0.0512,BestEffort,0.077,0.0512,0.44,GCM,0.6254,0.01782429501
456,2,26.04,1014.86,22.71956,75.857648,8,0.078,0.0008,BestEffort,0.077,0.0008,0.4388,GCM,0.5801,0.01782429501
457,2,25.96,1011.98,22.719665,75.857704,8,0.078,0.0006,BestEffort,0.077,0.0006,0.4375,GCM,0.5803,0.01782429501
458,2,25.72,1013.75,22.719642,75.857641,10,0.074,0.0006,BestEffort,0.076,0.0006,0.4363,GCM,0.5797,0.01774730022
459,2,25.43,1013.21,22.719674,75.857661,9,0.074,0.0008,BestEffort,0.076,0.0008,0.4351,GCM,0.5801,0.01774730022
460,2,26.04,1013.72,22.719586,75.857668,9,0.074,0.0009,BestEffort,0.076,0.0009,0.4338,GCM,0.5805,0.01774730022
461,2,25.47,1012,22.719542,75.857647,9,0.074,0.0008,BestEffort,0.076,0.0008,0.4326,GCM,0.5807,0.01774730022
462,2,25.3,1010.87,22.719588,75.857647,9,0.074,0.0005,BestEffort,0.076,0.0005,0.4314,GCM,0.5807,0.01774730022
463,2,25.51,1010.14,22.719605,75.857693,9,0.074,0.0008,BestEffort,0.076,0.0008,0.4302,GCM,0.5813,0.01774730022
464,2,25.83,1011.57,22.719604,75.857639,10,0.074,0.0006,BestEffort,0.076,0.0006,0.4289,GCM,0.5814,0.01774730022
465,2,25.45,1012.56,22.719657,75.857742,8,0.074,0.0009,BestEffort,0.076,0.0009,0.4277,GCM,0.582,0.01774730022
466,2,25.75,1012.81,22.719582,75.857654,8,0.074,0.0009,BestEffort,0.076,0.0009,0.4265,GCM,0.5822,0.01774730022
467,2,25.69,1016.16,22.719618,75.85784,9,0.078,0.0008,BestEffort,0.077,0.0008,0.4252,GCM,0.5833,0.01782429501
468,2,25.49,1014.91,22.719551,75.857677,9,0.078,0.0008,BestEffort,0.077,0.0008,0.424,GCM,0.5836,0.01782429501
469,2,26.23,1011.81,22.719623,75.857704,8,0.078,0.0007,BestEffort,0.077,0.0007,0.4228,GCM,0.5838,0.01782429501
470,2,25.44,1013.77,22.7196,75.857635,8,0.078,0.0007,BestEffort,0.077,0.0007,0.4215,GCM,0.5841,0.01782429501
471,2,25.57,1012.64,22.719563,75.857785,7,0.074,0.0009,BestEffort,0.076,0.0009,0.4203,GCM,0.5837,0.01774730022
472,2,26.29,1012.82,22.719588,75.857756,8,0.074,0.0009,BestEffort,0.076,0.0009,0.4191,GCM,0.584,0.01774730022
473,2,25.94,1013.53,22.719591,75.857715,4,0.074,0.0174,BestEffort,0.076,0.0174,0.4178,GCM,0.599,0.01774730022
474,2,25.93,1014.18,22.719586,75.857633,9,0.074,0.0007,BestEffort,0.076,0.0007,0.4166,GCM,0.5844,0.01774730022
475,2,25.3,1012.74,22.719689,75.857711,7,0.074,0.0005,BestEffort,0.076,0.0005,0.4154,GCM,0.5845,0.01774730022
476,2,25.92,1014.85,22.719595,75.857644,9,0.074,0.0006,BestEffort,0.076,0.0006,0.4142,GCM,0.5849,0.01774730022
477,2,25.34,1011.54,22.719588,75.857773,8,0.074,0.0006,BestEffort,0.076,0.0006,0.4129,GCM,0.5852,0.01774730022
478,2,26.2,1013.26,22.719495,75.85774,8,0.074,0.0007,BestEffort,0.076,0.0007,0.4117,GCM,0.5856,0.01774730022
479,2,25.82,1017.15,22.719555,75.857705,7,0.074,0.001,BestEffort,0.076,0.001,0.4105,GCM,0.5861,0.01774730022
480,2,25.36,1013.58,22.719587,75.857578,9,0.074,0.0008,BestEffort,0.075,0.0008,0.4092,GCM,0.5854,0.01774730022
481,2,26.24,1015.4,22.719566,75.857651,9,0.074,0.0006,BestEffort,0.075,0.0006,0.408,GCM,0.5855,0.01774730022
482,2,25.34,1013.39,22.719669,75.857734,9,0.074,0.0006,BestEffort,0.075,0.0006,0.4068,GCM,0.5858,0.01774730022
483,2,25.43,1014.12,22.719592,75.857761,9,0.074,0.0007,BestEffort,0.075,0.0007,0.4055,GCM,0.5862,0.01774730022
484,2,26.19,1013.16,22.719664,75.857755,9,0.074,0.0009,BestEffort,0.075,0.0009,0.4043,GCM,0.5866,0.01774730022
485,2,25.36,1012.99,22.719603,75.85762,5,0.074,0.0102,BestEffort,0.076,0.0102,0.4031,GCM,0.5961,0.01774730022
486,2,25.64,1012.08,22.719602,75.857715,7,0.074,0.0009,BestEffort,0.076,0.0009,0.4018,GCM,0.5881,0.01774730022
487,2,26.12,1013.9,22.719596,75.857751,0,0.074,0.0481,BestEffort,0.076,0.0481,0.4006,GCM,0.631,0.01774730022
488,0,26.21,1011.97,22.7196,75.857617,3,0.074,0.024,BestEffort,0.076,0.024,0.3994,CTR,0.5017,0.01774730022
489,0,26.09,1014.25,22.719686,75.8577,-4,0.074,0.1194,BestEffort,0.076,0.1194,0.3982,CTR,0.5019,0.01774730022
490,0,25.64,1014.88,22.719484,75.857714,-4,0.074,0.123,BestEffort,0.076,0.123,0.3969,CTR,0.5022,0.01774730022
491,0,26.05,1013.8,22.7195,75.857685,1,0.078,0.0417,BestEffort,0.077,0.0417,0.3957,CTR,0.5032,0.01782429501
492,0,26.11,1012.82,22.719573,75.857607,-3,0.078,0.1014,BestEffort,0.077,0.1014,0.3945,CTR,0.5035,0.01782429501
493,0,25.31,1013.93,22.719601,75.857684,0,0.078,0.0511,BestEffort,0.077,0.0511,0.3932,CTR,0.5037,0.01782429501
494,0,25.6,1012.79,22.719635,75.857684,0,0.078,0.0481,BestEffort,0.077,0.0481,0.392,CTR,0.504,0.01782429501
495,0,26.1,1014.65,22.719624,75.857693,0,0.078,0.0515,BestEffort,0.077,0.0515,0.3908,CTR,0.5042,0.01782429501
496,0,26.2,1010.5,22.719581,75.857672,-6,0.078,0.1561,BestEffort,0.077,0.1561,0.3895,CTR,0.5045,0.01782429501
497,0,25.74,1012.75,22.719651,75.857678,-5,0.078,0.148,BestEffort,0.079,0.148,0.3883,CTR,0.5064,0.01782429501
498,0,25.62,1010.26,22.719652,75.857698,-6,0.086,0.1501,BestEffort,0.086,0.1501,0.3871,CTR,0.5125,0.01798030635
499,0,25.58,1011.01,22.719609,75.857722,-6,0.086,0.1497,BestEffort,0.086,0.1497,0.3858,CTR,0.5127,0.01798030635
500,0,25.33,1015.3,22.719648,75.857685,-8,0.086,0.1898,BestEffort,0.086,0.1898,0.3846,CTR,0.513,0.01798030635
501,0,25.86,1014.59,22.719614,75.85768,-4,0.094,0.1221,BestEffort,0.093,0.1221,0.3834,CTR,0.5191,0.01813907285
502,0,26.13,1012.17,22.719572,75.857705,-5,0.094,0.1323,BestEffort,0.093,0.1323,0.3822,CTR,0.5193,0.01813907285
503,0,25.83,1011,22.719635,75.857604,0,0.094,0.0492,BestEffort,0.093,0.0492,0.3809,CTR,0.5196,0.01813907285
504,0,26.09,1008.8,22.719606,75.857724,-7,0.094,0.1717,BestEffort,0.093,0.1717,0.3797,CTR,0.5198,0.01813907285
505,0,25.49,1012.43,22.7196,75.8577,-6,0.094,0.1479,BestEffort,0.094,0.1479,0.3785,CTR,0.5209,0.01813907285
506,0,25.5,1016.88,22.719674,75.857702,-6,0.113,0.1499,BestEffort,0.113,0.1499,0.3772,CTR,0.5373,0.0185276212
507,0,25.87,1013.9,22.719477,75.857748,-7,0.113,0.1694,BestEffort,0.112,0.1694,0.376,CTR,0.5367,0.0185276212
508,0,25.58,1012.41,22.719529,75.857602,-7,0.113,0.174,BestEffort,0.112,0.174,0.3748,CTR,0.5369,0.0185276212
509,0,25.52,1013.95,22.719541,75.857601,-4,0.113,0.115,BestEffort,0.113,0.115,0.3735,CTR,0.538,0.0185276212
510,0,25.85,1010.91,22.719582,75.857714,0,0.113,0.0463,BestEffort,0.113,0.0463,0.3723,CTR,0.5383,0.0185276212
511,0,25.69,1012.8,22.719587,75.8577,0,0.113,0.0462,BestEffort,0.113,0.0462,0.3711,CTR,0.5385,0.0185276212
512,0,25.87,1013.4,22.719525,75.857709,-4,0.113,0.1117,BestEffort,0.113,0.1117,0.3698,CTR,0.5388,0.0185276212
513,0,25.33,1013.12,22.719551,75.857677,-2,0.113,0.0774,BestEffort,0.113,0.0774,0.3686,CTR,0.539,0.0185276212
514,0,25.77,1014.44,22.719557,75.857733,-3,0.113,0.1002,BestEffort,0.113,0.1002,0.3674,CTR,0.5392,0.0185276212
515,0,26.01,1013.77,22.719723,75.857747,-1,0.113,0.0611,BestEffort,0.113,0.0611,0.3662,CTR,0.5395,0.0185276212
516,0,25.64,1014.25,22.71969,75.857724,-3,0.113,0.0975,BestEffort,0.112,0.0975,0.3649,CTR,0.5389,0.0185276212
517,0,25.35,1012.22,22.719579,75.857687,-2,0.113,0.0801,BestEffort,0.112,0.0801,0.3637,CTR,0.5391,0.0185276212
518,0,25.4,1014.6,22.719582,75.857595,-3,0.113,0.0988,BestEffort,0.112,0.0988,0.3625,CTR,0.5394,0.0185276212
519,0,26.16,1015.69,22.719543,75.857738,-2,0.113,0.0906,BestEffort,0.112,0.0906,0.3612,CTR,0.5396,0.0185276212
520,0,25.31,1011.79,22.719505,75.857761,-3,0.109,0.1043,BestEffort,0.112,0.1043,0.36,CTR,0.5399,0.01844444444
521,0,26.03,1011.92,22.719594,75.857732,-3,0.109,0.1011,BestEffort,0.112,0.1011,0.3588,CTR,0.5401,0.01844444444
522,0,25.49,1015.25,22.71955,75.857656,-3,0.109,0.0987,BestEffort,0.111,0.0987,0.3575,CTR,0.5395,0.01844444444
523,0,25.61,1012.96,22.719596,75.857734,-3,0.109,0.0988,BestEffort,0.111,0.0988,0.3563,CTR,0.5398,0.01844444444
524,0,26.24,1015.36,22.71952,75.857743,-4,0.109,0.1196,BestEffort,0.111,0.1196,0.3551,CTR,0.54,0.01844444444
525,0,25.53,1012.59,22.719562,75.857778,-4,0.109,0.1209,BestEffort,0.111,0.1209,0.3538,CTR,0.5403,0.01844444444
526,0,26.06,1015.43,22.719607,75.857656,-4,0.109,0.1135,BestEffort,0.111,0.1135,0.3526,CTR,0.5405,0.01844444444
527,0,26.21,1013.45,22.719618,75.857689,-4,0.109,0.1182,BestEffort,0.111,0.1182,0.3514,CTR,0.5407,0.01844444444
528,0,25.98,1013.64,22.719621,75.857737,-2,0.109,0.0738,BestEffort,0.11,0.0738,0.3502,CTR,0.5401,0.01844444444
529,0,25.92,1015.6,22.719534,75.857703,-2,0.109,0.0851,BestEffort,0.11,0.0851,0.3489,CTR,0.5404,0.01844444444
530,0,26.23,1012.71,22.719643,75.857644,-3,0.109,0.1048,BestEffort,0.11,0.1048,0.3477,CTR,0.5406,0.01844444444
531,0,26.23,1011.84,22.71956,75.857721,-4,0.109,0.1166,BestEffort,0.11,0.1166,0.3465,CTR,0.5409,0.01844444444
532,0,25.64,1012.58,22.719632,75.857729,-2,0.109,0.0931,BestEffort,0.11,0.0931,0.3452,CTR,0.5411,0.01844444444
533,0,25.92,1013.93,22.719599,75.857704,-4,0.109,0.1136,BestEffort,0.11,0.1136,0.344,CTR,0.5414,0.01844444444
534,0,26.27,1010.9,22.719531,75.857711,-3,0.109,0.1021,BestEffort,0.11,0.1021,0.3428,CTR,0.5416,0.01844444444
535,0,25.96,1014.21,22.719584,75.857687,-1,0.109,0.0668,BestEffort,0.109,0.0668,0.3415,CTR,0.541,0.01844444444
536,0,26.23,1012.44,22.719618,75.857774,-2,0.109,0.0835,BestEffort,0.109,0.0835,0.3403,CTR,0.5413,0.01844444444
537,0,25.31,1014.97,22.719631,75.857655,-1,0.109,0.0664,BestEffort,0.109,0.0664,0.3391,CTR,0.5415,0.01844444444
538,0,26.29,1009.66,22.719593,75.857671,-5,0.109,0.1355,BestEffort,0.109,0.1355,0.3378,CTR,0.5418,0.01844444444
539,0,26.27,1012.07,22.719677,75.857701,-7,0.109,0.1732,BestEffort,0.109,0.1732,0.3366,CTR,0.542,0.01844444444
540,0,26.07,1010.72,22.71965,75.857744,-6,0.109,0.1589,BestEffort,0.109,0.1589,0.3354,CTR,0.5422,0.01844444444
541,0,26.1,1012.01,22.719587,75.857625,-7,0.113,0.169,BestEffort,0.113,0.169,0.3342,CTR,0.5459,0.0185276212
542,0,25.33,1013.62,22.719638,75.857634,-5,0.113,0.1391,BestEffort,0.112,0.1391,0.3329,CTR,0.5453,0.0185276212
543,0,25.76,1012.98,22.719697,75.857598,-5,0.113,0.1315,BestEffort,0.112,0.1315,0.3317,CTR,0.5455,0.0185276212
544,0,26.03,1012.87,22.719698,75.857702,-6,0.113,0.1558,BestEffort,0.112,0.1558,0.3305,CTR,0.5458,0.0185276212
545,0,25.53,1013.01,22.719539,75.857644,-5,0.113,0.1312,BestEffort,0.115,0.1312,0.3292,CTR,0.5486,0.0185276212
546,0,26.05,1013.56,22.719554,75.857681,-7,0.113,0.1745,BestEffort,0.115,0.1745,0.328,CTR,0.5488,0.0185276212
547,0,25.49,1011.74,22.719674,75.857733,-8,0.113,0.1971,BestEffort,0.114,0.1971,0.3268,CTR,0.5482,0.0185276212
548,0,25.62,1014.31,22.719547,75.857668,-6,0.113,0.1514,BestEffort,0.114,0.1514,0.3255,CTR,0.5485,0.0185276212
549,0,25.78,1014.24,22.719534,75.857712,-8,0.113,0.175,BestEffort,0.114,0.175,0.3243,CTR,0.5487,0.0185276212
550,0,25.32,1013.83,22.719576,75.857685,-6,0.113,0.1493,BestEffort,0.114,0.1493,0.3231,CTR,0.549,0.0185276212
551,0,25.83,1014.08,22.719621,75.857734,-4,0.113,0.1242,BestEffort,0.114,0.1242,0.3218,CTR,0.5492,0.0185276212
552,0,25.95,1013.69,22.719595,75.857724,-2,0.113,0.0868,BestEffort,0.114,0.0868,0.3206,CTR,0.5495,0.0185276212
553,0,25.85,1016.3,22.719567,75.857665,-6,0.113,0.1532,BestEffort,0.113,0.1532,0.3194,CTR,0.5488,0.0185276212
554,0,26.07,1013.12,22.719566,75.857692,-2,0.113,0.089,BestEffort,0.113,0.089,0.3182,CTR,0.5491,0.0185276212
555,0,26.23,1012.79,22.719564,75.857752,-2,0.113,0.0864,BestEffort,0.113,0.0864,0.3169,CTR,0.5493,0.0185276212
556,0,26.01,1012.12,22.719556,75.85772,2,0.113,0.0364,BestEffort,0.113,0.0364,0.3157,CTR,0.5496,0.0185276212
557,0,25.69,1011.7,22.719714,75.85763,0,0.113,0.0518,BestEffort,0.113,0.0518,0.3145,CTR,0.5498,0.0185276212
558,0,25.65,1011.38,22.719615,75.857733,0,0.113,0.053,BestEffort,0.113,0.053,0.3132,CTR,0.5501,0.0185276212
559,0,25.83,1011.92,22.719644,75.857646,-2,0.113,0.0858,BestEffort,0.114,0.0858,0.312,CTR,0.5512,0.0185276212
560,0,26.28,1013.14,22.719576,75.857771,-5,0.113,0.1395,BestEffort,0.114,0.1395,0.3108,CTR,0.5514,0.0185276212
561,0,25.38,1013.75,22.719591,75.857751,-5,0.113,0.1335,BestEffort,0.114,0.1335,0.3095,CTR,0.5517,0.0185276212
562,0,25.85,1013.33,22.719564,75.857714,-3,0.113,0.098,BestEffort,0.113,0.098,0.3083,CTR,0.5511,0.0185276212
563,0,25.98,1012.1,22.719467,75.857708,-5,0.113,0.1435,BestEffort,0.113,0.1435,0.3071,CTR,0.5513,0.0185276212
564,0,25.39,1014.6,22.719531,75.85769,-5,0.113,0.1361,BestEffort,0.113,0.1361,0.3058,CTR,0.5516,0.0185276212
565,0,25.63,1014.36,22.719509,75.857734,-5,0.113,0.139,BestEffort,0.113,0.139,0.3046,CTR,0.5518,0.0185276212
566,0,26.01,1013.01,22.719488,75.857681,-6,0.113,0.1526,BestEffort,0.113,0.1526,0.3034,CTR,0.552,0.0185276212
567,0,25.77,1012.27,22.71954,75.857712,-7,0.113,0.1661,BestEffort,0.113,0.1661,0.3022,CTR,0.5523,0.0185276212
568,0,25.36,1014.07,22.719666,75.857744,-8,0.117,0.1861,BestEffort,0.118,0.1861,0.3009,CTR,0.5568,0.01861155153
569,0,25.77,1013.53,22.719598,75.857672,-5,0.117,0.1422,BestEffort,0.118,0.1422,0.2997,CTR,0.5571,0.01861155153
570,0,25.43,1011.08,22.719665,75.857669,-7,0.117,0.1718,BestEffort,0.117,0.1718,0.2985,CTR,0.5565,0.01861155153
571,0,25.98,1013.15,22.719621,75.85764,-6,0.117,0.1434,BestEffort,0.119,0.1434,0.2972,CTR,0.5584,0.01861155153
572,0,26.29,1013.64,22.719639,75.857647,-7,0.117,0.1679,BestEffort,0.118,0.1679,0.296,CTR,0.5578,0.01861155153
573,0,26.24,1011.9,22.719555,75.857609,-5,0.125,0.1439,BestEffort,0.126,0.1439,0.2948,CTR,0.5649,0.01878171429
574,0,26.13,1013.53,22.719626,75.857736,-1,0.125,0.0659,BestEffort,0.126,0.0659,0.2935,CTR,0.5652,0.01878171429
575,0,26.14,1011.07,22.719636,75.85779,-6,0.125,0.143,BestEffort,0.126,0.143,0.2923,CTR,0.5654,0.01878171429
576,0,25.95,1015.25,22.719571,75.857771,-5,0.125,0.1445,BestEffort,0.127,0.1445,0.2911,CTR,0.5665,0.01878171429
577,0,26.23,1015.12,22.719628,75.857619,0,0.125,0.0514,BestEffort,0.127,0.0514,0.2898,CTR,0.5668,0.01878171429
578,0,25.56,1012.87,22.719628,75.857736,0,0.125,0.0499,BestEffort,0.127,0.0499,0.2886,CTR,0.567,0.01878171429
579,0,26.18,1013.8,22.719573,75.857771,-2,0.125,0.0821,BestEffort,0.126,0.0821,0.2874,CTR,0.5664,0.01878171429
580,0,25.5,1009.64,22.719544,75.857677,-1,0.125,0.0724,BestEffort,0.126,0.0724,0.2862,CTR,0.5667,0.01878171429
581,0,25.6,1011.52,22.719541,75.857705,-1,0.125,0.0643,BestEffort,0.126,0.0643,0.2849,CTR,0.5669,0.01878171429
582,0,25.91,1012.81,22.719604,75.8576,-1,0.125,0.0727,BestEffort,0.127,0.0727,0.2837,CTR,0.568,0.01878171429
583,0,26.25,1011.64,22.719616,75.857713,-1,0.125,0.0697,BestEffort,0.127,0.0697,0.2825,CTR,0.5683,0.01878171429
584,0,25.31,1014.32,22.71956,75.857647,-1,0.125,0.0682,BestEffort,0.127,0.0682,0.2812,CTR,0.5685,0.01878171429
585,0,26.28,1016.25,22.719601,75.85771,-2,0.125,0.0847,BestEffort,0.127,0.0847,0.28,CTR,0.5688,0.01878171429
586,0,25.33,1011.49,22.719629,75.857622,-4,0.125,0.1171,BestEffort,0.127,0.1171,0.2788,CTR,0.569,0.01878171429
587,0,25.84,1011.99,22.719631,75.857727,-7,0.125,0.1742,BestEffort,0.126,0.1742,0.2775,CTR,0.5684,0.01878171429
588,0,25.33,1013.6,22.719678,75.857751,-4,0.125,0.1137,BestEffort,0.126,0.1137,0.2763,CTR,0.5686,0.01878171429
589,0,25.85,1015.67,22.719664,75.857661,-1,0.125,0.0589,BestEffort,0.126,0.0589,0.2751,CTR,0.5689,0.01878171429
590,0,25.39,1011.42,22.71955,75.857643,-3,0.125,0.1041,BestEffort,0.126,0.1041,0.2738,CTR,0.5691,0.01878171429
591,0,25.52,1013.62,22.719684,75.857592,3,0.125,0.0273,BestEffort,0.126,0.0273,0.2726,CTR,0.5694,0.01878171429
592,0,26.23,1015.98,22.719573,75.857687,2,0.125,0.035,BestEffort,0.126,0.035,0.2714,CTR,0.5696,0.01878171429
593,0,25.78,1010.77,22.719652,75.857671,3,0.125,0.0268,BestEffort,0.125,0.0268,0.2702,CTR,0.569,0.01878171429
594,0,25.68,1011.33,22.719603,75.857622,2,0.125,0.0334,BestEffort,0.125,0.0334,0.2689,CTR,0.5693,0.01878171429
595,0,25.87,1012.61,22.719579,75.857723,2,0.125,0.0356,BestEffort,0.125,0.0356,0.2677,CTR,0.5695,0.01878171429
596,0,26.15,1012.47,22.71951,75.857678,2,0.125,0.0339,BestEffort,0.125,0.0339,0.2665,CTR,0.5697,0.01878171429
597,0,25.48,1014.47,22.719591,75.857646,0,0.125,0.049,BestEffort,0.125,0.049,0.2652,CTR,0.57,0.01878171429
598,0,25.67,1013.61,22.719522,75.857672,-3,0.129,0.0994,BestEffort,0.13,0.0994,0.264,CTR,0.5746,0.01886796785
599,0,25.67,1010.59,22.719648,75.857754,-8,0.133,0.1961,BestEffort,0.133,0.1961,0.2628,CTR,0.5774,0.0189550173
600,0,26.14,1014.02,22.719676,75.85773,-4,0.133,0.1093,BestEffort,0.133,0.1093,0.2615,CTR,0.5777,0.0189550173
601,0,26.28,1012.38,22.71956,75.857693,-5,0.133,0.1375,BestEffort,0.133,0.1375,0.2603,CTR,0.5779,0.0189550173
602,0,26.29,1015.16,22.719615,75.857731,-7,0.133,0.1606,BestEffort,0.133,0.1606,0.2591,CTR,0.5781,0.0189550173
603,0,26.03,1012.31,22.719564,75.857642,-3,0.137,0.1005,BestEffort,0.136,0.1005,0.2578,CTR,0.581,0.0190428737
604,0,25.69,1012.3,22.719569,75.857702,-6,0.137,0.1498,BestEffort,0.136,0.1498,0.2566,CTR,0.5813,0.0190428737
605,0,25.99,1014.06,22.719639,75.857707,-7,0.137,0.1586,BestEffort,0.136,0.1586,0.2554,CTR,0.5815,0.0190428737
606,0,25.81,1014.39,22.719598,75.857677,-5,0.137,0.1369,BestEffort,0.136,0.1369,0.2542,CTR,0.5817,0.0190428737
607,0,26.02,1013.92,22.719687,75.857722,-5,0.137,0.1331,BestEffort,0.136,0.1331,0.2529,CTR,0.582,0.0190428737
608,0,25.69,1010.72,22.719576,75.857661,-9,0.137,0.1925,BestEffort,0.138,0.1925,0.2517,CTR,0.584,0.0190428737
609,0,25.94,1014.06,22.71965,75.857725,-5,0.137,0.1392,BestEffort,0.138,0.1392,0.2505,CTR,0.5842,0.0190428737
610,0,25.97,1011.7,22.719605,75.857728,-4,0.145,0.1252,BestEffort,0.146,0.1252,0.2492,CTR,0.5915,0.01922105263
611,0,25.71,1013.6,22.71964,75.857554,-5,0.145,0.1425,BestEffort,0.146,0.1425,0.248,CTR,0.5917,0.01922105263
612,0,25.32,1011.11,22.719578,75.85776,-9,0.145,0.2048,BestEffort,0.146,0.2048,0.2468,CTR,0.592,0.01922105263
613,0,26.08,1013.92,22.719598,75.857548,-7,0.148,0.1692,BestEffort,0.147,0.1692,0.2455,CTR,0.5931,0.01928873239
614,0,25.84,1012.04,22.719594,75.857669,-6,0.145,0.1586,BestEffort,0.147,0.1586,0.2443,CTR,0.5933,0.01922105263
615,0,25.38,1011.33,22.719558,75.857751,-7,0.145,0.1774,BestEffort,0.147,0.1774,0.2431,CTR,0.5936,0.01922105263
616,0,25.3,1014.32,22.719633,75.857684,-8,0.145,0.1917,BestEffort,0.147,0.1917,0.2418,CTR,0.5938,0.01922105263
617,0,26.16,1013.61,22.719633,75.857627,-1,0.145,0.0623,BestEffort,0.146,0.0623,0.2406,CTR,0.5932,0.01922105263
618,0,25.33,1012.33,22.71963,75.857645,2,0.145,0.0344,BestEffort,0.146,0.0344,0.2394,CTR,0.5935,0.01922105263
619,0,26.02,1015.43,22.719677,75.857751,0,0.145,0.0509,BestEffort,0.146,0.0509,0.2382,CTR,0.5937,0.01922105263
620,0,25.39,1012.59,22.719672,75.857604,4,0.145,0.0144,BestEffort,0.146,0.0144,0.2369,CTR,0.594,0.01922105263
621,0,25.84,1013.3,22.719581,75.857756,1,0.145,0.0429,BestEffort,0.146,0.0429,0.2357,CTR,0.5942,0.01922105263
622,0,25.34,1013.65,22.719619,75.857697,1,0.148,0.0465,BestEffort,0.148,0.0465,0.2345,CTR,0.5962,0.01928873239
623,0,25.82,1012.32,22.719569,75.85764,-5,0.148,0.1382,BestEffort,0.148,0.1382,0.2332,CTR,0.5965,0.01928873239
624,0,25.78,1013.96,22.719601,75.857671,5,0.148,0.0129,BestEffort,0.148,0.0129,0.232,CTR,0.5967,0.01928873239
625,0,25.64,1012.45,22.71957,75.857649,8,0.148,0.0009,BestEffort,0.147,0.0009,0.2308,CTR,0.596,0.01928873239
626,0,25.55,1012.63,22.719681,75.857743,9,0.148,0.0008,BestEffort,0.147,0.0008,0.2295,CTR,0.5963,0.01928873239
627,2,25.79,1015.29,22.719618,75.857737,8,0.145,0.0008,BestEffort,0.147,0.0008,0.2283,GCM,0.694,0.01922105263
628,2,26.13,1011.69,22.719589,75.857614,7,0.145,0.0007,BestEffort,0.147,0.0007,0.2271,GCM,0.6942,0.01922105263
629,2,25.32,1009.63,22.71966,75.85768,8,0.145,0.0007,BestEffort,0.147,0.0007,0.2258,GCM,0.6945,0.01922105263
630,2,25.78,1015.67,22.719491,75.857657,10,0.145,0.0006,BestEffort,0.146,0.0006,0.2246,GCM,0.6937,0.01922105263
631,2,25.78,1017.07,22.719499,75.857765,9,0.145,0.0009,BestEffort,0.146,0.0009,0.2234,GCM,0.6943,0.01922105263
632,2,26.02,1012.64,22.71964,75.857632,8,0.145,0.0006,BestEffort,0.146,0.0006,0.2222,GCM,0.6943,0.01922105263
633,2,26.03,1010.34,22.719603,75.85778,9,0.145,0.0009,BestEffort,0.146,0.0009,0.2209,GCM,0.6949,0.01922105263
634,2,25.64,1012.78,22.719613,75.857698,10,0.145,0.0009,BestEffort,0.146,0.0009,0.2197,GCM,0.6952,0.01922105263
635,2,26.26,1012.82,22.719534,75.857642,9,0.145,0.0008,BestEffort,0.146,0.0008,0.2185,GCM,0.6954,0.01922105263
636,2,26.12,1012.97,22.719599,75.857666,11,0.145,0.0009,BestEffort,0.145,0.0009,0.2172,GCM,0.6948,0.01922105263
637,2,25.38,1011.58,22.7197,75.85766,9,0.145,0.0006,BestEffort,0.145,0.0006,0.216,GCM,0.6948,0.01922105263
638,2,25.36,1014.12,22.719641,75.857636,9,0.145,0.0009,BestEffort,0.145,0.0009,0.2148,GCM,0.6954,0.01922105263
639,2,25.55,1014.04,22.719608,75.857705,8,0.145,0.0009,BestEffort,0.145,0.0009,0.2135,GCM,0.6957,0.01922105263
640,2,25.62,1011.01,22.719578,75.857639,8,0.145,0.0009,BestEffort,0.145,0.0009,0.2123,GCM,0.696,0.01922105263
641,2,26.05,1014.3,22.71958,75.857591,9,0.145,0.0008,BestEffort,0.145,0.0008,0.2111,GCM,0.6962,0.01922105263
642,2,26.15,1016.33,22.719494,75.857681,9,0.145,0.0009,BestEffort,0.144,0.0009,0.2098,GCM,0.6957,0.01922105263
643,2,25.84,1013.51,22.719613,75.85761,10,0.145,0.001,BestEffort,0.144,0.001,0.2086,GCM,0.696,0.01922105263
644,2,25.9,1012.74,22.719642,75.857662,9,0.145,0.0007,BestEffort,0.144,0.0007,0.2074,GCM,0.696,0.01922105263
645,2,25.33,1013.04,22.719521,75.857655,9,0.145,0.0009,BestEffort,0.145,0.0009,0.2062,GCM,0.6975,0.01922105263
646,2,26.21,1014.17,22.719567,75.857656,7,0.145,0.0009,BestEffort,0.145,0.0009,0.2049,GCM,0.6978,0.01922105263
647,2,25.74,1010.65,22.719542,75.8578,8,0.145,0.0007,BestEffort,0.145,0.0007,0.2037,GCM,0.6979,0.01922105263
648,2,26,1013.5,22.719552,75.857703,8,0.145,0.001,BestEffort,0.145,0.001,0.2025,GCM,0.6984,0.01922105263
649,2,25.39,1012.66,22.719603,75.857712,8,0.145,0.0007,BestEffort,0.144,0.0007,0.2012,GCM,0.6975,0.01922105263
650,2,25.55,1016.02,22.719496,75.857611,7,0.145,0.0008,BestEffort,0.144,0.0008,0.2,GCM,0.6979,0.01922105263