Sequence,Mode,Temperature,Pressure,Latitude,Longitude,SNR,PER,AuthFail,Policy,PerRadio,PerAuth,Battery,SelectedMode,Cost
0,0,25.33,0.0,0.0,0.0,10,0.012,0.0,BestEffort,0.011,0.0,1.0,CTR,0.3288
1,0,25.78,0.0,0.0,0.0,10,0.012,0.0,BestEffort,0.011,0.0,1.0,CTR,0.3287
2,0,25.96,0.0,0.0,0.0,10,0.012,0.0,BestEffort,0.011,0.0,1.0,CTR,0.3286
3,0,25.65,0.0,0.0,0.0,10,0.012,0.0,BestEffort,0.011,0.0,1.0,CTR,0.3285
4,0,25.5,0.0,0.0,0.0,10,0.012,0.0,BestEffort,0.011,0.0,1.0,CTR,0.3284
5,0,25.83,0.0,0.0,0.0,9,0.012,0.0,BestEffort,0.011,0.0,1.0,CTR,0.3283
6,0,25.84,0.0,0.0,0.0,10,0.012,0.0,BestEffort,0.01,0.0,1.0,CTR,0.3283
7,0,26.21,0.0,0.0,0.0,9,0.02,0.0,BestEffort,0.021,0.0,1.0,CTR,0.3364
8,0,25.75,0.0,0.0,0.0,9,0.02,0.0,BestEffort,0.02,0.0,1.0,CTR,0.3362
9,0,25.45,0.0,0.0,0.0,7,0.02,0.0,BestEffort,0.02,0.0,1.0,CTR,0.3361
10,0,25.62,0.0,0.0,0.0,9,0.02,0.0,BestEffort,0.02,0.0,1.0,CTR,0.3359
11,0,25.31,0.0,0.0,0.0,8,0.02,0.0,BestEffort,0.02,0.0,1.0,CTR,0.3357
12,0,26.11,0.0,0.0,0.0,2,0.02,0.0,BestEffort,0.02,0.0,1.0,CTR,0.3356
13,0,25.4,0.0,0.0,0.0,5,0.02,0.0,BestEffort,0.019,0.0,1.0,CTR,0.3354
14,0,26.12,0.0,0.0,0.0,6,0.02,0.0,BestEffort,0.019,0.0,1.0,CTR,0.3353
15,0,25.93,0.0,0.0,0.0,-3,0.02,0.0,BestEffort,0.019,0.0,1.0,CTR,0.3351
16,0,25.88,0.0,0.0,0.0,7,0.02,0.0,BestEffort,0.019,0.0,1.0,CTR,0.335
17,0,25.7,0.0,0.0,0.0,5,0.02,0.0,BestEffort,0.019,0.0,1.0,CTR,0.3349
18,0,25.57,0.0,0.0,0.0,0,0.02,0.0,BestEffort,0.019,0.0,1.0,CTR,0.3347
19,0,26.02,0.0,0.0,0.0,4,0.02,0.0,BestEffort,0.018,0.0,1.0,CTR,0.3346
20,0,26.22,0.0,0.0,0.0,-4,0.02,0.0,BestEffort,0.018,0.0,1.0,CTR,0.3344
21,0,26.12,0.0,0.0,0.0,0,0.02,0.0,BestEffort,0.018,0.0,1.0,CTR,0.3343
22,0,25.4,0.0,0.0,0.0,2,0.02,0.0,BestEffort,0.018,0.0,1.0,CTR,0.3342
23,0,26.22,0.0,0.0,0.0,2,0.02,0.0,BestEffort,0.018,0.0,1.0,CTR,0.3341
24,0,26.11,0.0,0.0,0.0,7,0.016,0.0,BestEffort,0.018,0.0,1.0,CTR,0.3339
25,0,25.38,0.0,0.0,0.0,5,0.016,0.0,BestEffort,0.017,0.0,1.0,CTR,0.3338
26,0,25.87,0.0,0.0,0.0,9,0.016,0.0,BestEffort,0.017,0.0,1.0,CTR,0.3337
27,0,25.58,0.0,0.0,0.0,2,0.027,0.0,BestEffort,0.026,0.0,1.0,CTR,0.3404
28,0,25.72,0.0,0.0,0.0,7,0.023,0.0,BestEffort,0.025,0.0,1.0,CTR,0.3402
29,0,26.09,0.0,0.0,0.0,7,0.023,0.0,BestEffort,0.025,0.0,1.0,CTR,0.3401
30,0,25.66,0.0,0.0,0.0,-3,0.023,0.0,BestEffort,0.025,0.0,1.0,CTR,0.3399
31,0,25.5,0.0,0.0,0.0,3,0.023,0.0,BestEffort,0.025,0.0,1.0,CTR,0.3397
32,0,26.2,0.0,0.0,0.0,4,0.023,0.0,BestEffort,0.025,0.0,1.0,CTR,0.3396
33,0,25.56,0.0,0.0,0.0,-7,0.031,0.0,BestEffort,0.033,0.0,1.0,CTR,0.346
34,0,25.39,0.0,0.0,0.0,1,0.047,0.0,BestEffort,0.048,0.0,1.0,CTR,0.3588
35,0,26.27,0.0,0.0,0.0,2,0.047,0.0,BestEffort,0.048,0.0,1.0,CTR,0.3585
36,0,25.92,0.0,0.0,0.0,0,0.047,0.0,BestEffort,0.048,0.0,1.0,CTR,0.3582
37,0,26.24,0.0,0.0,0.0,0,0.047,0.0,BestEffort,0.047,0.0,1.0,CTR,0.3579
38,0,26.06,0.0,0.0,0.0,4,0.047,0.0,BestEffort,0.047,0.0,1.0,CTR,0.3576
39,0,25.93,0.0,0.0,0.0,5,0.047,0.0,BestEffort,0.047,0.0,1.0,CTR,0.3573
40,0,25.34,0.0,0.0,0.0,-2,0.047,0.0,BestEffort,0.046,0.0,1.0,CTR,0.357
41,0,25.88,0.0,0.0,0.0,6,0.047,0.0,BestEffort,0.046,0.0,1.0,CTR,0.3567
42,0,25.3,0.0,0.0,0.0,8,0.047,0.0,BestEffort,0.045,0.0,1.0,CTR,0.3564
43,0,26.27,0.0,0.0,0.0,7,0.047,0.0,BestEffort,0.045,0.0,1.0,CTR,0.3562
44,0,26.27,0.0,0.0,0.0,8,0.043,0.0,BestEffort,0.045,0.0,1.0,CTR,0.3559
45,0,26.09,0.0,0.0,0.0,9,0.043,0.0,BestEffort,0.044,0.0,1.0,CTR,0.3556
46,0,26.23,0.0,0.0,0.0,9,0.043,0.0,BestEffort,0.044,0.0,1.0,CTR,0.3553
47,0,26.29,0.0,0.0,0.0,9,0.043,0.0,BestEffort,0.044,0.0,1.0,CTR,0.3551
48,0,26.18,0.0,0.0,0.0,8,0.043,0.0,BestEffort,0.043,0.0,1.0,CTR,0.3548
49,0,25.49,0.0,0.0,0.0,9,0.043,0.0,BestEffort,0.043,0.0,1.0,CTR,0.3546
50,0,26.03,0.0,0.0,0.0,9,0.043,0.0,BestEffort,0.043,0.0,1.0,CTR,0.3543
51,0,25.93,0.0,0.0,0.0,11,0.043,0.0,BestEffort,0.043,0.0,1.0,CTR,0.3541
52,0,25.85,0.0,0.0,0.0,10,0.043,0.0,BestEffort,0.042,0.0,1.0,CTR,0.3538
53,0,25.6,0.0,0.0,0.0,9,0.043,0.0,BestEffort,0.042,0.0,1.0,CTR,0.3536
54,0,26.05,0.0,0.0,0.0,9,0.043,0.0,BestEffort,0.042,0.0,1.0,CTR,0.3534
55,0,25.94,0.0,0.0,0.0,8,0.043,0.0,BestEffort,0.041,0.0,1.0,CTR,0.3531
56,0,25.94,0.0,0.0,0.0,9,0.039,0.0,BestEffort,0.041,0.0,1.0,CTR,0.3529
57,0,26.29,0.0,0.0,0.0,9,0.039,0.0,BestEffort,0.041,0.0,1.0,CTR,0.3527
58,0,26.09,0.0,0.0,0.0,9,0.047,0.0,BestEffort,0.047,0.0,1.0,CTR,0.3579
59,0,25.93,0.0,0.0,0.0,10,0.047,0.0,BestEffort,0.047,0.0,1.0,CTR,0.3577
60,0,25.61,0.0,0.0,0.0,9,0.047,0.0,BestEffort,0.047,0.0,1.0,CTR,0.3574
61,0,26.05,0.0,0.0,0.0,9,0.047,0.0,BestEffort,0.046,0.0,1.0,CTR,0.3572
62,0,25.82,0.0,0.0,0.0,10,0.047,0.0,BestEffort,0.046,0.0,1.0,CTR,0.3569
63,0,25.49,0.0,0.0,0.0,10,0.047,0.0,BestEffort,0.046,0.0,1.0,CTR,0.3567
64,0,26.13,0.0,0.0,0.0,9,0.047,0.0,BestEffort,0.045,0.0,1.0,CTR,0.3564
65,0,25.33,0.0,0.0,0.0,9,0.047,0.0,BestEffort,0.045,0.0,1.0,CTR,0.3562
66,0,25.43,0.0,0.0,0.0,9,0.043,0.0,BestEffort,0.045,0.0,1.0,CTR,0.356
67,0,26.21,0.0,0.0,0.0,9,0.043,0.0,BestEffort,0.045,0.0,1.0,CTR,0.3557
68,0,26.1,0.0,0.0,0.0,9,0.043,0.0,BestEffort,0.044,0.0,1.0,CTR,0.3555
69,0,25.87,0.0,0.0,0.0,9,0.043,0.0,BestEffort,0.044,0.0,1.0,CTR,0.3553
70,0,25.52,0.0,0.0,0.0,10,0.043,0.0,BestEffort,0.044,0.0,1.0,CTR,0.355
71,0,25.73,0.0,0.0,0.0,9,0.043,0.0,BestEffort,0.043,0.0,1.0,CTR,0.3548
72,0,26.13,0.0,0.0,0.0,9,0.043,0.0,BestEffort,0.043,0.0,1.0,CTR,0.3546
73,0,25.82,0.0,0.0,0.0,9,0.043,0.0,BestEffort,0.043,0.0,1.0,CTR,0.3544
74,0,25.66,0.0,0.0,0.0,9,0.043,0.0,BestEffort,0.043,0.0,1.0,CTR,0.3542
75,0,25.91,0.0,0.0,0.0,9,0.043,0.0,BestEffort,0.042,0.0,1.0,CTR,0.354
76,0,26.16,0.0,0.0,0.0,9,0.043,0.0,BestEffort,0.042,0.0,1.0,CTR,0.3538
77,0,25.41,0.0,0.0,0.0,9,0.043,0.0,BestEffort,0.042,0.0,1.0,CTR,0.3536
78,0,26.18,0.0,0.0,0.0,9,0.043,0.0,BestEffort,0.042,0.0,1.0,CTR,0.3534
79,0,25.42,0.0,0.0,0.0,9,0.043,0.0,BestEffort,0.041,0.0,1.0,CTR,0.3532
80,0,25.58,0.0,0.0,0.0,10,0.043,0.0,BestEffort,0.041,0.0,1.0,CTR,0.353
81,0,25.83,0.0,0.0,0.0,9,0.039,0.0,BestEffort,0.041,0.0,1.0,CTR,0.3528
82,0,26.1,0.0,0.0,0.0,10,0.039,0.0,BestEffort,0.041,0.0,1.0,CTR,0.3526
83,0,26.01,0.0,0.0,0.0,9,0.039,0.0,BestEffort,0.04,0.0,1.0,CTR,0.3524
84,0,25.94,0.0,0.0,0.0,9,0.039,0.0,BestEffort,0.04,0.0,1.0,CTR,0.3522
85,0,25.94,0.0,0.0,0.0,10,0.039,0.0,BestEffort,0.04,0.0,1.0,CTR,0.352
86,0,25.75,0.0,0.0,0.0,9,0.039,0.0,BestEffort,0.04,0.0,1.0,CTR,0.3518
87,0,25.96,0.0,0.0,0.0,9,0.039,0.0,BestEffort,0.04,0.0,1.0,CTR,0.3516
88,0,26.07,0.0,0.0,0.0,9,0.039,0.0,BestEffort,0.039,0.0,1.0,CTR,0.3515
89,0,25.88,0.0,0.0,0.0,10,0.039,0.0,BestEffort,0.039,0.0,1.0,CTR,0.3513
90,0,26.11,0.0,0.0,0.0,9,0.039,0.0,BestEffort,0.039,0.0,1.0,CTR,0.3511
91,0,25.47,0.0,0.0,0.0,9,0.039,0.0,BestEffort,0.039,0.0,1.0,CTR,0.3509
92,0,25.66,0.0,0.0,0.0,9,0.039,0.0,BestEffort,0.038,0.0,1.0,CTR,0.3508
93,0,25.77,0.0,0.0,0.0,10,0.039,0.0,BestEffort,0.038,0.0,1.0,CTR,0.3506
94,0,25.51,0.0,0.0,0.0,9,0.039,0.0,BestEffort,0.038,0.0,1.0,CTR,0.3504
95,0,25.63,0.0,0.0,0.0,9,0.039,0.0,BestEffort,0.038,0.0,1.0,CTR,0.3502
96,0,26.05,0.0,0.0,0.0,10,0.039,0.0,BestEffort,0.038,0.0,1.0,CTR,0.3501
97,0,25.98,0.0,0.0,0.0,9,0.039,0.0,BestEffort,0.037,0.0,1.0,CTR,0.3499
98,0,25.37,0.0,0.0,0.0,10,0.035,0.0,BestEffort,0.037,0.0,1.0,CTR,0.3498
99,0,26.1,0.0,0.0,0.0,9,0.035,0.0,BestEffort,0.037,0.0,1.0,CTR,0.3496
100,0,25.47,0.0,0.0,0.0,9,0.035,0.0,BestEffort,0.037,0.0,1.0,CTR,0.3494
101,0,25.82,0.0,0.0,0.0,9,0.035,0.0,BestEffort,0.037,0.0,1.0,CTR,0.3493
102,0,25.55,0.0,0.0,0.0,9,0.035,0.0,BestEffort,0.036,0.0,1.0,CTR,0.3491
103,0,25.82,0.0,0.0,0.0,9,0.035,0.0,BestEffort,0.036,0.0,1.0,CTR,0.349
104,0,26.21,0.0,0.0,0.0,9,0.035,0.0,BestEffort,0.036,0.0,1.0,CTR,0.3488
105,0,25.33,0.0,0.0,0.0,10,0.035,0.0,BestEffort,0.036,0.0,1.0,CTR,0.3487
106,0,26.02,0.0,0.0,0.0,7,0.035,0.0,BestEffort,0.036,0.0,1.0,CTR,0.3485
107,0,25.38,0.0,0.0,0.0,10,0.035,0.0,BestEffort,0.036,0.0,1.0,CTR,0.3484
108,0,26.22,0.0,0.0,0.0,9,0.035,0.0,BestEffort,0.035,0.0,1.0,CTR,0.3482
109,0,25.81,0.0,0.0,0.0,10,0.035,0.0,BestEffort,0.035,0.0,1.0,CTR,0.3481
110,0,26.21,0.0,0.0,0.0,9,0.035,0.0,BestEffort,0.035,0.0,1.0,CTR,0.348
111,0,25.3,0.0,0.0,0.0,9,0.035,0.0,BestEffort,0.035,0.0,1.0,CTR,0.3478
112,0,26.29,0.0,0.0,0.0,9,0.035,0.0,BestEffort,0.035,0.0,1.0,CTR,0.3477
113,0,26.18,0.0,0.0,0.0,9,0.035,0.0,BestEffort,0.034,0.0,1.0,CTR,0.3475
114,0,25.73,0.0,0.0,0.0,9,0.035,0.0,BestEffort,0.034,0.0,1.0,CTR,0.3474
115,0,25.95,0.0,0.0,0.0,9,0.035,0.0,BestEffort,0.034,0.0,1.0,CTR,0.3473
116,0,25.44,0.0,0.0,0.0,9,0.035,0.0,BestEffort,0.034,0.0,1.0,CTR,0.3471
117,0,26.28,0.0,0.0,0.0,9,0.035,0.0,BestEffort,0.034,0.0,1.0,CTR,0.347
118,0,25.42,0.0,0.0,0.0,9,0.035,0.0,BestEffort,0.034,0.0,1.0,CTR,0.3469
119,0,25.84,0.0,0.0,0.0,9,0.035,0.0,BestEffort,0.033,0.0,1.0,CTR,0.3467
120,0,25.77,0.0,0.0,0.0,9,0.035,0.0,BestEffort,0.033,0.0,1.0,CTR,0.3466
121,0,26.09,0.0,0.0,0.0,9,0.031,0.0,BestEffort,0.033,0.0,1.0,CTR,0.3465
122,0,26.04,0.0,0.0,0.0,10,0.031,0.0,BestEffort,0.033,0.0,1.0,CTR,0.3464
123,0,25.93,0.0,0.0,0.0,9,0.031,0.0,BestEffort,0.033,0.0,1.0,CTR,0.3462
124,0,25.69,0.0,0.0,0.0,10,0.031,0.0,BestEffort,0.033,0.0,1.0,CTR,0.3461
125,0,26.01,0.0,0.0,0.0,8,0.031,0.0,BestEffort,0.033,0.0,1.0,CTR,0.346
126,0,25.63,0.0,0.0,0.0,9,0.031,0.0,BestEffort,0.032,0.0,1.0,CTR,0.3459
127,0,25.98,0.0,0.0,0.0,9,0.031,0.0,BestEffort,0.032,0.0,1.0,CTR,0.3457
128,0,25.59,0.0,0.0,0.0,9,0.031,0.0,BestEffort,0.032,0.0,1.0,CTR,0.3456
129,0,25.57,0.0,0.0,0.0,9,0.031,0.0,BestEffort,0.032,0.0,1.0,CTR,0.3455
130,0,25.52,0.0,0.0,0.0,10,0.031,0.0,BestEffort,0.032,0.0,1.0,CTR,0.3454
131,0,26.06,0.0,0.0,0.0,9,0.031,0.0,BestEffort,0.032,0.0,1.0,CTR,0.3453
132,0,26.2,0.0,0.0,0.0,9,0.031,0.0,BestEffort,0.032,0.0,1.0,CTR,0.3452
133,0,25.3,0.0,0.0,0.0,7,0.031,0.0,BestEffort,0.031,0.0,1.0,CTR,0.345
134,0,25.73,0.0,0.0,0.0,1,0.031,0.0,BestEffort,0.031,0.0,1.0,CTR,0.3449
135,0,25.48,0.0,0.0,0.0,8,0.031,0.0,BestEffort,0.031,0.0,1.0,CTR,0.3448
136,0,25.38,0.0,0.0,0.0,2,0.031,0.0,BestEffort,0.031,0.0,1.0,CTR,0.3447
137,0,26.24,0.0,0.0,0.0,8,0.031,0.0,BestEffort,0.031,0.0,1.0,CTR,0.3446
138,0,26.01,0.0,0.0,0.0,8,0.031,0.0,BestEffort,0.031,0.0,1.0,CTR,0.3445
139,0,25.71,0.0,0.0,0.0,7,0.031,0.0,BestEffort,0.031,0.0,1.0,CTR,0.3444
140,0,25.55,0.0,0.0,0.0,7,0.031,0.0,BestEffort,0.03,0.0,1.0,CTR,0.3443
141,0,26.15,0.0,0.0,0.0,5,0.031,0.0,BestEffort,0.03,0.0,1.0,CTR,0.3442
142,0,25.66,0.0,0.0,0.0,7,0.031,0.0,BestEffort,0.03,0.0,1.0,CTR,0.3441
143,0,25.63,0.0,0.0,0.0,5,0.031,0.0,BestEffort,0.03,0.0,1.0,CTR,0.344
144,0,25.32,0.0,0.0,0.0,7,0.031,0.0,BestEffort,0.03,0.0,1.0,CTR,0.3439
145,0,25.7,0.0,0.0,0.0,7,0.031,0.0,BestEffort,0.03,0.0,1.0,CTR,0.3438
146,0,25.7,0.0,0.0,0.0,5,0.031,0.0,BestEffort,0.03,0.0,1.0,CTR,0.3436
147,0,26.21,0.0,0.0,0.0,5,0.031,0.0,BestEffort,0.03,0.0,1.0,CTR,0.3435
148,0,25.95,0.0,0.0,0.0,6,0.031,0.0,BestEffort,0.029,0.0,1.0,CTR,0.3434
149,0,26.22,0.0,0.0,0.0,7,0.027,0.0,BestEffort,0.029,0.0,1.0,CTR,0.3434
150,0,25.79,0.0,0.0,0.0,5,0.027,0.0,BestEffort,0.029,0.0,1.0,CTR,0.3433
151,0,25.76,0.0,0.0,0.0,5,0.027,0.0,BestEffort,0.029,0.0,1.0,CTR,0.3432
152,0,25.53,0.0,0.0,0.0,4,0.027,0.0,BestEffort,0.029,0.0,1.0,CTR,0.3431
153,0,25.69,0.0,0.0,0.0,4,0.027,0.0,BestEffort,0.029,0.0,1.0,CTR,0.343
154,0,25.7,0.0,0.0,0.0,3,0.027,0.0,BestEffort,0.029,0.0,1.0,CTR,0.3429
155,0,25.62,0.0,0.0,0.0,2,0.027,0.0,BestEffort,0.029,0.0,1.0,CTR,0.3428
156,0,25.99,0.0,0.0,0.0,3,0.027,0.0,BestEffort,0.028,0.0,1.0,CTR,0.3427
157,0,26.05,0.0,0.0,0.0,0,0.027,0.0,BestEffort,0.028,0.0,1.0,CTR,0.3426
158,0,25.87,0.0,0.0,0.0,-1,0.027,0.0,BestEffort,0.028,0.0,1.0,CTR,0.3425
159,0,26.19,0.0,0.0,0.0,-2,0.027,0.0,BestEffort,0.028,0.0,1.0,CTR,0.3424
160,0,25.49,0.0,0.0,0.0,0,0.027,0.0,BestEffort,0.028,0.0,1.0,CTR,0.3423
161,0,25.78,0.0,0.0,0.0,2,0.027,0.0,BestEffort,0.028,0.0,1.0,CTR,0.3422
162,0,25.57,0.0,0.0,0.0,1,0.027,0.0,BestEffort,0.028,0.0,1.0,CTR,0.3421
163,0,25.31,0.0,0.0,0.0,1,0.027,0.0,BestEffort,0.028,0.0,1.0,CTR,0.342
164,0,25.68,0.0,0.0,0.0,0,0.027,0.0,BestEffort,0.028,0.0,1.0,CTR,0.342
165,0,25.72,0.0,0.0,0.0,0,0.027,0.0,BestEffort,0.027,0.0,1.0,CTR,0.3419
166,0,26.03,0.0,0.0,0.0,-1,0.027,0.0,BestEffort,0.027,0.0,1.0,CTR,0.3418
167,0,26.26,0.0,22.7593,75.8256,-1,0.027,0.0,BestEffort,0.027,0.0,1.0,CTR,0.3417
168,0,26.05,0.0,22.7593,75.8257,-1,0.027,0.0,BestEffort,0.027,0.0,1.0,CTR,0.3416
169,0,26.12,0.0,22.7592,75.8257,0,0.027,0.0,BestEffort,0.027,0.0,1.0,CTR,0.3415
170,0,25.37,0.0,22.7592,75.8257,-2,0.027,0.0,BestEffort,0.027,0.0,1.0,CTR,0.3414
171,0,25.73,0.0,22.7592,75.8257,-4,0.027,0.0,BestEffort,0.027,0.0,1.0,CTR,0.3414
172,0,25.91,0.0,22.7592,75.8257,-3,0.027,0.0,BestEffort,0.027,0.0,1.0,CTR,0.3413
173,0,25.51,0.0,22.7593,75.8257,-2,0.027,0.0,BestEffort,0.027,0.0,1.0,CTR,0.3412
174,0,25.3,0.0,22.7593,75.8257,-8,0.027,0.0,BestEffort,0.027,0.0,1.0,CTR,0.3411
175,0,26.17,0.0,22.7593,75.8257,-4,0.027,0.0,BestEffort,0.026,0.0,1.0,CTR,0.341
176,0,26.15,0.0,22.7593,75.8257,-6,0.031,0.0,BestEffort,0.03,0.0,1.0,CTR,0.344
177,0,26.08,0.0,22.7593,75.8257,-5,0.031,0.0,BestEffort,0.03,0.0,1.0,CTR,0.3439
178,0,25.45,0.0,22.7593,75.8257,-6,0.031,0.0,BestEffort,0.03,0.0,1.0,CTR,0.3438
179,0,25.59,0.0,22.7593,75.8257,-6,0.031,0.0,BestEffort,0.03,0.0,1.0,CTR,0.3437
180,0,26.24,0.0,22.7593,75.8257,-5,0.031,0.0,BestEffort,0.03,0.0,1.0,CTR,0.3436
181,0,25.92,0.0,22.7593,75.8257,-4,0.031,0.0,BestEffort,0.03,0.0,1.0,CTR,0.3435
182,0,25.96,0.0,22.7593,75.8257,-6,0.031,0.0,BestEffort,0.029,0.0,1.0,CTR,0.3434
183,0,25.85,0.0,22.7593,75.8257,-5,0.027,0.0,BestEffort,0.029,0.0,1.0,CTR,0.3434
184,0,25.8,0.0,22.7593,75.8257,-6,0.027,0.0,BestEffort,0.029,0.0,1.0,CTR,0.3433
185,0,25.35,0.0,22.7593,75.8257,-4,0.027,0.0,BestEffort,0.029,0.0,1.0,CTR,0.3432
186,0,25.72,0.0,22.7593,75.8257,-5,0.027,0.0,BestEffort,0.029,0.0,1.0,CTR,0.3431
187,0,25.95,0.0,22.7593,75.8257,-5,0.027,0.0,BestEffort,0.029,0.0,1.0,CTR,0.343
188,0,26.12,0.0,22.7593,75.8257,-5,0.027,0.0,BestEffort,0.029,0.0,1.0,CTR,0.3429
189,0,25.98,0.0,22.7593,75.8257,-5,0.027,0.0,BestEffort,0.029,0.0,1.0,CTR,0.3429
190,0,25.62,0.0,22.7593,75.8257,-5,0.027,0.0,BestEffort,0.029,0.0,1.0,CTR,0.3428
191,0,25.63,0.0,22.7593,75.8257,-1,0.027,0.0,BestEffort,0.028,0.0,1.0,CTR,0.3427
192,0,25.78,0.0,22.7593,75.8257,-1,0.031,0.0,BestEffort,0.032,0.0,1.0,CTR,0.3455
193,0,25.51,0.0,22.7593,75.8257,-2,0.031,0.0,BestEffort,0.032,0.0,1.0,CTR,0.3454
194,0,25.98,0.0,22.7593,75.8257,-3,0.031,0.0,BestEffort,0.032,0.0,1.0,CTR,0.3453
195,0,25.48,0.0,22.7593,75.8257,-3,0.031,0.0,BestEffort,0.032,0.0,1.0,CTR,0.3452
196,0,25.64,0.0,22.7593,75.8257,-5,0.031,0.0,BestEffort,0.031,0.0,1.0,CTR,0.3451
197,0,25.56,0.0,22.7593,75.8257,-4,0.031,0.0,BestEffort,0.031,0.0,1.0,CTR,0.345
198,0,25.95,0.0,22.7593,75.8257,-7,0.031,0.0,BestEffort,0.031,0.0,1.0,CTR,0.3449
199,0,25.75,0.0,22.7593,75.8257,-5,0.031,0.0,BestEffort,0.031,0.0,1.0,CTR,0.3448
200,0,26.0,0.0,22.7593,75.8257,-5,0.031,0.0,BestEffort,0.031,0.0,1.0,CTR,0.3448
201,0,25.33,0.0,22.7593,75.8257,-5,0.031,0.0,BestEffort,0.031,0.0,1.0,CTR,0.3447
202,0,25.33,0.0,22.7593,75.8257,-5,0.031,0.0,BestEffort,0.031,0.0,1.0,CTR,0.3446
203,0,26.16,0.0,22.7593,75.8257,-8,0.031,0.0,BestEffort,0.031,0.0,1.0,CTR,0.3445
204,0,26.28,0.0,22.7593,75.8257,-8,0.031,0.0,BestEffort,0.031,0.0,1.0,CTR,0.3444
205,0,25.8,0.0,22.7593,75.8257,-7,0.031,0.0,BestEffort,0.031,0.0,1.0,CTR,0.3443
206,0,25.92,0.0,22.7593,75.8257,-6,0.031,0.0,BestEffort,0.03,0.0,1.0,CTR,0.3442
207,0,25.49,0.0,22.7593,75.8256,-7,0.035,0.0,BestEffort,0.034,0.0,1.0,CTR,0.3469
208,0,25.98,0.0,22.7594,75.8256,-4,0.035,0.0,BestEffort,0.034,0.0,1.0,CTR,0.3468
209,0,25.98,0.0,22.7594,75.8256,-8,0.035,0.0,BestEffort,0.033,0.0,1.0,CTR,0.3467
210,0,25.65,0.0,22.7593,75.8256,-2,0.035,0.0,BestEffort,0.033,0.0,1.0,CTR,0.3466
211,0,26.24,0.0,22.7594,75.8256,-1,0.031,0.0,BestEffort,0.033,0.0,1.0,CTR,0.3465
212,0,25.43,0.0,22.7594,75.8256,1,0.031,0.0,BestEffort,0.033,0.0,1.0,CTR,0.3464
213,0,26.19,0.0,22.7594,75.8256,-2,0.031,0.0,BestEffort,0.033,0.0,1.0,CTR,0.3463
214,0,25.89,0.0,22.7594,75.8256,-1,0.031,0.0,BestEffort,0.033,0.0,1.0,CTR,0.3463
215,0,25.63,0.0,22.7594,75.8256,-2,0.031,0.0,BestEffort,0.033,0.0,1.0,CTR,0.3462
216,0,25.7,0.0,22.7594,75.8256,0,0.031,0.0,BestEffort,0.033,0.0,1.0,CTR,0.3461
217,0,26.16,0.0,22.7594,75.8256,0,0.031,0.0,BestEffort,0.033,0.0,1.0,CTR,0.346
218,0,25.55,0.0,22.7594,75.8256,0,0.031,0.0,BestEffort,0.032,0.0,1.0,CTR,0.3459
219,0,25.47,0.0,22.7594,75.8256,1,0.031,0.0,BestEffort,0.032,0.0,1.0,CTR,0.3458
220,0,25.59,0.0,22.7594,75.8256,3,0.031,0.0,BestEffort,0.032,0.0,1.0,CTR,0.3457
221,0,25.73,0.0,22.7594,75.8256,3,0.031,0.0,BestEffort,0.032,0.0,1.0,CTR,0.3457
222,0,25.58,0.0,22.7594,75.8256,4,0.031,0.0,BestEffort,0.032,0.0,1.0,CTR,0.3456
223,0,25.99,0.0,22.7594,75.8256,4,0.031,0.0,BestEffort,0.032,0.0,1.0,CTR,0.3455
224,0,26.07,0.0,22.7594,75.8256,5,0.031,0.0,BestEffort,0.032,0.0,1.0,CTR,0.3454
225,0,25.93,0.0,22.7594,75.8256,6,0.031,0.0,BestEffort,0.032,0.0,1.0,CTR,0.3453
226,0,25.97,0.0,22.7594,75.8256,6,0.031,0.0,BestEffort,0.032,0.0,1.0,CTR,0.3452
227,0,26.29,0.0,22.7594,75.8256,4,0.031,0.0,BestEffort,0.032,0.0,1.0,CTR,0.3452
228,0,25.4,0.0,22.7594,75.8256,5,0.031,0.0,BestEffort,0.031,0.0,1.0,CTR,0.3451
229,0,25.99,0.0,22.7594,75.8256,-4,0.031,0.0,BestEffort,0.031,0.0,1.0,CTR,0.345
230,0,25.67,0.0,22.7594,75.8256,-2,0.031,0.0,BestEffort,0.031,0.0,1.0,CTR,0.3449
231,0,25.98,0.0,22.7594,75.8256,7,0.031,0.0,BestEffort,0.031,0.0,1.0,CTR,0.3449
232,0,26.28,0.0,22.7594,75.8256,4,0.031,0.0,BestEffort,0.031,0.0,1.0,CTR,0.3448
233,0,25.98,0.0,22.7595,75.8256,3,0.031,0.0,BestEffort,0.031,0.0,1.0,CTR,0.3447
234,0,26.06,0.0,22.7595,75.8256,4,0.031,0.0,BestEffort,0.031,0.0,1.0,CTR,0.3446
235,0,25.77,0.0,22.7595,75.8256,7,0.031,0.0,BestEffort,0.031,0.0,1.0,CTR,0.3445
236,0,25.4,0.0,22.7595,75.8256,7,0.031,0.0,BestEffort,0.031,0.0,1.0,CTR,0.3445
237,0,25.77,0.0,22.7595,75.8256,8,0.031,0.0,BestEffort,0.031,0.0,1.0,CTR,0.3444
238,0,26.05,0.0,22.7595,75.8256,9,0.031,0.0,BestEffort,0.03,0.0,1.0,CTR,0.3443
239,0,25.34,0.0,22.7595,75.8256,9,0.031,0.0,BestEffort,0.03,0.0,1.0,CTR,0.3442
240,0,25.77,0.0,22.7595,75.8256,8,0.031,0.0,BestEffort,0.03,0.0,1.0,CTR,0.3442
241,0,25.99,0.0,22.7595,75.8256,6,0.031,0.0,BestEffort,0.03,0.0,1.0,CTR,0.3441
242,0,25.44,0.0,22.7595,75.8256,4,0.031,0.0,BestEffort,0.03,0.0,1.0,CTR,0.344
243,0,25.43,0.0,22.7595,75.8256,5,0.031,0.0,BestEffort,0.03,0.0,1.0,CTR,0.3439
244,0,26.0,0.0,22.7595,75.8256,3,0.031,0.0,BestEffort,0.03,0.0,1.0,CTR,0.3439
245,0,25.72,0.0,22.7595,75.8256,5,0.031,0.0,BestEffort,0.03,0.0,1.0,CTR,0.3438
246,0,25.85,0.0,22.7595,75.8256,5,0.031,0.0,BestEffort,0.03,0.0,1.0,CTR,0.3437
247,0,25.77,0.0,22.7595,75.8256,2,0.031,0.0,BestEffort,0.03,0.0,1.0,CTR,0.3437
248,0,25.95,0.0,22.7595,75.8256,0,0.031,0.0,BestEffort,0.03,0.0,1.0,CTR,0.3436
249,0,25.95,0.0,22.7595,75.8256,0,0.031,0.0,BestEffort,0.029,0.0,1.0,CTR,0.3435
250,0,26.0,0.0,22.7595,75.8256,0,0.031,0.0,BestEffort,0.029,0.0,1.0,CTR,0.3434
251,0,25.56,0.0,22.7595,75.8256,2,0.027,0.0,BestEffort,0.029,0.0,1.0,CTR,0.3434
252,0,25.41,0.0,22.7595,75.8256,0,0.027,0.0,BestEffort,0.029,0.0,1.0,CTR,0.3433
253,0,26.17,0.0,22.7595,75.8256,0,0.027,0.0,BestEffort,0.029,0.0,1.0,CTR,0.3432
254,0,26.13,0.0,22.7595,75.8256,1,0.027,0.0,BestEffort,0.029,0.0,1.0,CTR,0.3432
255,0,25.34,0.0,22.7595,75.8256,1,0.031,0.0,BestEffort,0.032,0.0,1.0,CTR,0.3454
256,0,25.64,0.0,22.7595,75.8256,1,0.031,0.0,BestEffort,0.032,0.0,1.0,CTR,0.3454
257,0,26.01,0.0,22.7595,75.8256,0,0.031,0.0,BestEffort,0.032,0.0,1.0,CTR,0.3453
258,0,25.94,0.0,22.7595,75.8256,-2,0.031,0.0,BestEffort,0.032,0.0,1.0,CTR,0.3452
259,0,25.61,0.0,22.7595,75.8256,0,0.031,0.0,BestEffort,0.032,0.0,1.0,CTR,0.3451
260,0,25.83,0.0,22.7595,75.8256,1,0.031,0.0,BestEffort,0.031,0.0,1.0,CTR,0.3451
261,0,26.24,0.0,22.7595,75.8256,0,0.031,0.0,BestEffort,0.031,0.0,1.0,CTR,0.345
262,0,26.1,0.0,22.7595,75.8256,3,0.031,0.0,BestEffort,0.031,0.0,1.0,CTR,0.3449
263,0,25.63,0.0,22.7595,75.8256,2,0.031,0.0,BestEffort,0.031,0.0,1.0,CTR,0.3449
264,0,25.92,0.0,22.7595,75.8256,2,0.031,0.0,BestEffort,0.031,0.0,1.0,CTR,0.3448
265,0,25.8,0.0,22.7595,75.8256,3,0.031,0.0,BestEffort,0.031,0.0,1.0,CTR,0.3447
266,0,25.77,0.0,22.7595,75.8256,3,0.031,0.0,BestEffort,0.031,0.0,1.0,CTR,0.3446
267,0,25.81,0.0,22.7595,75.8256,4,0.031,0.0,BestEffort,0.031,0.0,1.0,CTR,0.3446
268,0,26.29,0.0,22.7595,75.8256,3,0.031,0.0,BestEffort,0.031,0.0,1.0,CTR,0.3445
269,0,25.97,0.0,22.7595,75.8256,2,0.031,0.0,BestEffort,0.031,0.0,1.0,CTR,0.3444
270,0,25.39,0.0,22.7595,75.8255,4,0.031,0.0,BestEffort,0.031,0.0,1.0,CTR,0.3444
271,0,25.92,0.0,22.7595,75.8255,3,0.031,0.0,BestEffort,0.03,0.0,1.0,CTR,0.3443
272,0,25.47,0.0,22.7595,75.8255,-1,0.031,0.0,BestEffort,0.03,0.0,1.0,CTR,0.3442
273,0,25.91,0.0,22.7594,75.8255,0,0.031,0.0,BestEffort,0.03,0.0,1.0,CTR,0.3442
274,0,26.12,0.0,22.7594,75.8255,5,0.031,0.0,BestEffort,0.03,0.0,1.0,CTR,0.3441
275,0,26.21,0.0,22.7594,75.8255,7,0.031,0.0,BestEffort,0.03,0.0,1.0,CTR,0.344
276,0,25.7,0.0,22.7594,75.8255,5,0.031,0.0,BestEffort,0.03,0.0,1.0,CTR,0.344
277,0,26.16,0.0,22.7594,75.8255,6,0.031,0.0,BestEffort,0.03,0.0,1.0,CTR,0.3439
278,0,25.33,0.0,22.7594,75.8255,7,0.031,0.0,BestEffort,0.03,0.0,1.0,CTR,0.3438
279,0,25.62,0.0,22.7594,75.8255,6,0.031,0.0,BestEffort,0.03,0.0,1.0,CTR,0.3438
280,0,26.29,0.0,22.7594,75.8255,7,0.031,0.0,BestEffort,0.03,0.0,1.0,CTR,0.3437
281,0,25.52,0.0,22.7595,75.8255,9,0.031,0.0,BestEffort,0.03,0.0,1.0,CTR,0.3436
282,0,25.94,0.0,22.7595,75.8255,9,0.031,0.0,BestEffort,0.03,0.0,1.0,CTR,0.3436
283,0,26.13,0.0,22.7595,75.8255,9,0.031,0.0,BestEffort,0.029,0.0,1.0,CTR,0.3435
284,0,25.42,0.0,22.7595,75.8255,8,0.031,0.0,BestEffort,0.029,0.0,1.0,CTR,0.3434
285,0,26.07,0.0,22.7595,75.8255,9,0.027,0.0,BestEffort,0.029,0.0,1.0,CTR,0.3434
286,0,25.83,0.0,22.7595,75.8255,9,0.027,0.0,BestEffort,0.029,0.0,1.0,CTR,0.3433
287,0,25.7,0.0,22.7595,75.8255,9,0.027,0.0,BestEffort,0.029,0.0,1.0,CTR,0.3433
288,0,25.54,0.0,22.7595,75.8255,9,0.027,0.0,BestEffort,0.029,0.0,1.0,CTR,0.3432
289,0,25.51,0.0,22.7595,75.8255,9,0.027,0.0,BestEffort,0.029,0.0,1.0,CTR,0.3431
290,0,26.29,0.0,22.7595,75.8255,9,0.027,0.0,BestEffort,0.029,0.0,1.0,CTR,0.3431
291,0,26.14,0.0,22.7595,75.8255,9,0.027,0.0,BestEffort,0.029,0.0,1.0,CTR,0.343
292,0,26.12,0.0,22.7595,75.8255,7,0.027,0.0,BestEffort,0.029,0.0,1.0,CTR,0.343
293,0,26.28,0.0,22.7595,75.8255,7,0.027,0.0,BestEffort,0.029,0.0,1.0,CTR,0.3429
294,0,25.36,0.0,22.7595,75.8255,7,0.027,0.0,BestEffort,0.029,0.0,1.0,CTR,0.3428
295,0,25.42,0.0,22.7595,75.8255,1,0.027,0.0,BestEffort,0.029,0.0,1.0,CTR,0.3428
296,0,26.0,0.0,22.7595,75.8255,5,0.027,0.0,BestEffort,0.028,0.0,1.0,CTR,0.3427
297,0,25.52,0.0,22.7595,75.8255,6,0.027,0.0,BestEffort,0.028,0.0,1.0,CTR,0.3427
298,0,25.39,0.0,22.7595,75.8255,3,0.027,0.0,BestEffort,0.028,0.0,1.0,CTR,0.3426
299,0,25.79,0.0,22.7595,75.8255,-5,0.035,0.0,BestEffort,0.033,0.0,1.0,CTR,0.3467
300,0,25.63,0.0,22.7595,75.8255,0,0.035,0.0,BestEffort,0.033,0.0,1.0,CTR,0.3466
301,0,26.18,0.0,22.7592,75.8256,1,0.031,0.0,BestEffort,0.033,0.0,1.0,CTR,0.3465
302,0,25.48,0.0,22.7592,75.8256,2,0.031,0.0,BestEffort,0.033,0.0,1.0,CTR,0.3465
303,0,25.82,0.0,22.7592,75.8255,5,0.031,0.0,BestEffort,0.033,0.0,1.0,CTR,0.3464
304,0,25.42,0.0,22.7592,75.8255,4,0.031,0.0,BestEffort,0.033,0.0,1.0,CTR,0.3463
305,0,25.87,0.0,22.7591,75.8256,5,0.031,0.0,BestEffort,0.033,0.0,1.0,CTR,0.3463
306,0,25.57,0.0,22.7591,75.8256,1,0.031,0.0,BestEffort,0.033,0.0,1.0,CTR,0.3462
307,0,26.24,0.0,22.7591,75.8256,-2,0.031,0.0,BestEffort,0.033,0.0,1.0,CTR,0.3461
308,0,25.57,0.0,22.7591,75.8256,1,0.031,0.0,BestEffort,0.033,0.0,1.0,CTR,0.3461
309,0,25.72,0.0,22.7591,75.8256,-2,0.031,0.0,BestEffort,0.033,0.0,1.0,CTR,0.346
310,0,25.75,0.0,22.7592,75.8255,-3,0.035,0.0,BestEffort,0.035,0.0,1.0,CTR,0.348
311,0,25.63,0.0,22.7592,75.8255,-6,0.035,0.0,BestEffort,0.035,0.0,1.0,CTR,0.3479
312,0,25.4,0.0,22.7592,75.8255,-4,0.039,0.0,BestEffort,0.037,0.0,1.0,CTR,0.3498
313,0,25.39,0.0,22.7592,75.8255,-6,0.035,0.0,BestEffort,0.037,0.0,1.0,CTR,0.3497
314,0,26.25,0.0,22.7592,75.8255,-4,0.039,0.0,BestEffort,0.04,0.0,1.0,CTR,0.3517
315,0,25.8,0.0,22.7592,75.8255,0,0.039,0.0,BestEffort,0.04,0.0,1.0,CTR,0.3516
316,0,25.9,0.0,22.7592,75.8256,2,0.039,0.0,BestEffort,0.039,0.0,1.0,CTR,0.3515
317,0,25.68,0.0,22.7593,75.8255,0,0.039,0.0,BestEffort,0.039,0.0,1.0,CTR,0.3514
318,0,26.17,0.0,22.7593,75.8256,-5,0.039,0.0,BestEffort,0.039,0.0,1.0,CTR,0.3514
319,0,26.03,0.0,22.7593,75.8256,-6,0.043,0.0,BestEffort,0.044,0.0,1.0,CTR,0.3553
320,0,26.14,0.0,22.7593,75.8256,-3,0.043,0.0,BestEffort,0.044,0.0,1.0,CTR,0.3552
321,0,26.06,0.0,22.7593,75.8256,-1,0.043,0.0,BestEffort,0.044,0.0,1.0,CTR,0.3551
322,0,26.26,0.0,22.7593,75.8256,-5,0.043,0.0,BestEffort,0.044,0.0,1.0,CTR,0.355
323,0,25.78,0.0,22.7593,75.8256,-5,0.047,0.0,BestEffort,0.046,0.0,1.0,CTR,0.3569
324,0,26.15,0.0,22.7593,75.8256,-4,0.047,0.0,BestEffort,0.048,0.0,1.0,CTR,0.3588
325,0,25.75,0.0,22.7592,75.8256,-5,0.055,0.0,BestEffort,0.053,0.0,1.0,CTR,0.3626
326,0,25.95,0.0,22.7592,75.8256,-5,0.051,0.0,BestEffort,0.053,0.0,1.0,CTR,0.3625
327,0,26.16,0.0,22.7592,75.8256,-8,0.059,0.0,BestEffort,0.058,0.0,1.0,CTR,0.3663
328,0,25.36,0.0,22.7592,75.8256,-6,0.062,0.0,BestEffort,0.065,0.0,1.0,CTR,0.3721
329,0,25.33,0.0,22.7592,75.8256,-9,0.062,0.0,BestEffort,0.064,0.0,1.0,CTR,0.372
330,0,26.21,0.0,22.7593,75.8256,-6,0.062,0.0,BestEffort,0.064,0.0,1.0,CTR,0.3718
331,0,26.0,0.0,22.7593,75.8256,-7,0.062,0.0,BestEffort,0.064,0.0,1.0,CTR,0.3717
332,0,25.87,0.0,22.7593,75.8256,-6,0.062,0.0,BestEffort,0.064,0.0,1.0,CTR,0.3716
333,0,25.42,0.0,22.7593,75.8256,-7,0.062,0.0,BestEffort,0.064,0.0,1.0,CTR,0.3715
334,0,25.57,0.0,22.7593,75.8256,-7,0.062,0.0,BestEffort,0.064,0.0,1.0,CTR,0.3713
335,0,25.48,0.0,22.7593,75.8256,-6,0.062,0.0,BestEffort,0.064,0.0,1.0,CTR,0.3712
336,0,25.51,0.0,22.7593,75.8256,-7,0.062,0.0,BestEffort,0.063,0.0,1.0,CTR,0.3711
337,0,25.48,0.0,22.7592,75.8256,-8,0.082,0.0,BestEffort,0.082,0.0,1.0,CTR,0.3865
338,0,25.79,0.0,22.7592,75.8256,-8,0.082,0.0,BestEffort,0.082,0.0,1.0,CTR,0.3864
339,0,25.32,0.0,22.7592,75.8256,-3,0.082,0.0,BestEffort,0.082,0.0,1.0,CTR,0.3862
340,0,25.33,0.0,22.7593,75.8256,-4,0.082,0.0,BestEffort,0.081,0.0,1.0,CTR,0.386
341,0,26.04,0.0,22.7593,75.8256,0,0.082,0.0,BestEffort,0.081,0.0,1.0,CTR,0.3859
342,0,25.39,0.0,22.7593,75.8256,-4,0.082,0.0,BestEffort,0.081,0.0,1.0,CTR,0.3857
343,0,26.21,0.0,22.7593,75.8256,1,0.082,0.0,BestEffort,0.081,0.0,1.0,CTR,0.3856
344,0,26.09,0.0,22.7593,75.8256,0,0.082,0.0,BestEffort,0.081,0.0,1.0,CTR,0.3854
345,0,25.64,0.0,22.7593,75.8256,-3,0.082,0.0,BestEffort,0.08,0.0,1.0,CTR,0.3853
346,0,26.01,0.0,22.7593,75.8256,-5,0.078,0.0,BestEffort,0.08,0.0,1.0,CTR,0.3851
347,0,25.9,0.0,22.7594,75.8256,-6,0.078,0.0,BestEffort,0.08,0.0,1.0,CTR,0.3849
348,0,26.19,0.0,22.7594,75.8256,-4,0.078,0.0,BestEffort,0.08,0.0,1.0,CTR,0.3848
349,0,25.42,0.0,22.7595,75.8256,1,0.078,0.0,BestEffort,0.08,0.0,1.0,CTR,0.3846
350,0,26.14,0.0,22.7595,75.8256,1,0.078,0.0,BestEffort,0.08,0.0,1.0,CTR,0.3845
351,0,25.46,0.0,22.7595,75.8256,5,0.078,0.0,BestEffort,0.079,0.0,1.0,CTR,0.3843
352,0,25.89,0.0,22.7595,75.8256,-2,0.078,0.0,BestEffort,0.079,0.0,1.0,CTR,0.3842
353,0,25.77,0.0,22.7595,75.8256,9,0.078,0.0,BestEffort,0.079,0.0,1.0,CTR,0.384
354,0,25.68,0.0,22.7595,75.8256,10,0.078,0.0,BestEffort,0.079,0.0,1.0,CTR,0.3839
355,0,26.24,0.0,22.7596,75.8256,9,0.078,0.0,BestEffort,0.079,0.0,1.0,CTR,0.3837
356,0,25.77,0.0,22.7596,75.8256,9,0.078,0.0,BestEffort,0.078,0.0,1.0,CTR,0.3836
357,0,25.41,0.0,22.7596,75.8256,9,0.078,0.0,BestEffort,0.078,0.0,1.0,CTR,0.3835
358,0,25.54,0.0,22.7597,75.8255,10,0.078,0.0,BestEffort,0.078,0.0,1.0,CTR,0.3833
359,0,25.61,0.0,22.7597,75.8255,9,0.078,0.0,BestEffort,0.078,0.0,1.0,CTR,0.3832
360,0,25.8,0.0,22.7598,75.8255,9,0.078,0.0,BestEffort,0.078,0.0,1.0,CTR,0.383
361,0,25.86,0.0,22.7598,75.8255,9,0.078,0.0,BestEffort,0.078,0.0,1.0,CTR,0.3829
362,0,25.87,0.0,22.7599,75.8255,9,0.078,0.0,BestEffort,0.077,0.0,1.0,CTR,0.3827
363,0,25.72,0.0,22.7599,75.8255,9,0.078,0.0,BestEffort,0.077,0.0,1.0,CTR,0.3826
364,0,26.22,0.0,22.76,75.8255,9,0.078,0.0,BestEffort,0.077,0.0,1.0,CTR,0.3824
365,0,25.76,0.0,22.76,75.8255,10,0.078,0.0,BestEffort,0.077,0.0,1.0,CTR,0.3823
366,0,26.29,0.0,22.7601,75.8255,9,0.078,0.0,BestEffort,0.077,0.0,1.0,CTR,0.3822
367,0,25.96,0.0,22.7601,75.8255,9,0.078,0.0,BestEffort,0.077,0.0,1.0,CTR,0.382
368,0,25.35,0.0,22.7601,75.8255,10,0.074,0.0,BestEffort,0.076,0.0,1.0,CTR,0.3819
369,0,25.49,0.0,22.7601,75.8255,9,0.074,0.0,BestEffort,0.076,0.0,1.0,CTR,0.3818
370,0,25.86,0.0,22.7601,75.8255,9,0.074,0.0,BestEffort,0.076,0.0,1.0,CTR,0.3816
371,0,26.01,0.0,22.7601,75.8255,10,0.074,0.0,BestEffort,0.076,0.0,1.0,CTR,0.3815
372,0,25.76,0.0,22.7601,75.8255,10,0.074,0.0,BestEffort,0.076,0.0,1.0,CTR,0.3813
373,0,26.09,0.0,22.7601,75.8255,9,0.074,0.0,BestEffort,0.076,0.0,1.0,CTR,0.3812
374,0,25.48,0.0,22.7597,75.8255,10,0.074,0.0,BestEffort,0.075,0.0,1.0,CTR,0.3811
375,0,25.35,0.0,22.7596,75.8255,9,0.074,0.0,BestEffort,0.075,0.0,1.0,CTR,0.3809
376,0,25.87,0.0,22.7596,75.8255,9,0.074,0.0,BestEffort,0.075,0.0,1.0,CTR,0.3808
377,0,26.13,0.0,22.7596,75.8256,10,0.074,0.0,BestEffort,0.075,0.0,1.0,CTR,0.3807
378,0,26.12,0.0,22.7595,75.8256,10,0.074,0.0,BestEffort,0.075,0.0,1.0,CTR,0.3805
379,0,25.34,0.0,22.7595,75.8256,10,0.074,0.0,BestEffort,0.075,0.0,1.0,CTR,0.3804
380,0,25.52,0.0,22.7595,75.8256,9,0.074,0.0,BestEffort,0.074,0.0,1.0,CTR,0.3803
381,0,25.55,0.0,22.7595,75.8256,9,0.074,0.0,BestEffort,0.074,0.0,1.0,CTR,0.3801
382,0,25.55,0.0,22.7595,75.8256,10,0.074,0.0,BestEffort,0.074,0.0,1.0,CTR,0.38
383,0,25.92,0.0,22.7595,75.8256,10,0.074,0.0,BestEffort,0.074,0.0,1.0,CTR,0.3799
384,0,25.67,0.0,22.7595,75.8256,9,0.074,0.0,BestEffort,0.074,0.0,1.0,CTR,0.3797
385,0,26.13,0.0,22.7595,75.8256,9,0.074,0.0,BestEffort,0.074,0.0,1.0,CTR,0.3796
386,0,25.81,0.0,22.7595,75.8256,10,0.074,0.0,BestEffort,0.074,0.0,1.0,CTR,0.3795
387,0,25.49,0.0,22.7595,75.8256,9,0.074,0.0,BestEffort,0.073,0.0,1.0,CTR,0.3794
388,0,26.26,0.0,22.7595,75.8256,9,0.074,0.0,BestEffort,0.073,0.0,1.0,CTR,0.3792
389,0,25.95,0.0,22.7595,75.8256,9,0.074,0.0,BestEffort,0.073,0.0,1.0,CTR,0.3791
390,0,25.98,0.0,22.7595,75.8256,10,0.074,0.0,BestEffort,0.073,0.0,1.0,CTR,0.379
391,0,26.07,0.0,22.7595,75.8256,8,0.074,0.0,BestEffort,0.073,0.0,1.0,CTR,0.3789
392,0,25.31,0.0,22.7595,75.8256,4,0.074,0.0,BestEffort,0.073,0.0,1.0,CTR,0.3787
393,0,25.37,0.0,22.7595,75.8256,9,0.07,0.0,BestEffort,0.072,0.0,1.0,CTR,0.3786
394,0,26.2,0.0,22.7594,75.8256,7,0.07,0.0,BestEffort,0.072,0.0,1.0,CTR,0.3785
395,0,25.86,0.0,22.7595,75.8256,8,0.07,0.0,BestEffort,0.072,0.0,1.0,CTR,0.3784
396,0,25.55,0.0,22.7594,75.8256,-4,0.07,0.0,BestEffort,0.072,0.0,1.0,CTR,0.3782
397,0,25.53,0.0,22.7594,75.8256,2,0.07,0.0,BestEffort,0.072,0.0,1.0,CTR,0.3781
398,0,25.68,0.0,22.7594,75.8256,0,0.07,0.0,BestEffort,0.072,0.0,1.0,CTR,0.378
399,0,25.87,0.0,22.7594,75.8256,5,0.07,0.0,BestEffort,0.072,0.0,1.0,CTR,0.3779
400,0,26.27,0.0,22.7594,75.8256,7,0.07,0.0,BestEffort,0.071,0.0,1.0,CTR,0.3777
401,0,25.46,0.0,22.7594,75.8256,6,0.07,0.0,BestEffort,0.071,0.0,1.0,CTR,0.3776
402,0,25.64,0.0,22.7594,75.8256,0,0.07,0.0,BestEffort,0.071,0.0,1.0,CTR,0.3775
403,0,26.09,0.0,22.7594,75.8256,0,0.07,0.0,BestEffort,0.071,0.0,1.0,CTR,0.3774
404,0,25.83,0.0,22.7594,75.8256,-5,0.074,0.0,BestEffort,0.073,0.0,1.0,CTR,0.3789
405,0,25.92,0.0,22.7594,75.8256,-6,0.074,0.0,BestEffort,0.073,0.0,1.0,CTR,0.3788
406,0,25.59,0.0,22.7594,75.8256,-5,0.074,0.0,BestEffort,0.073,0.0,1.0,CTR,0.3787
407,0,25.47,0.0,22.7595,75.8256,-1,0.07,0.0,BestEffort,0.072,0.0,1.0,CTR,0.3786
408,0,25.93,0.0,22.7594,75.8256,-2,0.07,0.0,BestEffort,0.072,0.0,1.0,CTR,0.3785
409,0,25.32,0.0,22.7594,75.8256,0,0.07,0.0,BestEffort,0.072,0.0,1.0,CTR,0.3783
410,0,25.52,0.0,22.7594,75.8256,-2,0.074,0.0,BestEffort,0.074,0.0,1.0,CTR,0.3799
411,0,25.4,0.0,22.7594,75.8256,-3,0.074,0.0,BestEffort,0.074,0.0,1.0,CTR,0.3798
412,0,25.86,0.0,22.7594,75.8256,-1,0.074,0.0,BestEffort,0.074,0.0,1.0,CTR,0.3796
413,0,25.97,0.0,22.7594,75.8256,-3,0.074,0.0,BestEffort,0.074,0.0,1.0,CTR,0.3795
414,0,26.25,0.0,22.7594,75.8256,-9,0.074,0.0,BestEffort,0.075,0.0,1.0,CTR,0.381
415,0,25.43,0.0,22.7594,75.8256,-5,0.074,0.0,BestEffort,0.075,0.0,1.0,CTR,0.3809
416,0,25.8,0.0,22.7594,75.8256,-5,0.082,0.0,BestEffort,0.083,0.0,1.0,CTR,0.3874
417,0,25.75,0.0,22.7594,75.8256,-5,0.082,0.0,BestEffort,0.083,0.0,1.0,CTR,0.3872
418,0,25.91,0.0,22.7594,75.8256,-5,0.082,0.0,BestEffort,0.083,0.0,1.0,CTR,0.3871
419,0,26.05,0.0,22.7594,75.8256,-5,0.082,0.0,BestEffort,0.083,0.0,1.0,CTR,0.387
420,0,25.39,0.0,22.7594,75.8256,-2,0.086,0.0,BestEffort,0.086,0.0,1.0,CTR,0.3901
421,0,26.19,0.0,22.7594,75.8256,-2,0.086,0.0,BestEffort,0.086,0.0,1.0,CTR,0.39
422,0,25.69,0.0,22.7594,75.8256,2,0.086,0.0,BestEffort,0.088,0.0,1.0,CTR,0.3915
423,0,25.34,0.0,22.7594,75.8256,0,0.086,0.0,BestEffort,0.088,0.0,1.0,CTR,0.3913
424,0,25.78,0.0,22.7594,75.8256,1,0.086,0.0,BestEffort,0.088,0.0,1.0,CTR,0.3912
425,0,25.57,0.0,22.7594,75.8256,0,0.086,0.0,BestEffort,0.087,0.0,1.0,CTR,0.391
426,0,26.04,0.0,22.7594,75.8256,-3,0.086,0.0,BestEffort,0.087,0.0,1.0,CTR,0.3909
427,0,25.69,0.0,22.7594,75.8256,-2,0.086,0.0,BestEffort,0.087,0.0,1.0,CTR,0.3908
428,0,25.63,0.0,22.7594,75.8256,2,0.086,0.0,BestEffort,0.087,0.0,1.0,CTR,0.3906
429,0,25.44,0.0,22.7594,75.8256,0,0.086,0.0,BestEffort,0.087,0.0,1.0,CTR,0.3905
430,0,25.71,0.0,22.7594,75.8256,0,0.086,0.0,BestEffort,0.087,0.0,1.0,CTR,0.3903
431,0,25.97,0.0,22.7594,75.8256,0,0.09,0.0,BestEffort,0.088,0.0,1.0,CTR,0.3918
432,0,26.21,0.0,22.7594,75.8256,8,0.086,0.0,BestEffort,0.088,0.0,1.0,CTR,0.3917
433,0,25.89,0.0,22.7594,75.8256,7,0.086,0.0,BestEffort,0.088,0.0,1.0,CTR,0.3915
434,0,26.04,0.0,22.7594,75.8256,-5,0.086,0.0,BestEffort,0.088,0.0,1.0,CTR,0.3914
435,0,25.36,0.0,22.7594,75.8256,9,0.086,0.0,BestEffort,0.088,0.0,1.0,CTR,0.3912
436,0,25.4,0.0,22.7595,75.8256,8,0.086,0.0,BestEffort,0.087,0.0,1.0,CTR,0.3911
437,0,25.63,0.0,22.7595,75.8256,9,0.086,0.0,BestEffort,0.087,0.0,1.0,CTR,0.391
438,0,25.42,0.0,22.7594,75.8256,10,0.086,0.0,BestEffort,0.087,0.0,1.0,CTR,0.3908
439,0,26.13,0.0,22.7595,75.8256,10,0.086,0.0,BestEffort,0.087,0.0,1.0,CTR,0.3907
440,0,26.17,0.0,22.7594,75.8256,10,0.086,0.0,BestEffort,0.087,0.0,1.0,CTR,0.3905
441,0,25.47,0.0,22.7594,75.8256,10,0.086,0.0,BestEffort,0.087,0.0,1.0,CTR,0.3904
442,0,26.14,0.0,22.7595,75.8256,10,0.086,0.0,BestEffort,0.086,0.0,1.0,CTR,0.3903
443,0,26.01,0.0,22.7595,75.8256,9,0.086,0.0,BestEffort,0.086,0.0,1.0,CTR,0.3901
444,0,26.02,0.0,22.7595,75.8256,9,0.086,0.0,BestEffort,0.086,0.0,1.0,CTR,0.39
445,0,25.72,0.0,22.7593,75.8257,10,0.078,0.0,BestEffort,0.078,0.0,1.0,CTR,0.3832
446,0,25.37,0.0,22.7593,75.8257,9,0.078,0.0,BestEffort,0.078,0.0,1.0,CTR,0.3831
447,0,25.99,0.0,22.7593,75.8257,10,0.078,0.0,BestEffort,0.078,0.0,1.0,CTR,0.383
448,0,25.8,0.0,22.7592,75.8257,10,0.078,0.0,BestEffort,0.078,0.0,1.0,CTR,0.3829
449,0,26.23,0.0,22.7592,75.8257,8,0.078,0.0,BestEffort,0.078,0.0,1.0,CTR,0.3828
450,0,25.48,0.0,22.7592,75.8257,9,0.078,0.0,BestEffort,0.077,0.0,1.0,CTR,0.3827
451,0,25.73,0.0,22.7592,75.8257,10,0.078,0.0,BestEffort,0.077,0.0,1.0,CTR,0.3826
452,0,26.1,0.0,22.7592,75.8257,9,0.078,0.0,BestEffort,0.077,0.0,1.0,CTR,0.3825
453,0,25.35,0.0,22.7592,75.8257,9,0.078,0.0,BestEffort,0.077,0.0,1.0,CTR,0.3824
454,0,25.35,0.0,22.7592,75.8257,9,0.078,0.0,BestEffort,0.077,0.0,1.0,CTR,0.3823
455,0,26.19,0.0,22.7592,75.8257,0,0.078,0.0,BestEffort,0.077,0.0,1.0,CTR,0.3822
456,0,26.04,0.0,22.7592,75.8257,8,0.078,0.0,BestEffort,0.077,0.0,1.0,CTR,0.3821
457,0,25.96,0.0,22.7593,75.8257,8,0.078,0.0,BestEffort,0.077,0.0,1.0,CTR,0.382
458,0,25.72,0.0,22.7593,75.8257,10,0.074,0.0,BestEffort,0.076,0.0,1.0,CTR,0.3819
459,0,25.43,0.0,22.7593,75.8257,9,0.074,0.0,BestEffort,0.076,0.0,1.0,CTR,0.3818
460,0,26.04,0.0,22.7593,75.8257,9,0.074,0.0,BestEffort,0.076,0.0,1.0,CTR,0.3817
461,0,25.47,0.0,22.7593,75.8257,9,0.074,0.0,BestEffort,0.076,0.0,1.0,CTR,0.3816
462,0,25.3,0.0,22.7593,75.8256,9,0.074,0.0,BestEffort,0.076,0.0,1.0,CTR,0.3815
463,0,25.51,0.0,22.7593,75.8256,9,0.074,0.0,BestEffort,0.076,0.0,1.0,CTR,0.3814
464,0,25.83,0.0,22.7594,75.8256,10,0.074,0.0,BestEffort,0.076,0.0,1.0,CTR,0.3813
465,0,25.45,0.0,22.7594,75.8255,8,0.074,0.0,BestEffort,0.076,0.0,1.0,CTR,0.3812
466,0,25.75,0.0,22.7595,75.8255,8,0.074,0.0,BestEffort,0.076,0.0,1.0,CTR,0.3811
467,0,25.69,0.0,22.7595,75.8255,9,0.078,0.0,BestEffort,0.077,0.0,1.0,CTR,0.3823
468,0,25.49,0.0,22.7595,75.8255,9,0.078,0.0,BestEffort,0.077,0.0,1.0,CTR,0.3822
469,0,26.23,0.0,22.7595,75.8255,8,0.078,0.0,BestEffort,0.077,0.0,1.0,CTR,0.3821
470,0,25.44,0.0,22.7596,75.8255,8,0.078,0.0,BestEffort,0.077,0.0,1.0,CTR,0.382
471,0,25.57,0.0,22.7596,75.8255,7,0.074,0.0,BestEffort,0.076,0.0,1.0,CTR,0.3819
472,0,26.29,0.0,22.7596,75.8254,8,0.074,0.0,BestEffort,0.076,0.0,1.0,CTR,0.3818
473,0,25.94,0.0,22.7596,75.8254,4,0.074,0.0,BestEffort,0.076,0.0,1.0,CTR,0.3817
474,0,25.93,0.0,22.7596,75.8255,9,0.074,0.0,BestEffort,0.076,0.0,1.0,CTR,0.3816
475,0,25.3,0.0,22.7596,75.8255,7,0.074,0.0,BestEffort,0.076,0.0,1.0,CTR,0.3815
476,0,25.92,0.0,22.7596,75.8255,9,0.074,0.0,BestEffort,0.076,0.0,1.0,CTR,0.3815
477,0,25.34,0.0,22.7596,75.8255,8,0.074,0.0,BestEffort,0.076,0.0,1.0,CTR,0.3814
478,0,26.2,0.0,22.7596,75.8255,8,0.074,0.0,BestEffort,0.076,0.0,1.0,CTR,0.3813
479,0,25.82,0.0,22.7596,75.8255,7,0.074,0.0,BestEffort,0.076,0.0,1.0,CTR,0.3812
480,0,25.36,0.0,22.7596,75.8255,9,0.074,0.0,BestEffort,0.075,0.0,1.0,CTR,0.3811
481,0,26.24,0.0,22.7596,75.8255,9,0.074,0.0,BestEffort,0.075,0.0,1.0,CTR,0.381
482,0,25.34,0.0,22.7596,75.8255,9,0.074,0.0,BestEffort,0.075,0.0,1.0,CTR,0.3809
483,0,25.43,0.0,22.7596,75.8255,9,0.074,0.0,BestEffort,0.075,0.0,1.0,CTR,0.3808
484,0,26.19,0.0,22.7596,75.8255,9,0.074,0.0,BestEffort,0.075,0.0,1.0,CTR,0.3807
485,0,25.36,0.0,22.7595,75.8255,5,0.074,0.0,BestEffort,0.076,0.0,1.0,CTR,0.3818
486,0,25.64,0.0,22.7595,75.8255,7,0.074,0.0,BestEffort,0.076,0.0,1.0,CTR,0.3817
487,0,26.12,0.0,22.7595,75.8255,0,0.074,0.0,BestEffort,0.076,0.0,1.0,CTR,0.3817
488,0,26.21,0.0,22.7595,75.8255,3,0.074,0.0,BestEffort,0.076,0.0,1.0,CTR,0.3816
489,0,26.09,0.0,22.7595,75.8255,-4,0.074,0.0,BestEffort,0.076,0.0,1.0,CTR,0.3815
490,0,25.64,0.0,22.7595,75.8255,-4,0.074,0.0,BestEffort,0.076,0.0,1.0,CTR,0.3814
491,0,26.05,0.0,22.7595,75.8255,1,0.078,0.0,BestEffort,0.077,0.0,1.0,CTR,0.3825
492,0,26.11,0.0,22.7595,75.8255,-3,0.078,0.0,BestEffort,0.077,0.0,1.0,CTR,0.3824
493,0,25.31,0.0,22.7595,75.8255,0,0.078,0.0,BestEffort,0.077,0.0,1.0,CTR,0.3823
494,0,25.6,0.0,22.7595,75.8255,0,0.078,0.0,BestEffort,0.077,0.0,1.0,CTR,0.3822
495,0,26.1,0.0,22.7595,75.8255,0,0.078,0.0,BestEffort,0.077,0.0,1.0,CTR,0.3821
496,0,26.2,0.0,22.7595,75.8255,-6,0.078,0.0,BestEffort,0.077,0.0,1.0,CTR,0.382
497,0,25.74,0.0,22.7595,75.8255,-5,0.078,0.0,BestEffort,0.079,0.0,1.0,CTR,0.3843
498,0,25.62,0.0,22.7596,75.8255,-6,0.086,0.0,BestEffort,0.086,0.0,1.0,CTR,0.3903
499,0,25.58,0.0,22.7596,75.8255,-6,0.086,0.0,BestEffort,0.086,0.0,1.0,CTR,0.3902
500,0,25.33,0.0,22.7596,75.8255,-8,0.086,0.0,BestEffort,0.086,0.0,1.0,CTR,0.3901
501,0,25.86,0.0,22.7596,75.8255,-4,0.094,0.0,BestEffort,0.093,0.0,1.0,CTR,0.396
502,0,26.13,0.0,22.7595,75.8255,-5,0.094,0.0,BestEffort,0.093,0.0,1.0,CTR,0.3959
503,0,25.83,0.0,22.7595,75.8256,0,0.094,0.0,BestEffort,0.093,0.0,1.0,CTR,0.3958
504,0,26.09,0.0,22.7595,75.8256,-7,0.094,0.0,BestEffort,0.093,0.0,1.0,CTR,0.3956
505,0,25.49,0.0,22.7595,75.8256,-6,0.094,0.0,BestEffort,0.094,0.0,1.0,CTR,0.3967
506,0,25.5,0.0,22.7594,75.8256,-6,0.113,0.0,BestEffort,0.113,0.0,1.0,CTR,0.4123
507,0,25.87,0.0,22.7595,75.8256,-7,0.113,0.0,BestEffort,0.112,0.0,1.0,CTR,0.4122
508,0,25.58,0.0,22.7595,75.8256,-7,0.113,0.0,BestEffort,0.112,0.0,1.0,CTR,0.4121
509,0,25.52,0.0,22.7595,75.8256,-4,0.113,0.0,BestEffort,0.113,0.0,1.0,CTR,0.4131
510,0,25.85,0.0,22.7595,75.8256,0,0.113,0.0,BestEffort,0.113,0.0,1.0,CTR,0.413
511,0,25.69,0.0,22.7595,75.8256,0,0.113,0.0,BestEffort,0.113,0.0,1.0,CTR,0.4129
512,0,25.87,0.0,22.7595,75.8256,-4,0.113,0.0,BestEffort,0.113,0.0,1.0,CTR,0.4127
513,0,25.33,0.0,22.7594,75.8256,-2,0.113,0.0,BestEffort,0.113,0.0,1.0,CTR,0.4126
514,0,25.77,0.0,22.7594,75.8256,-3,0.113,0.0,BestEffort,0.113,0.0,1.0,CTR,0.4124
515,0,26.01,0.0,22.7594,75.8256,-1,0.113,0.0,BestEffort,0.113,0.0,1.0,CTR,0.4123
516,0,25.64,0.0,22.7594,75.8256,-3,0.113,0.0,BestEffort,0.112,0.0,1.0,CTR,0.4122
517,0,25.35,0.0,22.7594,75.8256,-2,0.113,0.0,BestEffort,0.112,0.0,1.0,CTR,0.412
518,0,25.4,0.0,22.7594,75.8256,-3,0.113,0.0,BestEffort,0.112,0.0,1.0,CTR,0.4119
519,0,26.16,0.0,22.7594,75.8256,-2,0.113,0.0,BestEffort,0.112,0.0,1.0,CTR,0.4118
520,0,25.31,0.0,22.7594,75.8256,-3,0.109,0.0,BestEffort,0.112,0.0,1.0,CTR,0.4116
521,0,26.03,0.0,22.7594,75.8256,-3,0.109,0.0,BestEffort,0.112,0.0,1.0,CTR,0.4115
522,0,25.49,0.0,22.7594,75.8256,-3,0.109,0.0,BestEffort,0.111,0.0,1.0,CTR,0.4114
523,0,25.61,0.0,22.7594,75.8256,-3,0.109,0.0,BestEffort,0.111,0.0,1.0,CTR,0.4112
524,0,26.24,0.0,22.7594,75.8256,-4,0.109,0.0,BestEffort,0.111,0.0,1.0,CTR,0.4111
525,0,25.53,0.0,22.7594,75.8256,-4,0.109,0.0,BestEffort,0.111,0.0,1.0,CTR,0.411
526,0,26.06,0.0,22.7594,75.8256,-4,0.109,0.0,BestEffort,0.111,0.0,1.0,CTR,0.4108
527,0,26.21,0.0,22.7594,75.8256,-4,0.109,0.0,BestEffort,0.111,0.0,1.0,CTR,0.4107
528,0,25.98,0.0,22.7594,75.8256,-2,0.109,0.0,BestEffort,0.11,0.0,1.0,CTR,0.4106
529,0,25.92,0.0,22.7594,75.8256,-2,0.109,0.0,BestEffort,0.11,0.0,1.0,CTR,0.4105
530,0,26.23,0.0,22.7594,75.8256,-3,0.109,0.0,BestEffort,0.11,0.0,1.0,CTR,0.4103
531,0,26.23,0.0,22.7594,75.8256,-4,0.109,0.0,BestEffort,0.11,0.0,1.0,CTR,0.4102
532,0,25.64,0.0,22.7594,75.8256,-2,0.109,0.0,BestEffort,0.11,0.0,1.0,CTR,0.4101
533,0,25.92,0.0,22.7594,75.8256,-4,0.109,0.0,BestEffort,0.11,0.0,1.0,CTR,0.4099
534,0,26.27,0.0,22.7593,75.8256,-3,0.109,0.0,BestEffort,0.11,0.0,1.0,CTR,0.4098
535,0,25.96,0.0,22.7593,75.8256,-1,0.109,0.0,BestEffort,0.109,0.0,1.0,CTR,0.4097
536,0,26.23,0.0,22.7593,75.8256,-2,0.109,0.0,BestEffort,0.109,0.0,1.0,CTR,0.4096
537,0,25.31,0.0,22.7593,75.8256,-1,0.109,0.0,BestEffort,0.109,0.0,1.0,CTR,0.4094
538,0,26.29,0.0,22.7593,75.8256,-5,0.109,0.0,BestEffort,0.109,0.0,1.0,CTR,0.4093
539,0,26.27,0.0,22.7593,75.8256,-7,0.109,0.0,BestEffort,0.109,0.0,1.0,CTR,0.4092
540,0,26.07,0.0,22.7593,75.8256,-6,0.109,0.0,BestEffort,0.109,0.0,1.0,CTR,0.4091
541,0,26.1,0.0,22.7593,75.8256,-7,0.113,0.0,BestEffort,0.113,0.0,1.0,CTR,0.4124
542,0,25.33,0.0,22.7593,75.8256,-5,0.113,0.0,BestEffort,0.112,0.0,1.0,CTR,0.4123
543,0,25.76,0.0,22.7593,75.8256,-5,0.113,0.0,BestEffort,0.112,0.0,1.0,CTR,0.4121
544,0,26.03,0.0,22.7593,75.8256,-6,0.113,0.0,BestEffort,0.112,0.0,1.0,CTR,0.412
545,0,25.53,0.0,22.7593,75.8256,-5,0.113,0.0,BestEffort,0.115,0.0,1.0,CTR,0.4142
546,0,26.05,0.0,22.7593,75.8256,-7,0.113,0.0,BestEffort,0.115,0.0,1.0,CTR,0.4141
547,0,25.49,0.0,22.7593,75.8256,-8,0.113,0.0,BestEffort,0.114,0.0,1.0,CTR,0.4139
548,0,25.62,0.0,22.7593,75.8256,-6,0.113,0.0,BestEffort,0.114,0.0,1.0,CTR,0.4138
549,0,25.78,0.0,22.7593,75.8256,-8,0.113,0.0,BestEffort,0.114,0.0,1.0,CTR,0.4137
550,0,25.32,0.0,22.7593,75.8256,-6,0.113,0.0,BestEffort,0.114,0.0,1.0,CTR,0.4135
551,0,25.83,0.0,22.7593,75.8256,-4,0.113,0.0,BestEffort,0.114,0.0,1.0,CTR,0.4134
552,0,25.95,0.0,22.7593,75.8256,-2,0.113,0.0,BestEffort,0.114,0.0,1.0,CTR,0.4133
553,0,25.85,0.0,22.7593,75.8256,-6,0.113,0.0,BestEffort,0.113,0.0,1.0,CTR,0.4131
554,0,26.07,0.0,22.7593,75.8256,-2,0.113,0.0,BestEffort,0.113,0.0,1.0,CTR,0.413
555,0,26.23,0.0,22.7593,75.8256,-2,0.113,0.0,BestEffort,0.113,0.0,1.0,CTR,0.4129
556,0,26.01,0.0,22.7593,75.8256,2,0.113,0.0,BestEffort,0.113,0.0,1.0,CTR,0.4128
557,0,25.69,0.0,22.7593,75.8256,0,0.113,0.0,BestEffort,0.113,0.0,1.0,CTR,0.4126
558,0,25.65,0.0,22.7593,75.8256,0,0.113,0.0,BestEffort,0.113,0.0,1.0,CTR,0.4125
559,0,25.83,0.0,22.7593,75.8256,-2,0.113,0.0,BestEffort,0.114,0.0,1.0,CTR,0.4135
560,0,26.28,0.0,22.7593,75.8256,-5,0.113,0.0,BestEffort,0.114,0.0,1.0,CTR,0.4134
561,0,25.38,0.0,22.7593,75.8256,-5,0.113,0.0,BestEffort,0.114,0.0,1.0,CTR,0.4132
562,0,25.85,0.0,22.7593,75.8256,-3,0.113,0.0,BestEffort,0.113,0.0,1.0,CTR,0.4131
563,0,25.98,0.0,22.7593,75.8256,-5,0.113,0.0,BestEffort,0.113,0.0,1.0,CTR,0.413
564,0,25.39,0.0,22.7593,75.8256,-5,0.113,0.0,BestEffort,0.113,0.0,1.0,CTR,0.4129
565,0,25.63,0.0,22.7593,75.8256,-5,0.113,0.0,BestEffort,0.113,0.0,1.0,CTR,0.4127
566,0,26.01,0.0,22.7593,75.8256,-6,0.113,0.0,BestEffort,0.113,0.0,1.0,CTR,0.4126
567,0,25.77,0.0,22.7593,75.8256,-7,0.113,0.0,BestEffort,0.113,0.0,1.0,CTR,0.4125
568,0,25.36,0.0,22.7593,75.8256,-8,0.117,0.0,BestEffort,0.118,0.0,1.0,CTR,0.4168
569,0,25.77,0.0,22.7593,75.8256,-5,0.117,0.0,BestEffort,0.118,0.0,1.0,CTR,0.4167
570,0,25.43,0.0,22.7593,75.8256,-7,0.117,0.0,BestEffort,0.117,0.0,1.0,CTR,0.4166
571,0,25.98,0.0,22.7593,75.8256,-6,0.117,0.0,BestEffort,0.119,0.0,1.0,CTR,0.4176
572,0,26.29,0.0,22.7593,75.8256,-7,0.117,0.0,BestEffort,0.118,0.0,1.0,CTR,0.4174
573,0,26.24,0.0,22.7593,75.8256,-5,0.125,0.0,BestEffort,0.126,0.0,1.0,CTR,0.424
574,0,26.13,0.0,22.7593,75.8256,-1,0.125,0.0,BestEffort,0.126,0.0,1.0,CTR,0.4239
575,0,26.14,0.0,22.7593,75.8256,-6,0.125,0.0,BestEffort,0.126,0.0,1.0,CTR,0.4237
576,0,25.95,0.0,22.7593,75.8256,-5,0.125,0.0,BestEffort,0.127,0.0,1.0,CTR,0.4247
577,0,26.23,0.0,22.7593,75.8256,0,0.125,0.0,BestEffort,0.127,0.0,1.0,CTR,0.4246
578,0,25.56,0.0,22.7593,75.8256,0,0.125,0.0,BestEffort,0.127,0.0,1.0,CTR,0.4244
579,0,26.18,0.0,22.7593,75.8256,-2,0.125,0.0,BestEffort,0.126,0.0,1.0,CTR,0.4243
580,0,25.5,0.0,22.7593,75.8256,-1,0.125,0.0,BestEffort,0.126,0.0,1.0,CTR,0.4241
581,0,25.6,0.0,22.7593,75.8256,-1,0.125,0.0,BestEffort,0.126,0.0,1.0,CTR,0.424
582,0,25.91,0.0,22.7593,75.8256,-1,0.125,0.0,BestEffort,0.127,0.0,1.0,CTR,0.425
583,0,26.25,0.0,22.7593,75.8256,-1,0.125,0.0,BestEffort,0.127,0.0,1.0,CTR,0.4248
584,0,25.31,0.0,22.7593,75.8256,-1,0.125,0.0,BestEffort,0.127,0.0,1.0,CTR,0.4247
585,0,26.28,0.0,22.7593,75.8256,-2,0.125,0.0,BestEffort,0.127,0.0,1.0,CTR,0.4246
586,0,25.33,0.0,22.7593,75.8256,-4,0.125,0.0,BestEffort,0.127,0.0,1.0,CTR,0.4244
587,0,25.84,0.0,22.7593,75.8256,-7,0.125,0.0,BestEffort,0.126,0.0,1.0,CTR,0.4243
588,0,25.33,0.0,22.7593,75.8256,-4,0.125,0.0,BestEffort,0.126,0.0,1.0,CTR,0.4241
589,0,25.85,0.0,22.7593,75.8256,-1,0.125,0.0,BestEffort,0.126,0.0,1.0,CTR,0.424
590,0,25.39,0.0,22.7593,75.8256,-3,0.125,0.0,BestEffort,0.126,0.0,1.0,CTR,0.4239
591,0,25.52,0.0,22.7593,75.8256,3,0.125,0.0,BestEffort,0.126,0.0,1.0,CTR,0.4237
592,0,26.23,0.0,22.7593,75.8256,2,0.125,0.0,BestEffort,0.126,0.0,1.0,CTR,0.4236
593,0,25.78,0.0,22.7593,75.8256,3,0.125,0.0,BestEffort,0.125,0.0,1.0,CTR,0.4234
594,0,25.68,0.0,22.7593,75.8256,2,0.125,0.0,BestEffort,0.125,0.0,1.0,CTR,0.4233
595,0,25.87,0.0,22.7593,75.8256,2,0.125,0.0,BestEffort,0.125,0.0,1.0,CTR,0.4232
596,0,26.15,0.0,22.7593,75.8256,2,0.125,0.0,BestEffort,0.125,0.0,1.0,CTR,0.423
597,0,25.48,0.0,22.7593,75.8256,0,0.125,0.0,BestEffort,0.125,0.0,1.0,CTR,0.4229
598,0,25.67,0.0,22.7593,75.8256,-3,0.129,0.0,BestEffort,0.13,0.0,1.0,CTR,0.4271
599,0,25.67,0.0,22.7593,75.8256,-8,0.133,0.0,BestEffort,0.133,0.0,1.0,CTR,0.4303
600,0,26.14,0.0,22.7593,75.8256,-4,0.133,0.0,BestEffort,0.133,0.0,1.0,CTR,0.4301
601,0,26.28,0.0,22.7593,75.8256,-5,0.133,0.0,BestEffort,0.133,0.0,1.0,CTR,0.43
602,0,26.29,0.0,22.7593,75.8256,-7,0.133,0.0,BestEffort,0.133,0.0,1.0,CTR,0.4298
603,0,26.03,0.0,22.7593,75.8256,-3,0.137,0.0,BestEffort,0.136,0.0,1.0,CTR,0.4329
604,0,25.69,0.0,22.7593,75.8256,-6,0.137,0.0,BestEffort,0.136,0.0,1.0,CTR,0.4328
605,0,25.99,0.0,22.7593,75.8256,-7,0.137,0.0,BestEffort,0.136,0.0,1.0,CTR,0.4326
606,0,25.81,0.0,22.7593,75.8256,-5,0.137,0.0,BestEffort,0.136,0.0,1.0,CTR,0.4325
607,0,26.02,0.0,22.7593,75.8256,-5,0.137,0.0,BestEffort,0.136,0.0,1.0,CTR,0.4324
608,0,25.69,0.0,22.7593,75.8256,-9,0.137,0.0,BestEffort,0.138,0.0,1.0,CTR,0.4344
609,0,25.94,0.0,22.7593,75.8256,-5,0.137,0.0,BestEffort,0.138,0.0,1.0,CTR,0.4342
610,0,25.97,0.0,22.7593,75.8256,-4,0.145,0.0,BestEffort,0.146,0.0,1.0,CTR,0.4417
611,0,25.71,0.0,22.7593,75.8256,-5,0.145,0.0,BestEffort,0.146,0.0,1.0,CTR,0.4415
612,0,25.32,0.0,22.7593,75.8256,-9,0.145,0.0,BestEffort,0.146,0.0,1.0,CTR,0.4414
613,0,26.08,0.0,22.7593,75.8256,-7,0.148,0.0,BestEffort,0.147,0.0,1.0,CTR,0.4423
614,0,25.84,0.0,22.7593,75.8256,-6,0.145,0.0,BestEffort,0.147,0.0,1.0,CTR,0.4421
615,0,25.38,0.0,22.7593,75.8256,-7,0.145,0.0,BestEffort,0.147,0.0,1.0,CTR,0.442
616,0,25.3,0.0,22.7593,75.8256,-8,0.145,0.0,BestEffort,0.147,0.0,1.0,CTR,0.4418
617,0,26.16,0.0,22.7593,75.8256,-1,0.145,0.0,BestEffort,0.146,0.0,1.0,CTR,0.4417
618,0,25.33,0.0,22.7593,75.8256,2,0.145,0.0,BestEffort,0.146,0.0,1.0,CTR,0.4415
619,0,26.02,0.0,22.7593,75.8256,0,0.145,0.0,BestEffort,0.146,0.0,1.0,CTR,0.4413
620,0,25.39,0.0,22.7593,75.8256,4,0.145,0.0,BestEffort,0.146,0.0,1.0,CTR,0.4412
621,0,25.84,0.0,22.7594,75.8256,1,0.145,0.0,BestEffort,0.146,0.0,1.0,CTR,0.441
622,0,25.34,0.0,22.7594,75.8256,1,0.148,0.0,BestEffort,0.148,0.0,1.0,CTR,0.443
623,0,25.82,0.0,22.7594,75.8257,-5,0.148,0.0,BestEffort,0.148,0.0,1.0,CTR,0.4429
624,0,25.78,0.0,22.7594,75.8257,5,0.148,0.0,BestEffort,0.148,0.0,1.0,CTR,0.4427
625,0,25.64,0.0,22.7594,75.8256,8,0.148,0.0,BestEffort,0.147,0.0,1.0,CTR,0.4425
626,0,25.55,0.0,22.7594,75.8256,9,0.148,0.0,BestEffort,0.147,0.0,1.0,CTR,0.4424
627,0,25.79,0.0,22.7594,75.8256,8,0.145,0.0,BestEffort,0.147,0.0,1.0,CTR,0.4422
628,0,26.13,0.0,22.7594,75.8256,7,0.145,0.0,BestEffort,0.147,0.0,1.0,CTR,0.4421
629,0,25.32,0.0,22.7594,75.8256,8,0.145,0.0,BestEffort,0.147,0.0,1.0,CTR,0.4419
630,0,25.78,0.0,22.7594,75.8256,10,0.145,0.0,BestEffort,0.146,0.0,1.0,CTR,0.4418
631,0,25.78,0.0,22.7593,75.8256,9,0.145,0.0,BestEffort,0.146,0.0,1.0,CTR,0.4416
632,0,26.02,0.0,22.7593,75.8256,8,0.145,0.0,BestEffort,0.146,0.0,1.0,CTR,0.4414
633,0,26.03,0.0,22.7593,75.8256,9,0.145,0.0,BestEffort,0.146,0.0,1.0,CTR,0.4413
634,0,25.64,0.0,22.7593,75.8256,10,0.145,0.0,BestEffort,0.146,0.0,1.0,CTR,0.4411
635,0,26.26,0.0,22.7593,75.8256,9,0.145,0.0,BestEffort,0.146,0.0,1.0,CTR,0.441
636,0,26.12,0.0,22.7593,75.8256,11,0.145,0.0,BestEffort,0.145,0.0,1.0,CTR,0.4408
637,0,25.38,0.0,22.7593,75.8256,9,0.145,0.0,BestEffort,0.145,0.0,1.0,CTR,0.4407
638,0,25.36,0.0,22.7593,75.8256,9,0.145,0.0,BestEffort,0.145,0.0,1.0,CTR,0.4405
639,0,25.55,0.0,22.7593,75.8256,8,0.145,0.0,BestEffort,0.145,0.0,1.0,CTR,0.4404
640,0,25.62,0.0,22.7593,75.8256,8,0.145,0.0,BestEffort,0.145,0.0,1.0,CTR,0.4402
641,0,26.05,0.0,22.7593,75.8256,9,0.145,0.0,BestEffort,0.145,0.0,1.0,CTR,0.4401
642,0,26.15,0.0,22.7593,75.8256,9,0.145,0.0,BestEffort,0.144,0.0,1.0,CTR,0.4399
643,0,25.84,0.0,22.7593,75.8256,10,0.145,0.0,BestEffort,0.144,0.0,1.0,CTR,0.4398
644,0,25.9,0.0,22.7593,75.8256,9,0.145,0.0,BestEffort,0.144,0.0,1.0,CTR,0.4396
645,0,25.33,0.0,22.7593,75.8256,9,0.145,0.0,BestEffort,0.145,0.0,1.0,CTR,0.4405
646,0,26.21,0.0,22.7593,75.8256,7,0.145,0.0,BestEffort,0.145,0.0,1.0,CTR,0.4404
647,0,25.74,0.0,22.7593,75.8256,8,0.145,0.0,BestEffort,0.145,0.0,1.0,CTR,0.4402
648,0,26.0,0.0,22.7593,75.8256,8,0.145,0.0,BestEffort,0.145,0.0,1.0,CTR,0.4401
649,0,25.39,0.0,22.7593,75.8256,8,0.145,0.0,BestEffort,0.144,0.0,1.0,CTR,0.4399
650,0,25.55,0.0,22.7593,75.8256,7,0.145,0.0,BestEffort,0.144,0.0,1.0,CTR,0.4398
