26418,26,CBC,10.00,0.0039,0.0000,1.000,418,1,0,1,0,0.403
27418,27,CBC,10.00,0.0039,0.0000,1.000,418,1,0,1,0,0.403
28418,28,CBC,10.00,0.0039,0.0000,1.000,418,1,0,1,0,0.403
29418,29,CBC,10.00,0.0039,0.0000,1.000,418,1,0,1,0,0.403
30418,30,CBC,10.00,0.0039,0.0000,1.000,418,1,0,1,0,0.403
31418,31,CBC,10.00,0.0039,0.0000,1.000,418,1,0,1,0,0.403
32418,32,CBC,10.00,0.0039,0.0000,1.000,418,1,0,1,0,0.403
33418,33,CBC,10.00,0.0039,0.0000,1.000,418,1,0,1,0,0.403
34418,34,CBC,10.00,0.0039,0.0000,1.000,418,1,0,1,0,0.403
35418,35,CBC,10.00,0.0039,0.0000,1.000,418,1,0,1,0,0.403
36418,36,CBC,10.00,0.0039,0.0000,1.000,418,1,0,1,0,0.403
37418,37,CBC,10.00,0.0039,0.0000,1.000,418,1,0,1,0,0.403
38418,38,CBC,10.00,0.0039,0.0000,1.000,418,1,0,1,0,0.403
39418,39,CBC,10.00,0.0039,0.0000,1.000,418,1,0,1,0,0.403
40418,40,CBC,10.00,0.0039,0.0000,1.000,418,1,0,1,0,0.403
41418,41,CBC,10.00,0.0039,0.0000,1.000,418,1,0,1,0,0.403
42418,42,CBC,10.00,0.0039,0.0000,1.000,418,1,0,1,0,0.403
43418,43,CBC,10.00,0.0039,0.0000,1.000,418,1,0,1,0,0.403
44418,44,CBC,10.00,0.0039,0.0000,1.000,418,1,0,1,0,0.403
45418,45,CBC,10.00,0.0039,0.0000,1.000,418,1,0,1,0,0.403
46418,46,CBC,10.00,0.0039,0.0000,1.000,418,1,0,1,0,0.403
47418,47,CBC,10.00,0.0039,0.0000,1.000,418,1,0,1,0,0.403
48418,48,CBC,10.00,0.0039,0.0000,1.000,418,1,0,1,0,0.403
49418,49,CBC,10.00,0.0039,0.0000,1.000,418,1,0,1,0,0.403
50418,50,CBC,10.00,0.0039,0.0000,1.000,418,1,0,1,0,0.403
51418,51,CBC,7.00,0.0039,0.0000,1.000,418,1,0,1,0,0.403
52418,52,CBC,7.00,0.0039,0.0000,1.000,418,1,0,1,0,0.403
53418,53,CBC,7.00,0.0039,0.0000,1.000,418,1,0,1,0,0.403
54418,54,CBC,7.00,0.0039,0.0000,1.000,418,1,0,1,0,0.403
55418,55,CBC,7.00,0.0039,0.0000,1.000,418,1,0,1,0,0.403
56418,56,CBC,7.00,0.0039,0.0000,1.000,418,1,0,1,0,0.403
57418,57,CBC,7.00,0.0039,0.0000,1.000,418,1,0,1,0,0.403
58418,58,CBC,7.00,0.0039,0.0000,1.000,418,1,0,1,0,0.403
59418,59,CBC,7.00,0.0039,0.0000,1.000,418,1,0,1,0,0.403
60418,60,CBC,7.00,0.0039,0.0000,1.000,418,1,0,1,0,0.403
61418,61,CBC,7.00,0.0039,0.0000,1.000,418,1,0,1,0,0.403
62418,62,CBC,7.00,0.0039,0.0000,1.000,418,1,0,1,0,0.403
63418,63,CBC,7.00,0.0039,0.0000,1.000,418,1,0,1,0,0.403
64418,64,CBC,7.00,0.0039,0.0000,1.000,418,1,0,1,0,0.403
65418,65,CBC,7.00,0.0039,0.0000,1.000,418,1,0,1,0,0.403
66418,66,CBC,7.00,0.0039,0.0000,1.000,418,1,0,1,0,0.403
68518,67,CBC,7.00,0.0039,0.0000,1.000,1518,0,1,0,0,0.403
68936,68,CBC,7.00,0.0039,0.0000,1.000,418,1,1,1,0,0.403
69936,69,CBC,7.00,0.0039,0.0000,1.000,418,1,1,1,0,0.403
70936,70,CBC,7.00,0.0039,0.0000,1.000,418,1,1,1,0,0.403
71936,71,CBC,7.00,0.0039,0.0000,1.000,418,1,1,1,0,0.403
72936,72,CBC,7.00,0.0039,0.0000,1.000,418,1,1,1,0,0.403
73936,73,CBC,7.00,0.0039,0.0000,1.000,418,1,1,1,0,0.403
74936,74,CBC,7.00,0.0039,0.0000,1.000,418,1,1,1,0,0.403
75936,75,CBC,7.00,0.0039,0.0000,1.000,418,1,1,1,0,0.403
76936,76,CBC,7.00,0.0039,0.0000,1.000,418,1,1,1,0,0.403
77936,77,CBC,7.00,0.0039,0.0000,1.000,418,1,1,1,0,0.403
78936,78,CBC,7.00,0.0039,0.0000,1.000,418,1,1,1,0,0.403
81036,79,CBC,7.00,0.0039,0.0000,1.000,1518,0,2,0,0,0.403
81454,80,CBC,7.00,0.0039,0.0000,1.000,418,1,2,1,0,0.403
82454,81,CBC,7.00,0.0039,0.0000,1.000,418,1,2,1,0,0.403
83454,82,CBC,7.00,0.0039,0.0000,1.000,418,1,2,1,0,0.403
84454,83,CBC,7.00,0.0039,0.0000,1.000,418,1,2,1,0,0.403
85454,84,CBC,7.00,0.0039,0.0000,1.000,418,1,2,1,0,0.403
86454,85,CBC,7.00,0.0039,0.0000,1.000,418,1,2,1,0,0.403
87454,86,CBC,7.00,0.0039,0.0000,1.000,418,1,2,1,0,0.403
88454,87,CBC,7.00,0.0039,0.0000,1.000,418,1,2,1,0,0.403
89454,88,CBC,7.00,0.0039,0.0000,1.000,418,1,2,1,0,0.403
90454,89,CBC,7.00,0.0039,0.0000,1.000,418,1,2,1,0,0.403
91454,90,CBC,7.00,0.0039,0.0000,1.000,418,1,2,1,0,0.403
92454,91,CBC,7.00,0.0039,0.0000,1.000,418,1,2,1,0,0.403
93454,92,CBC,7.00,0.0039,0.0000,1.000,418,1,2,1,0,0.403
94454,93,CBC,7.00,0.0039,0.0000,1.000,418,1,2,1,0,0.403
95454,94,CBC,7.00,0.0039,0.0000,1.000,418,1,2,1,0,0.403
96454,95,CBC,7.00,0.0039,0.0000,1.000,418,1,2,1,0,0.403
97454,96,CBC,7.00,0.0039,0.0000,1.000,418,1,2,1,0,0.403
98454,97,CBC,7.00,0.0039,0.0000,1.000,418,1,2,1,0,0.403
99454,98,CBC,7.00,0.0039,0.0000,1.000,418,1,2,1,0,0.403
100454,99,CBC,7.00,0.0039,0.0000,1.000,418,1,2,1,0,0.403
101454,100,CBC,7.00,0.0039,0.0000,1.000,418,1,2,1,0,0.403
102454,101,CBC,5.00,0.0039,0.0000,1.000,418,1,2,1,0,0.403
103454,102,CBC,5.00,0.0039,0.0000,1.000,418,1,2,1,0,0.403
104454,103,CBC,5.00,0.0039,0.0000,1.000,418,1,2,1,0,0.403
105454,104,CBC,5.00,0.0039,0.0000,1.000,418,1,2,1,0,0.403
106454,105,CBC,5.00,0.0039,0.0000,1.000,418,1,2,1,0,0.403
107454,106,CBC,5.00,0.0039,0.0000,1.000,418,1,2,1,0,0.403
108454,107,CBC,5.00,0.0039,0.0000,1.000,418,1,2,1,0,0.403
109454,108,CBC,5.00,0.0039,0.0000,1.000,418,1,2,1,0,0.403
110454,109,CBC,5.00,0.0039,0.0000,1.000,418,1,2,1,0,0.403
111454,110,CBC,5.00,0.0039,0.0000,1.000,418,1,2,1,0,0.403
112454,111,CBC,5.00,0.0039,0.0000,1.000,418,1,2,1,0,0.403
113454,112,CBC,5.00,0.0039,0.0000,1.000,418,1,2,1,0,0.403
114454,113,CBC,5.00,0.0039,0.0000,1.000,418,1,2,1,0,0.403
115454,114,CBC,5.00,0.0039,0.0000,1.000,418,1,2,1,0,0.403
116454,115,CBC,5.00,0.0039,0.0000,1.000,418,1,2,1,0,0.403
117454,116,CBC,5.00,0.0039,0.0000,1.000,418,1,2,1,0,0.403
118454,117,CBC,5.00,0.0039,0.0000,1.000,418,1,2,1,0,0.403
119454,118,CBC,5.00,0.0039,0.0000,1.000,418,1,2,1,0,0.403
120454,119,CBC,5.00,0.0039,0.0000,1.000,418,1,2,1,0,0.403
121454,120,CBC,5.00,0.0039,0.0000,1.000,418,1,2,1,0,0.403
123554,121,CBC,5.00,0.0039,0.0000,1.000,1518,0,3,0,0,0.403
123972,122,CBC,5.00,0.0039,0.0000,1.000,418,1,3,1,0,0.403
124972,123,CBC,5.00,0.0039,0.0000,1.000,418,1,3,1,0,0.403
125972,124,CBC,5.00,0.0039,0.0000,1.000,418,1,3,1,0,0.403
126972,125,CBC,5.00,0.0039,0.0000,1.000,418,1,3,1,0,0.403
127972,126,CBC,5.00,0.0039,0.0000,1.000,418,1,3,1,0,0.403
128972,127,CBC,5.00,0.0039,0.0000,1.000,418,1,3,1,0,0.403
129972,128,CBC,5.00,0.0039,0.0000,1.000,418,1,3,1,0,0.403
130972,129,CBC,5.00,0.0039,0.0000,1.000,418,1,3,1,0,0.403
131972,130,CBC,5.00,0.0039,0.0000,1.000,418,1,3,1,0,0.403
132972,131,CBC,5.00,0.0039,0.0000,1.000,418,1,3,1,0,0.403
135072,132,CBC,5.00,0.0039,0.0000,1.000,1518,0,4,0,0,0.403
135490,133,CBC,5.00,0.0039,0.0000,1.000,418,1,4,1,0,0.403
136490,134,CBC,5.00,0.0039,0.0000,1.000,418,1,4,1,0,0.403
137490,135,CBC,5.00,0.0039,0.0000,1.000,418,1,4,1,0,0.403
138490,136,CBC,5.00,0.0039,0.0000,1.000,418,1,4,1,0,0.403
139490,137,CBC,5.00,0.0039,0.0000,1.000,418,1,4,1,0,0.403
140490,138,CBC,5.00,0.0039,0.0000,1.000,418,1,4,1,0,0.403
141490,139,CBC,5.00,0.0039,0.0000,1.000,418,1,4,1,0,0.403
142490,140,CBC,5.00,0.0039,0.0000,1.000,418,1,4,1,0,0.403
143490,141,CBC,5.00,0.0039,0.0000,1.000,418,1,4,1,0,0.403
144490,142,CBC,5.00,0.0039,0.0000,1.000,418,1,4,1,0,0.403
145490,143,CBC,5.00,0.0039,0.0000,1.000,418,1,4,1,0,0.403
146490,144,CBC,5.00,0.0039,0.0000,1.000,418,1,4,1,0,0.403
147490,145,CBC,5.00,0.0039,0.0000,1.000,418,1,4,1,0,0.403
148490,146,CBC,5.00,0.0039,0.0000,1.000,418,1,4,1,0,0.403
149490,147,CBC,5.00,0.0039,0.0000,1.000,418,1,4,1,0,0.403
150490,148,CBC,5.00,0.0039,0.0000,1.000,418,1,4,1,0,0.403
151490,149,CBC,5.00,0.0039,0.0000,1.000,418,1,4,1,0,0.403
152490,150,CBC,5.00,0.0039,0.0000,1.000,418,1,4,1,0,0.403
153490,151,CBC,3.00,0.0039,0.0000,1.000,418,1,4,1,0,0.403
154490,152,CBC,3.00,0.0039,0.0000,1.000,418,1,4,1,0,0.403
155490,153,CBC,3.00,0.0039,0.0000,1.000,418,1,4,1,0,0.403
156490,154,CBC,3.00,0.0039,0.0000,1.000,418,1,4,1,0,0.403
157490,155,CBC,3.00,0.0039,0.0000,1.000,418,1,4,1,0,0.403
158490,156,CBC,3.00,0.0039,0.0000,1.000,418,1,4,1,0,0.403
159490,157,CBC,3.00,0.0039,0.0000,1.000,418,1,4,1,0,0.403
160490,158,CBC,3.00,0.0039,0.0000,1.000,418,1,4,1,0,0.403
162590,159,CBC,3.00,0.0039,0.0000,1.000,1518,0,5,0,0,0.403
163008,160,CBC,3.00,0.0039,0.0000,1.000,418,1,5,1,0,0.403
164008,161,CBC,3.00,0.0039,0.0000,1.000,418,1,5,1,0,0.403
165008,162,CBC,3.00,0.0039,0.0000,1.000,418,1,5,1,0,0.403
166008,163,CBC,3.00,0.0039,0.0000,1.000,418,1,5,1,0,0.403
167008,164,CBC,3.00,0.0039,0.0000,1.000,418,1,5,1,0,0.403
168008,165,CBC,3.00,0.0039,0.0000,1.000,418,1,5,1,0,0.403
169008,166,CBC,3.00,0.0039,0.0000,1.000,418,1,5,1,0,0.403
170008,167,CBC,3.00,0.0039,0.0000,1.000,418,1,5,1,0,0.403
171008,168,CBC,3.00,0.0039,0.0000,1.000,418,1,5,1,0,0.403
172008,169,CBC,3.00,0.0039,0.0000,1.000,418,1,5,1,0,0.403
173008,170,CBC,3.00,0.0039,0.0000,1.000,418,1,5,1,0,0.403
174008,171,CBC,3.00,0.0039,0.0000,1.000,418,1,5,1,0,0.403
175008,172,CBC,3.00,0.0039,0.0000,1.000,418,1,5,1,0,0.403
176008,173,CBC,3.00,0.0039,0.0000,1.000,418,1,5,1,0,0.403
177008,174,CBC,3.00,0.0039,0.0000,1.000,418,1,5,1,0,0.403
178008,175,CBC,3.00,0.0039,0.0000,1.000,418,1,5,1,0,0.403
179008,176,CBC,3.00,0.0039,0.0000,1.000,418,1,5,1,0,0.403
180008,177,CBC,3.00,0.0039,0.0000,1.000,418,1,5,1,0,0.403
181008,178,CBC,3.00,0.0039,0.0000,1.000,418,1,5,1,0,0.403
182008,179,CBC,3.00,0.0039,0.0000,1.000,418,1,5,1,0,0.403
183008,180,CBC,3.00,0.0039,0.0000,1.000,418,1,5,1,0,0.403
184008,181,CBC,3.00,0.0039,0.0000,1.000,418,1,5,1,0,0.403
185008,182,CBC,3.00,0.0039,0.0000,1.000,418,1,5,1,0,0.403
186008,183,CBC,3.00,0.0039,0.0000,1.000,418,1,5,1,0,0.403
187008,184,CBC,3.00,0.0039,0.0000,1.000,418,1,5,1,0,0.403
188008,185,CBC,3.00,0.0039,0.0000,1.000,418,1,5,1,0,0.403
189008,186,CBC,3.00,0.0039,0.0000,1.000,418,1,5,1,0,0.403
190008,187,CBC,3.00,0.0039,0.0000,1.000,418,1,5,1,0,0.403
191008,188,CBC,3.00,0.0039,0.0000,1.000,418,1,5,1,0,0.403
192008,189,CBC,3.00,0.0039,0.0000,1.000,418,1,5,1,0,0.403
193008,190,CBC,3.00,0.0039,0.0000,1.000,418,1,5,1,0,0.403
194008,191,CBC,3.00,0.0039,0.0000,1.000,418,1,5,1,0,0.403
195008,192,CBC,3.00,0.0039,0.0000,1.000,418,1,5,1,0,0.403
196008,193,CBC,3.00,0.0039,0.0000,1.000,418,1,5,1,0,0.403
197008,194,CBC,3.00,0.0039,0.0000,1.000,418,1,5,1,0,0.403
198008,195,CBC,3.00,0.0039,0.0000,1.000,418,1,5,1,0,0.403
199008,196,CBC,3.00,0.0039,0.0000,1.000,418,1,5,1,0,0.403
200008,197,CBC,3.00,0.0039,0.0000,1.000,418,1,5,1,0,0.403
201008,198,CBC,3.00,0.0039,0.0000,1.000,418,1,5,1,0,0.403
202008,199,CBC,3.00,0.0039,0.0000,1.000,418,1,5,1,0,0.403
203008,200,CBC,3.00,0.0039,0.0000,1.000,418,1,5,1,0,0.403
204008,201,CBC,0.00,0.0039,0.0000,1.000,418,1,5,1,0,0.403
205008,202,CBC,0.00,0.0039,0.0000,1.000,418,1,5,1,0,0.403
206008,203,CBC,0.00,0.0039,0.0000,1.000,418,1,5,1,0,0.403
207008,204,CBC,0.00,0.0039,0.0000,1.000,418,1,5,1,0,0.403
208008,205,CBC,0.00,0.0039,0.0000,1.000,418,1,5,1,0,0.403
209008,206,CBC,0.00,0.0039,0.0000,1.000,418,1,5,1,0,0.403
210008,207,CBC,0.00,0.0039,0.0000,1.000,418,1,5,1,0,0.403
211008,208,CBC,0.00,0.0039,0.0000,1.000,418,1,5,1,0,0.403
212008,209,CBC,0.00,0.0039,0.0000,1.000,418,1,5,1,0,0.403
213008,210,CBC,0.00,0.0039,0.0000,1.000,418,1,5,1,0,0.403
214008,211,CBC,0.00,0.0039,0.0000,1.000,418,1,5,1,0,0.403
215008,212,CBC,0.00,0.0039,0.0000,1.000,418,1,5,1,0,0.403
216008,213,CBC,0.00,0.0039,0.0000,1.000,418,1,5,1,0,0.403
217008,214,CBC,0.00,0.0039,0.0000,1.000,418,1,5,1,0,0.403
218008,215,CBC,0.00,0.0039,0.0000,1.000,418,1,5,1,0,0.403
219008,216,CBC,0.00,0.0039,0.0000,1.000,418,1,5,1,0,0.403
220008,217,CBC,0.00,0.0039,0.0000,1.000,418,1,5,1,0,0.403
221008,218,CBC,0.00,0.0039,0.0000,1.000,418,1,5,1,0,0.403
222008,219,CBC,0.00,0.0039,0.0000,1.000,418,1,5,1,0,0.403
223008,220,CBC,0.00,0.0039,0.0000,1.000,418,1,5,1,0,0.403
224008,221,CBC,0.00,0.0039,0.0000,1.000,418,1,5,1,0,0.403
225008,222,CBC,0.00,0.0039,0.0000,1.000,418,1,5,1,0,0.403
226008,223,CBC,0.00,0.0039,0.0000,1.000,418,1,5,1,0,0.403
227008,224,CBC,0.00,0.0039,0.0000,1.000,418,1,5,1,0,0.403
228008,225,CBC,0.00,0.0039,0.0000,1.000,418,1,5,1,0,0.403
229008,226,CBC,0.00,0.0039,0.0000,1.000,418,1,5,1,0,0.403
230008,227,CBC,0.00,0.0039,0.0000,1.000,418,1,5,1,0,0.403
231008,228,CBC,0.00,0.0039,0.0000,1.000,418,1,5,1,0,0.403
232008,229,CBC,0.00,0.0039,0.0000,1.000,418,1,5,1,0,0.403
233008,230,CBC,0.00,0.0039,0.0000,1.000,418,1,5,1,0,0.403
234008,231,CBC,0.00,0.0039,0.0000,1.000,418,1,5,1,0,0.403
235008,232,CBC,0.00,0.0039,0.0000,1.000,418,1,5,1,0,0.403
236008,233,CBC,0.00,0.0039,0.0000,1.000,418,1,5,1,0,0.403
237008,234,CBC,0.00,0.0039,0.0000,1.000,418,1,5,1,0,0.403
238008,235,CBC,0.00,0.0039,0.0000,1.000,418,1,5,1,0,0.403
239008,236,CBC,0.00,0.0039,0.0000,1.000,418,1,5,1,0,0.403
240008,237,CBC,0.00,0.0039,0.0000,1.000,418,1,5,1,0,0.403
241008,238,CBC,0.00,0.0039,0.0000,1.000,418,1,5,1,0,0.403
242008,239,CBC,0.00,0.0039,0.0000,1.000,418,1,5,1,0,0.403
243008,240,CBC,0.00,0.0039,0.0000,1.000,418,1,5,1,0,0.403
244008,241,CBC,0.00,0.0039,0.0000,1.000,418,1,5,1,0,0.403
245008,242,CBC,0.00,0.0039,0.0000,1.000,418,1,5,1,0,0.403
246008,243,CBC,0.00,0.0039,0.0000,1.000,418,1,5,1,0,0.403
247008,244,CBC,0.00,0.0039,0.0000,1.000,418,1,5,1,0,0.403
248008,245,CBC,0.00,0.0039,0.0000,1.000,418,1,5,1,0,0.403
249008,246,CBC,0.00,0.0039,0.0000,1.000,418,1,5,1,0,0.403
250008,247,CBC,0.00,0.0039,0.0000,1.000,418,1,5,1,0,0.403
251008,248,CBC,0.00,0.0039,0.0000,1.000,418,1,5,1,0,0.403
252008,249,CBC,0.00,0.0039,0.0000,1.000,418,1,5,1,0,0.403
253008,250,CBC,0.00,0.0039,0.0000,1.000,418,1,5,1,0,0.403
254008,251,CBC,-2.00,0.0039,0.0000,1.000,418,1,5,1,0,0.403
255008,252,CBC,-2.00,0.0039,0.0000,1.000,418,1,5,1,0,0.403
256008,253,CBC,-2.00,0.0039,0.0000,1.000,418,1,5,1,0,0.403
257008,254,CBC,-2.00,0.0039,0.0000,1.000,418,1,5,1,0,0.403
258008,255,CBC,-2.00,0.0039,0.0000,1.000,418,1,5,1,0,0.403
259008,256,CBC,-2.00,0.0039,0.0000,1.000,418,1,5,1,0,0.403
260008,257,CBC,-2.00,0.0039,0.0000,1.000,418,1,5,1,0,0.403
261008,258,CBC,-2.00,0.0039,0.0000,1.000,418,1,5,1,0,0.403
262008,259,CBC,-2.00,0.0039,0.0000,1.000,418,1,5,1,0,0.403
263008,260,CBC,-2.00,0.0039,0.0000,1.000,418,1,5,1,0,0.403
264008,261,CBC,-2.00,0.0039,0.0000,1.000,418,1,5,1,0,0.403
265008,262,CBC,-2.00,0.0039,0.0000,1.000,418,1,5,1,0,0.403
266008,263,CBC,-2.00,0.0039,0.0000,1.000,418,1,5,1,0,0.403
267008,264,CBC,-2.00,0.0039,0.0000,1.000,418,1,5,1,0,0.403
268008,265,CBC,-2.00,0.0039,0.0000,1.000,418,1,5,1,0,0.403
269008,266,CBC,-2.00,0.0039,0.0000,1.000,418,1,5,1,0,0.403
270008,267,CBC,-2.00,0.0039,0.0000,1.000,418,1,5,1,0,0.403
271008,268,CBC,-2.00,0.0039,0.0000,1.000,418,1,5,1,0,0.403
272008,269,CBC,-2.00,0.0039,0.0000,1.000,418,1,5,1,0,0.403
273008,270,CBC,-2.00,0.0039,0.0000,1.000,418,1,5,1,0,0.403
274008,271,CBC,-2.00,0.0039,0.0000,1.000,418,1,5,1,0,0.403
276108,272,CBC,-2.00,0.0039,0.0000,1.000,1518,0,6,0,0,0.403
276526,273,CBC,-2.00,0.0039,0.0000,1.000,418,1,6,1,0,0.403
277526,274,CBC,-2.00,0.0039,0.0000,1.000,418,1,6,1,0,0.403
278526,275,CBC,-2.00,0.0039,0.0000,1.000,418,1,6,1,0,0.403
279526,276,CBC,-2.00,0.0039,0.0000,1.000,418,1,6,1,0,0.403
280526,277,CBC,-2.00,0.0039,0.0000,1.000,418,1,6,1,0,0.403
281526,278,CBC,-2.00,0.0039,0.0000,1.000,418,1,6,1,0,0.403
282526,279,CBC,-2.00,0.0039,0.0000,1.000,418,1,6,1,0,0.403
283526,280,CBC,-2.00,0.0039,0.0000,1.000,418,1,6,1,0,0.403
284526,281,CBC,-2.00,0.0039,0.0000,1.000,418,1,6,1,0,0.403
286626,282,CBC,-2.00,0.0039,0.0000,1.000,1518,0,7,0,0,0.403
288144,283,CBC,-2.00,0.0039,0.0000,1.000,1518,0,8,0,0,0.403
289662,284,CBC,-2.00,0.0039,0.0000,1.000,1518,0,9,0,0,0.403
291180,285,CBC,-2.00,0.0039,0.0000,1.000,1518,0,10,0,0,0.403
292698,286,CBC,-2.00,0.0039,0.0000,1.000,1518,0,11,0,0,0.403
294216,287,CBC,-2.00,0.0039,0.0000,1.000,1518,0,12,0,0,0.403
295734,288,CBC,-2.00,0.0039,0.0000,1.000,1518,0,13,0,0,0.403
297252,289,CBC,-2.00,0.0039,0.0000,1.000,1518,0,14,0,0,0.403
297670,290,CBC,-2.00,0.0039,0.0000,1.000,418,1,14,1,0,0.403
298670,291,CBC,-2.00,0.0039,0.0000,1.000,418,1,14,1,0,0.403
299670,292,CBC,-2.00,0.0039,0.0000,1.000,418,1,14,1,0,0.403
300670,293,CBC,-2.00,0.0039,0.0000,1.000,418,1,14,1,0,0.403
301670,294,CBC,-2.00,0.0039,0.0000,1.000,418,1,14,1,0,0.403
302670,295,CBC,-2.00,0.0039,0.0000,1.000,418,1,14,1,0,0.403
303670,296,CBC,-2.00,0.0039,0.0000,1.000,418,1,14,1,0,0.403
304670,297,CBC,-2.00,0.0039,0.0000,1.000,418,1,14,1,0,0.403
305670,298,CBC,-2.00,0.0039,0.0000,1.000,418,1,14,1,0,0.403
306670,299,CBC,-2.00,0.0039,0.0000,1.000,418,1,14,1,0,0.403
307670,300,CBC,-2.00,0.0039,0.0000,1.000,418,1,14,1,0,0.403
308670,301,CBC,-5.00,0.0039,0.0000,1.000,418,1,14,1,0,0.403
309670,302,CBC,-5.00,0.0039,0.0000,1.000,418,1,14,1,0,0.403
310670,303,CBC,-5.00,0.0039,0.0000,1.000,418,1,14,1,0,0.403
311670,304,CBC,-5.00,0.0039,0.0000,1.000,418,1,14,1,0,0.403
312670,305,CBC,-5.00,0.0039,0.0000,1.000,418,1,14,1,0,0.403
313670,306,CBC,-5.00,0.0039,0.0000,1.000,418,1,14,1,0,0.403
314670,307,CBC,-5.00,0.0039,0.0000,1.000,418,1,14,1,0,0.403
315670,308,CBC,-5.00,0.0039,0.0000,1.000,418,1,14,1,0,0.403
316670,309,CBC,-5.00,0.0039,0.0000,1.000,418,1,14,1,0,0.403
317670,310,CBC,-5.00,0.0039,0.0000,1.000,418,1,14,1,0,0.403
318670,311,CBC,-5.00,0.0039,0.0000,1.000,418,1,14,1,0,0.403
319670,312,CBC,-5.00,0.0039,0.0000,1.000,418,1,14,1,0,0.403
320670,313,CBC,-5.00,0.0039,0.0000,1.000,418,1,14,1,0,0.403
321670,314,CBC,-5.00,0.0039,0.0000,1.000,418,1,14,1,0,0.403
322670,315,CBC,-5.00,0.0039,0.0000,1.000,418,1,14,1,0,0.403
323670,316,CBC,-5.00,0.0039,0.0000,1.000,418,1,14,1,0,0.403
324670,317,CBC,-5.00,0.0039,0.0000,1.000,418,1,14,1,0,0.403
325670,318,CBC,-5.00,0.0039,0.0000,1.000,418,1,14,1,0,0.403
326670,319,CBC,-5.00,0.0039,0.0000,1.000,418,1,14,1,0,0.403
327670,320,CBC,-5.00,0.0039,0.0000,1.000,418,1,14,1,0,0.403
328670,321,CBC,-5.00,0.0039,0.0000,1.000,418,1,14,1,0,0.403
329670,322,CBC,-5.00,0.0039,0.0000,1.000,418,1,14,1,0,0.403
330670,323,CBC,-5.00,0.0039,0.0000,1.000,418,1,14,1,0,0.403
331670,324,CBC,-5.00,0.0039,0.0000,1.000,418,1,14,1,0,0.403
332670,325,CBC,-5.00,0.0039,0.0000,1.000,418,1,14,1,0,0.403
333670,326,CBC,-5.00,0.0039,0.0000,1.000,418,1,14,1,0,0.403
334670,327,CBC,-5.00,0.0039,0.0000,1.000,418,1,14,1,0,0.403
335670,328,CBC,-5.00,0.0039,0.0000,1.000,418,1,14,1,0,0.403
336670,329,CBC,-5.00,0.0039,0.0000,1.000,418,1,14,1,0,0.403
337670,330,CBC,-5.00,0.0039,0.0000,1.000,418,1,14,1,0,0.403
338670,331,CBC,-5.00,0.0039,0.0000,1.000,418,1,14,1,0,0.403
339670,332,CBC,-5.00,0.0039,0.0000,1.000,418,1,14,1,0,0.403
340670,333,CBC,-5.00,0.0039,0.0000,1.000,418,1,14,1,0,0.403
341670,334,CBC,-5.00,0.0039,0.0000,1.000,418,1,14,1,0,0.403
342670,335,CBC,-5.00,0.0039,0.0000,1.000,418,1,14,1,0,0.403
343670,336,CBC,-5.00,0.0039,0.0000,1.000,418,1,14,1,0,0.403
344670,337,CBC,-5.00,0.0039,0.0000,1.000,418,1,14,1,0,0.403
345670,338,CBC,-5.00,0.0039,0.0000,1.000,418,1,14,1,0,0.403
346670,339,CBC,-5.00,0.0039,0.0000,1.000,418,1,14,1,0,0.403
347670,340,CBC,-5.00,0.0039,0.0000,1.000,418,1,14,1,0,0.403
348670,341,CBC,-5.00,0.0039,0.0000,1.000,418,1,14,1,0,0.403
349670,342,CBC,-5.00,0.0039,0.0000,1.000,418,1,14,1,0,0.403
350670,343,CBC,-5.00,0.0039,0.0000,1.000,418,1,14,1,0,0.403
351670,344,CBC,-5.00,0.0039,0.0000,1.000,418,1,14,1,0,0.403
352670,345,CBC,-5.00,0.0039,0.0000,1.000,418,1,14,1,0,0.403
353670,346,CBC,-5.00,0.0039,0.0000,1.000,418,1,14,1,0,0.403
354670,347,CBC,-5.00,0.0039,0.0000,1.000,418,1,14,1,0,0.403
355670,348,CBC,-5.00,0.0039,0.0000,1.000,418,1,14,1,0,0.403
356670,349,CBC,-5.00,0.0039,0.0000,1.000,418,1,14,1,0,0.403
357670,350,CBC,-5.00,0.0039,0.0000,1.000,418,1,14,1,0,0.403
358670,351,CBC,-7.00,0.0039,0.0000,1.000,418,1,14,1,0,0.403
359670,352,CBC,-7.00,0.0039,0.0000,1.000,418,1,14,1,0,0.403
360670,353,CBC,-7.00,0.0039,0.0000,1.000,418,1,14,1,0,0.403
361670,354,CBC,-7.00,0.0039,0.0000,1.000,418,1,14,1,0,0.403
362670,355,CBC,-7.00,0.0039,0.0000,1.000,418,1,14,1,0,0.403
363670,356,CBC,-7.00,0.0039,0.0000,1.000,418,1,14,1,0,0.403
364670,357,CBC,-7.00,0.0039,0.0000,1.000,418,1,14,1,0,0.403
365670,358,CBC,-7.00,0.0039,0.0000,1.000,418,1,14,1,0,0.403
366670,359,CBC,-7.00,0.0039,0.0000,1.000,418,1,14,1,0,0.403
367670,360,CBC,-7.00,0.0039,0.0000,1.000,418,1,14,1,0,0.403
369770,361,CBC,-7.00,0.0039,0.0000,1.000,1518,0,15,0,0,0.403
370188,362,CBC,-7.00,0.0039,0.0000,1.000,418,1,15,1,0,0.403
371188,363,CBC,-7.00,0.0039,0.0000,1.000,418,1,15,1,0,0.403
372188,364,CBC,-7.00,0.0039,0.0000,1.000,418,1,15,1,0,0.403
373188,365,CBC,-7.00,0.0039,0.0000,1.000,418,1,15,1,0,0.403
374188,366,CBC,-7.00,0.0039,0.0000,1.000,418,1,15,1,0,0.403
375188,367,CBC,-7.00,0.0039,0.0000,1.000,418,1,15,1,0,0.403
376188,368,CBC,-7.00,0.0039,0.0000,1.000,418,1,15,1,0,0.403
377188,369,CBC,-7.00,0.0039,0.0000,1.000,418,1,15,1,0,0.403
378188,370,CBC,-7.00,0.0039,0.0000,1.000,418,1,15,1,0,0.403
379188,371,CBC,-7.00,0.0039,0.0000,1.000,418,1,15,1,0,0.403
380188,372,CBC,-7.00,0.0039,0.0000,1.000,418,1,15,1,0,0.403
381188,373,CBC,-7.00,0.0039,0.0000,1.000,418,1,15,1,0,0.403
382188,374,CBC,-7.00,0.0039,0.0000,1.000,418,1,15,1,0,0.403
383188,375,CBC,-7.00,0.0039,0.0000,1.000,418,1,15,1,0,0.403
384188,376,CBC,-7.00,0.0039,0.0000,1.000,418,1,15,1,0,0.403
385188,377,CBC,-7.00,0.0039,0.0000,1.000,418,1,15,1,0,0.403
386188,378,CBC,-7.00,0.0039,0.0000,1.000,418,1,15,1,0,0.403
387188,379,CBC,-7.00,0.0039,0.0000,1.000,418,1,15,1,0,0.403
388188,380,CBC,-7.00,0.0039,0.0000,1.000,418,1,15,1,0,0.403
389188,381,CBC,-7.00,0.0039,0.0000,1.000,418,1,15,1,0,0.403
390188,382,CBC,-7.00,0.0039,0.0000,1.000,418,1,15,1,0,0.403
391188,383,CBC,-7.00,0.0039,0.0000,1.000,418,1,15,1,0,0.403
392188,384,CBC,-7.00,0.0039,0.0000,1.000,418,1,15,1,0,0.403
393188,385,CBC,-7.00,0.0039,0.0000,1.000,418,1,15,1,0,0.403
394188,386,CBC,-7.00,0.0039,0.0000,1.000,418,1,15,1,0,0.403
395188,387,CBC,-7.00,0.0039,0.0000,1.000,418,1,15,1,0,0.403
396188,388,CBC,-7.00,0.0039,0.0000,1.000,418,1,15,1,0,0.403
397188,389,CBC,-7.00,0.0039,0.0000,1.000,418,1,15,1,0,0.403
398188,390,CBC,-7.00,0.0039,0.0000,1.000,418,1,15,1,0,0.403
399188,391,CBC,-7.00,0.0039,0.0000,1.000,418,1,15,1,0,0.403
400188,392,CBC,-7.00,0.0039,0.0000,1.000,418,1,15,1,0,0.403
401188,393,CBC,-7.00,0.0039,0.0000,1.000,418,1,15,1,0,0.403
402188,394,CBC,-7.00,0.0039,0.0000,1.000,418,1,15,1,0,0.403
403188,395,CBC,-7.00,0.0039,0.0000,1.000,418,1,15,1,0,0.403
404188,396,CBC,-7.00,0.0039,0.0000,1.000,418,1,15,1,0,0.403
405188,397,CBC,-7.00,0.0039,0.0000,1.000,418,1,15,1,0,0.403
406188,398,CBC,-7.00,0.0039,0.0000,1.000,418,1,15,1,0,0.403
407188,399,CBC,-7.00,0.0039,0.0000,1.000,418,1,15,1,0,0.403
408188,400,CBC,-7.00,0.0039,0.0000,1.000,418,1,15,1,0,0.403
409188,401,CBC,-10.00,0.0039,0.0000,1.000,418,1,15,1,0,0.403
410188,402,CBC,-10.00,0.0039,0.0000,1.000,418,1,15,1,0,0.403
411188,403,CBC,-10.00,0.0039,0.0000,1.000,418,1,15,1,0,0.403
412188,404,CBC,-10.00,0.0039,0.0000,1.000,418,1,15,1,0,0.403
413188,405,CBC,-10.00,0.0039,0.0000,1.000,418,1,15,1,0,0.403
414188,406,CBC,-10.00,0.0039,0.0000,1.000,418,1,15,1,0,0.403
416288,407,CBC,-10.00,0.0039,0.0000,1.000,1518,0,16,0,0,0.403
416706,408,CBC,-10.00,0.0039,0.0000,1.000,418,1,16,1,0,0.403
417706,409,CBC,-10.00,0.0039,0.0000,1.000,418,1,16,1,0,0.403
418706,410,CBC,-10.00,0.0039,0.0000,1.000,418,1,16,1,0,0.403
419706,411,CBC,-10.00,0.0039,0.0000,1.000,418,1,16,1,0,0.403
420706,412,CBC,-10.00,0.0039,0.0000,1.000,418,1,16,1,0,0.403
421706,413,CBC,-10.00,0.0039,0.0000,1.000,418,1,16,1,0,0.403
422706,414,CBC,-10.00,0.0039,0.0000,1.000,418,1,16,1,0,0.403
423706,415,CBC,-10.00,0.0039,0.0000,1.000,418,1,16,1,0,0.403
424706,416,CBC,-10.00,0.0039,0.0000,1.000,418,1,16,1,0,0.403
425706,417,CBC,-10.00,0.0039,0.0000,1.000,418,1,16,1,0,0.403
426706,418,CBC,-10.00,0.0039,0.0000,1.000,418,1,16,1,0,0.403
427706,419,CBC,-10.00,0.0039,0.0000,1.000,418,1,16,1,0,0.403
428706,420,CBC,-10.00,0.0039,0.0000,1.000,418,1,16,1,0,0.403
429706,421,CBC,-10.00,0.0039,0.0000,1.000,418,1,16,1,0,0.403
430706,422,CBC,-10.00,0.0039,0.0000,1.000,418,1,16,1,0,0.403
431706,423,CBC,-10.00,0.0039,0.0000,1.000,418,1,16,1,0,0.403
432706,424,CBC,-10.00,0.0039,0.0000,1.000,418,1,16,1,0,0.403
433706,425,CBC,-10.00,0.0039,0.0000,1.000,418,1,16,1,0,0.403
434706,426,CBC,-10.00,0.0039,0.0000,1.000,418,1,16,1,0,0.403
435706,427,CBC,-10.00,0.0039,0.0000,1.000,418,1,16,1,0,0.403
436706,428,CBC,-10.00,0.0039,0.0000,1.000,418,1,16,1,0,0.403
437706,429,CBC,-10.00,0.0039,0.0000,1.000,418,1,16,1,0,0.403
438706,430,CBC,-10.00,0.0039,0.0000,1.000,418,1,16,1,0,0.403
439706,431,CBC,-10.00,0.0039,0.0000,1.000,418,1,16,1,0,0.403
440706,432,CBC,-10.00,0.0039,0.0000,1.000,418,1,16,1,0,0.403
441706,433,CBC,-10.00,0.0039,0.0000,1.000,418,1,16,1,0,0.403
442706,434,CBC,-10.00,0.0039,0.0000,1.000,418,1,16,1,0,0.403
443706,435,CBC,-10.00,0.0039,0.0000,1.000,418,1,16,1,0,0.403
445806,436,CBC,-10.00,0.0039,0.0000,1.000,1518,0,17,0,0,0.403
446224,437,CBC,-10.00,0.0039,0.0000,1.000,418,1,17,1,0,0.403
447224,438,CBC,-10.00,0.0039,0.0000,1.000,418,1,17,1,0,0.403
448224,439,CBC,-10.00,0.0039,0.0000,1.000,418,1,17,1,0,0.403
449224,440,CBC,-10.00,0.0039,0.0000,1.000,418,1,17,1,0,0.403
450224,441,CBC,-10.00,0.0039,0.0000,1.000,418,1,17,1,0,0.403
451224,442,CBC,-10.00,0.0039,0.0000,1.000,418,1,17,1,0,0.403
452224,443,CBC,-10.00,0.0039,0.0000,1.000,418,1,17,1,0,0.403
453224,444,CBC,-10.00,0.0039,0.0000,1.000,418,1,17,1,0,0.403
454224,445,CBC,-10.00,0.0039,0.0000,1.000,418,1,17,1,0,0.403
455224,446,CBC,-10.00,0.0039,0.0000,1.000,418,1,17,1,0,0.403
456224,447,CBC,-10.00,0.0039,0.0000,1.000,418,1,17,1,0,0.403
457224,448,CBC,-10.00,0.0039,0.0000,1.000,418,1,17,1,0,0.403
458224,449,CBC,-10.00,0.0039,0.0000,1.000,418,1,17,1,0,0.403
459224,450,CBC,-10.00,0.0039,0.0000,1.000,418,1,17,1,0,0.403
460224,451,CBC,10.00,0.0039,0.0000,1.000,418,1,17,1,0,0.403
