50418,50,CTR,10.00,0.0117,0.0000,1.000,418,1,0,1,0,0.329
51418,51,CTR,7.00,0.0117,0.0000,1.000,418,1,0,1,0,0.329
52418,52,CTR,7.00,0.0117,0.0000,1.000,418,1,0,1,0,0.329
53418,53,CTR,7.00,0.0117,0.0000,1.000,418,1,0,1,0,0.329
54418,54,CTR,7.00,0.0117,0.0000,1.000,418,1,0,1,0,0.329
55418,55,CTR,7.00,0.0117,0.0000,1.000,418,1,0,1,0,0.329
56418,56,CTR,7.00,0.0117,0.0000,1.000,418,1,0,1,0,0.329
57418,57,CTR,7.00,0.0117,0.0000,1.000,418,1,0,1,0,0.329
58418,58,CTR,7.00,0.0117,0.0000,1.000,418,1,0,1,0,0.329
59418,59,CTR,7.00,0.0117,0.0000,1.000,418,1,0,1,0,0.329
60418,60,CTR,7.00,0.0117,0.0000,1.000,418,1,0,1,0,0.329
61418,61,CTR,7.00,0.0117,0.0000,1.000,418,1,0,1,0,0.329
62418,62,CTR,7.00,0.0117,0.0000,1.000,418,1,0,1,0,0.329
63418,63,CTR,7.00,0.0117,0.0000,1.000,418,1,0,1,0,0.329
64418,64,CTR,7.00,0.0117,0.0000,1.000,418,1,0,1,0,0.329
65418,65,CTR,7.00,0.0117,0.0000,1.000,418,1,0,1,0,0.329
66418,66,CTR,7.00,0.0105,0.0000,1.000,418,1,0,1,0,0.329
67418,67,CTR,7.00,0.0097,0.0000,1.000,418,1,0,1,0,0.328
68418,68,CTR,7.00,0.0092,0.0000,1.000,418,1,0,1,0,0.328
69418,69,CTR,7.00,0.0088,0.0000,1.000,418,1,0,1,0,0.327
70418,70,CTR,7.00,0.0085,0.0000,1.000,418,1,0,1,0,0.327
71418,71,CTR,7.00,0.0083,0.0000,1.000,418,1,0,1,0,0.327
72418,72,CTR,7.00,0.0081,0.0000,1.000,418,1,0,1,0,0.327
73418,73,CTR,7.00,0.0080,0.0000,1.000,418,1,0,1,0,0.326
74418,74,CTR,7.00,0.0080,0.0000,1.000,418,1,0,1,0,0.326
75418,75,CTR,7.00,0.0079,0.0000,1.000,418,1,0,1,0,0.326
76418,76,CTR,7.00,0.0079,0.0000,1.000,418,1,0,1,0,0.326
77418,77,CTR,7.00,0.0079,0.0000,1.000,418,1,0,1,0,0.326
78418,78,CTR,7.00,0.0079,0.0000,1.000,418,1,0,1,0,0.326
79418,79,CTR,7.00,0.0078,0.0000,1.000,418,1,0,1,0,0.326
80418,80,CTR,7.00,0.0078,0.0000,1.000,418,1,0,1,0,0.326
81418,81,CTR,7.00,0.0078,0.0000,1.000,418,1,0,1,0,0.326
82418,82,CTR,7.00,0.0078,0.0000,1.000,418,1,0,1,0,0.326
83418,83,CTR,7.00,0.0078,0.0000,1.000,418,1,0,1,0,0.326
84418,84,CTR,7.00,0.0078,0.0000,1.000,418,1,0,1,0,0.326
85418,85,CTR,7.00,0.0078,0.0000,1.000,418,1,0,1,0,0.326
86418,86,CTR,7.00,0.0078,0.0000,1.000,418,1,0,1,0,0.326
87418,87,CTR,7.00,0.0078,0.0000,1.000,418,1,0,1,0,0.326
88418,88,CTR,7.00,0.0078,0.0000,1.000,418,1,0,1,0,0.326
89418,89,CTR,7.00,0.0078,0.0000,1.000,418,1,0,1,0,0.326
90418,90,CTR,7.00,0.0078,0.0000,1.000,418,1,0,1,0,0.326
91418,91,CTR,7.00,0.0078,0.0000,1.000,418,1,0,1,0,0.326
92418,92,CTR,7.00,0.0078,0.0000,1.000,418,1,0,1,0,0.326
93418,93,CTR,7.00,0.0078,0.0000,1.000,418,1,0,1,0,0.326
94418,94,CTR,7.00,0.0078,0.0000,1.000,418,1,0,1,0,0.326
95418,95,CTR,7.00,0.0078,0.0000,1.000,418,1,0,1,0,0.326
96418,96,CTR,7.00,0.0078,0.0000,1.000,418,1,0,1,0,0.326
97418,97,CTR,7.00,0.0078,0.0000,1.000,418,1,0,1,0,0.326
98418,98,CTR,7.00,0.0078,0.0000,1.000,418,1,0,1,0,0.326
99418,99,CTR,7.00,0.0078,0.0000,1.000,418,1,0,1,0,0.326
100418,100,CTR,7.00,0.0078,0.0000,1.000,418,1,0,1,0,0.326
101418,101,CTR,5.00,0.0078,0.0000,1.000,418,1,0,1,0,0.326
102418,102,CTR,5.00,0.0078,0.0000,1.000,418,1,0,1,0,0.326
103418,103,CTR,5.00,0.0078,0.0000,1.000,418,1,0,1,0,0.326
104418,104,CTR,5.00,0.0078,0.0000,1.000,418,1,0,1,0,0.326
105418,105,CTR,5.00,0.0078,0.0000,1.000,418,1,0,1,0,0.326
106418,106,CTR,5.00,0.0078,0.0000,1.000,418,1,0,1,0,0.326
107418,107,CTR,5.00,0.0078,0.0000,1.000,418,1,0,1,0,0.326
108418,108,CTR,5.00,0.0078,0.0000,1.000,418,1,0,1,0,0.326
109418,109,CTR,5.00,0.0078,0.0000,1.000,418,1,0,1,0,0.326
110418,110,CTR,5.00,0.0078,0.0000,1.000,418,1,0,1,0,0.326
111418,111,CTR,5.00,0.0078,0.0000,1.000,418,1,0,1,0,0.326
112418,112,CTR,5.00,0.0078,0.0000,1.000,418,1,0,1,0,0.326
113418,113,CTR,5.00,0.0078,0.0000,1.000,418,1,0,1,0,0.326
114418,114,CTR,5.00,0.0078,0.0000,1.000,418,1,0,1,0,0.326
115418,115,CTR,5.00,0.0078,0.0000,1.000,418,1,0,1,0,0.326
116418,116,CTR,5.00,0.0078,0.0000,1.000,418,1,0,1,0,0.326
117418,117,CTR,5.00,0.0078,0.0000,1.000,418,1,0,1,0,0.326
118418,118,CTR,5.00,0.0078,0.0000,1.000,418,1,0,1,0,0.326
119418,119,CTR,5.00,0.0078,0.0000,1.000,418,1,0,1,0,0.326
120418,120,CTR,5.00,0.0078,0.0000,1.000,418,1,0,1,0,0.326
121418,121,CTR,5.00,0.0078,0.0000,1.000,418,1,0,1,0,0.326
122418,122,CTR,5.00,0.0078,0.0000,1.000,418,1,0,1,0,0.326
123418,123,CTR,5.00,0.0078,0.0000,1.000,418,1,0,1,0,0.326
124418,124,CTR,5.00,0.0078,0.0000,1.000,418,1,0,1,0,0.326
125418,125,CTR,5.00,0.0078,0.0000,1.000,418,1,0,1,0,0.326
126418,126,CTR,5.00,0.0078,0.0000,1.000,418,1,0,1,0,0.326
127418,127,CTR,5.00,0.0078,0.0000,1.000,418,1,0,1,0,0.326
128418,128,CTR,5.00,0.0078,0.0000,1.000,418,1,0,1,0,0.326
129418,129,CTR,5.00,0.0078,0.0000,1.000,418,1,0,1,0,0.326
130418,130,CTR,5.00,0.0078,0.0000,1.000,418,1,0,1,0,0.326
131418,131,CTR,5.00,0.0078,0.0000,1.000,418,1,0,1,0,0.326
132418,132,CTR,5.00,0.0078,0.0000,1.000,418,1,0,1,0,0.326
133418,133,CTR,5.00,0.0078,0.0000,1.000,418,1,0,1,0,0.326
134418,134,CTR,5.00,0.0066,0.0000,1.000,418,1,0,1,0,0.326
135418,135,CTR,5.00,0.0058,0.0000,1.000,418,1,0,1,0,0.325
136418,136,CTR,5.00,0.0052,0.0000,1.000,418,1,0,1,0,0.325
137418,137,CTR,5.00,0.0048,0.0000,1.000,418,1,0,1,0,0.324
138418,138,CTR,5.00,0.0046,0.0000,1.000,418,1,0,1,0,0.324
139418,139,CTR,5.00,0.0044,0.0000,1.000,418,1,0,1,0,0.324
140418,140,CTR,5.00,0.0042,0.0000,1.000,418,1,0,1,0,0.323
141418,141,CTR,5.00,0.0041,0.0000,1.000,418,1,0,1,0,0.323
142418,142,CTR,5.00,0.0041,0.0000,1.000,418,1,0,1,0,0.323
143418,143,CTR,5.00,0.0040,0.0000,1.000,418,1,0,1,0,0.323
144418,144,CTR,5.00,0.0040,0.0000,1.000,418,1,0,1,0,0.323
145418,145,CTR,5.00,0.0040,0.0000,1.000,418,1,0,1,0,0.323
146418,146,CTR,5.00,0.0039,0.0000,1.000,418,1,0,1,0,0.323
147418,147,CTR,5.00,0.0039,0.0000,1.000,418,1,0,1,0,0.323
148418,148,CTR,5.00,0.0039,0.0000,1.000,418,1,0,1,0,0.323
149418,149,CTR,5.00,0.0039,0.0000,1.000,418,1,0,1,0,0.323
150418,150,CTR,5.00,0.0039,0.0000,1.000,418,1,0,1,0,0.323
151418,151,CTR,3.00,0.0039,0.0000,1.000,418,1,0,1,0,0.323
152418,152,CTR,3.00,0.0039,0.0000,1.000,418,1,0,1,0,0.323
153418,153,CTR,3.00,0.0039,0.0000,1.000,418,1,0,1,0,0.323
154418,154,CTR,3.00,0.0039,0.0000,1.000,418,1,0,1,0,0.323
155418,155,CTR,3.00,0.0039,0.0000,1.000,418,1,0,1,0,0.323
156418,156,CTR,3.00,0.0039,0.0000,1.000,418,1,0,1,0,0.323
157418,157,CTR,3.00,0.0039,0.0000,1.000,418,1,0,1,0,0.323
158418,158,CTR,3.00,0.0039,0.0000,1.000,418,1,0,1,0,0.323
159418,159,CTR,3.00,0.0039,0.0000,1.000,418,1,0,1,0,0.323
160418,160,CTR,3.00,0.0039,0.0000,1.000,418,1,0,1,0,0.323
161418,161,CTR,3.00,0.0039,0.0000,1.000,418,1,0,1,0,0.323
162418,162,CTR,3.00,0.0039,0.0000,1.000,418,1,0,1,0,0.323
163418,163,CTR,3.00,0.0039,0.0000,1.000,418,1,0,1,0,0.323
164418,164,CTR,3.00,0.0039,0.0000,1.000,418,1,0,1,0,0.323
165418,165,CTR,3.00,0.0039,0.0000,1.000,418,1,0,1,0,0.323
166418,166,CTR,3.00,0.0039,0.0000,1.000,418,1,0,1,0,0.323
167418,167,CTR,3.00,0.0039,0.0000,1.000,418,1,0,1,0,0.323
168418,168,CTR,3.00,0.0039,0.0000,1.000,418,1,0,1,0,0.323
169418,169,CTR,3.00,0.0039,0.0000,1.000,418,1,0,1,0,0.323
170418,170,CTR,3.00,0.0039,0.0000,1.000,418,1,0,1,0,0.323
171418,171,CTR,3.00,0.0039,0.0000,1.000,418,1,0,1,0,0.323
172418,172,CTR,3.00,0.0039,0.0000,1.000,418,1,0,1,0,0.323
173418,173,CTR,3.00,0.0039,0.0000,1.000,418,1,0,1,0,0.323
174418,174,CTR,3.00,0.0039,0.0000,1.000,418,1,0,1,0,0.323
175418,175,CTR,3.00,0.0039,0.0000,1.000,418,1,0,1,0,0.323
176418,176,CTR,3.00,0.0039,0.0000,1.000,418,1,0,1,0,0.323
177418,177,CTR,3.00,0.0039,0.0000,1.000,418,1,0,1,0,0.323
178418,178,CTR,3.00,0.0039,0.0000,1.000,418,1,0,1,0,0.323
179418,179,CTR,3.00,0.0039,0.0000,1.000,418,1,0,1,0,0.323
180418,180,CTR,3.00,0.0039,0.0000,1.000,418,1,0,1,0,0.323
181418,181,CTR,3.00,0.0039,0.0000,1.000,418,1,0,1,0,0.323
182418,182,CTR,3.00,0.0039,0.0000,1.000,418,1,0,1,0,0.323
183418,183,CTR,3.00,0.0039,0.0000,1.000,418,1,0,1,0,0.323
184418,184,CTR,3.00,0.0039,0.0000,1.000,418,1,0,1,0,0.323
185418,185,CTR,3.00,0.0039,0.0000,1.000,418,1,0,1,0,0.323
186418,186,CTR,3.00,0.0039,0.0000,1.000,418,1,0,1,0,0.323
187418,187,CTR,3.00,0.0039,0.0000,1.000,418,1,0,1,0,0.323
188418,188,CTR,3.00,0.0039,0.0000,1.000,418,1,0,1,0,0.323
189418,189,CTR,3.00,0.0039,0.0000,1.000,418,1,0,1,0,0.323
190418,190,CTR,3.00,0.0039,0.0000,1.000,418,1,0,1,0,0.323
191418,191,CTR,3.00,0.0039,0.0000,1.000,418,1,0,1,0,0.323
192418,192,CTR,3.00,0.0039,0.0000,1.000,418,1,0,1,0,0.323
193418,193,CTR,3.00,0.0039,0.0000,1.000,418,1,0,1,0,0.323
194418,194,CTR,3.00,0.0039,0.0000,1.000,418,1,0,1,0,0.323
195418,195,CTR,3.00,0.0039,0.0000,1.000,418,1,0,1,0,0.323
196418,196,CTR,3.00,0.0039,0.0000,1.000,418,1,0,1,0,0.323
197418,197,CTR,3.00,0.0039,0.0000,1.000,418,1,0,1,0,0.323
198418,198,CTR,3.00,0.0039,0.0000,1.000,418,1,0,1,0,0.323
199418,199,CTR,3.00,0.0039,0.0000,1.000,418,1,0,1,0,0.323
200418,200,CTR,3.00,0.0039,0.0000,1.000,418,1,0,1,0,0.323
201418,201,CTR,0.00,0.0039,0.0000,1.000,418,1,0,1,0,0.323
202418,202,CTR,0.00,0.0039,0.0000,1.000,418,1,0,1,0,0.323
203418,203,CTR,0.00,0.0039,0.0000,1.000,418,1,0,1,0,0.323
204418,204,CTR,0.00,0.0039,0.0000,1.000,418,1,0,1,0,0.323
205418,205,CTR,0.00,0.0039,0.0000,1.000,418,1,0,1,0,0.323
206418,206,CTR,0.00,0.0039,0.0000,1.000,418,1,0,1,0,0.323
207418,207,CTR,0.00,0.0039,0.0000,1.000,418,1,0,1,0,0.323
208418,208,CTR,0.00,0.0039,0.0000,1.000,418,1,0,1,0,0.323
209418,209,CTR,0.00,0.0039,0.0000,1.000,418,1,0,1,0,0.323
210418,210,CTR,0.00,0.0039,0.0000,1.000,418,1,0,1,0,0.323
211418,211,CTR,0.00,0.0039,0.0000,1.000,418,1,0,1,0,0.323
212418,212,CTR,0.00,0.0039,0.0000,1.000,418,1,0,1,0,0.323
213418,213,CTR,0.00,0.0039,0.0000,1.000,418,1,0,1,0,0.323
214418,214,CTR,0.00,0.0039,0.0000,1.000,418,1,0,1,0,0.323
215418,215,CTR,0.00,0.0039,0.0000,1.000,418,1,0,1,0,0.323
216418,216,CTR,0.00,0.0039,0.0000,1.000,418,1,0,1,0,0.323
217418,217,CTR,0.00,0.0039,0.0000,1.000,418,1,0,1,0,0.323
218418,218,CTR,0.00,0.0039,0.0000,1.000,418,1,0,1,0,0.323
219418,219,CTR,0.00,0.0039,0.0000,1.000,418,1,0,1,0,0.323
220418,220,CTR,0.00,0.0039,0.0000,1.000,418,1,0,1,0,0.323
221418,221,CTR,0.00,0.0039,0.0000,1.000,418,1,0,1,0,0.323
222418,222,CTR,0.00,0.0039,0.0000,1.000,418,1,0,1,0,0.323
223418,223,CTR,0.00,0.0039,0.0000,1.000,418,1,0,1,0,0.323
224418,224,CTR,0.00,0.0039,0.0000,1.000,418,1,0,1,0,0.323
225418,225,CTR,0.00,0.0039,0.0000,1.000,418,1,0,1,0,0.323
226418,226,CTR,0.00,0.0039,0.0000,1.000,418,1,0,1,0,0.323
227418,227,CTR,0.00,0.0039,0.0000,1.000,418,1,0,1,0,0.323
228418,228,CTR,0.00,0.0039,0.0000,1.000,418,1,0,1,0,0.323
229418,229,CTR,0.00,0.0039,0.0000,1.000,418,1,0,1,0,0.323
230418,230,CTR,0.00,0.0039,0.0000,1.000,418,1,0,1,0,0.323
231418,231,CTR,0.00,0.0039,0.0000,1.000,418,1,0,1,0,0.323
232418,232,CTR,0.00,0.0039,0.0000,1.000,418,1,0,1,0,0.323
233418,233,CTR,0.00,0.0039,0.0000,1.000,418,1,0,1,0,0.323
234418,234,CTR,0.00,0.0039,0.0000,1.000,418,1,0,1,0,0.323
235418,235,CTR,0.00,0.0039,0.0000,1.000,418,1,0,1,0,0.323
236418,236,CTR,0.00,0.0039,0.0000,1.000,418,1,0,1,0,0.323
237418,237,CTR,0.00,0.0039,0.0000,1.000,418,1,0,1,0,0.323
238418,238,CTR,0.00,0.0039,0.0000,1.000,418,1,0,1,0,0.323
239418,239,CTR,0.00,0.0039,0.0000,1.000,418,1,0,1,0,0.323
240418,240,CTR,0.00,0.0039,0.0000,1.000,418,1,0,1,0,0.323
241418,241,CTR,0.00,0.0039,0.0000,1.000,418,1,0,1,0,0.323
242418,242,CTR,0.00,0.0039,0.0000,1.000,418,1,0,1,0,0.323
243418,243,CTR,0.00,0.0039,0.0000,1.000,418,1,0,1,0,0.323
244418,244,CTR,0.00,0.0039,0.0000,1.000,418,1,0,1,0,0.323
245418,245,CTR,0.00,0.0039,0.0000,1.000,418,1,0,1,0,0.323
246418,246,CTR,0.00,0.0039,0.0000,1.000,418,1,0,1,0,0.323
247418,247,CTR,0.00,0.0039,0.0000,1.000,418,1,0,1,0,0.323
248418,248,CTR,0.00,0.0039,0.0000,1.000,418,1,0,1,0,0.323
249418,249,CTR,0.00,0.0039,0.0000,1.000,418,1,0,1,0,0.323
250418,250,CTR,0.00,0.0039,0.0000,1.000,418,1,0,1,0,0.323
251418,251,CTR,-2.00,0.0039,0.0000,1.000,418,1,0,1,0,0.323
252418,252,CTR,-2.00,0.0039,0.0000,1.000,418,1,0,1,0,0.323
253418,253,CTR,-2.00,0.0039,0.0000,1.000,418,1,0,1,0,0.323
254418,254,CTR,-2.00,0.0039,0.0000,1.000,418,1,0,1,0,0.323
255418,255,CTR,-2.00,0.0039,0.0000,1.000,418,1,0,1,0,0.323
256418,256,CTR,-2.00,0.0039,0.0000,1.000,418,1,0,1,0,0.323
257418,257,CTR,-2.00,0.0039,0.0000,1.000,418,1,0,1,0,0.323
258418,258,CTR,-2.00,0.0039,0.0000,1.000,418,1,0,1,0,0.323
259418,259,CTR,-2.00,0.0039,0.0000,1.000,418,1,0,1,0,0.323
260418,260,CTR,-2.00,0.0039,0.0000,1.000,418,1,0,1,0,0.323
261418,261,CTR,-2.00,0.0039,0.0000,1.000,418,1,0,1,0,0.323
262418,262,CTR,-2.00,0.0039,0.0000,1.000,418,1,0,1,0,0.323
263418,263,CTR,-2.00,0.0039,0.0000,1.000,418,1,0,1,0,0.323
264418,264,CTR,-2.00,0.0039,0.0000,1.000,418,1,0,1,0,0.323
265418,265,CTR,-2.00,0.0039,0.0000,1.000,418,1,0,1,0,0.323
266418,266,CTR,-2.00,0.0039,0.0000,1.000,418,1,0,1,0,0.323
267418,267,CTR,-2.00,0.0039,0.0000,1.000,418,1,0,1,0,0.323
268418,268,CTR,-2.00,0.0039,0.0000,1.000,418,1,0,1,0,0.323
269418,269,CTR,-2.00,0.0039,0.0000,1.000,418,1,0,1,0,0.323
270418,270,CTR,-2.00,0.0039,0.0000,1.000,418,1,0,1,0,0.323
271418,271,CTR,-2.00,0.0039,0.0000,1.000,418,1,0,1,0,0.323
272418,272,CTR,-2.00,0.0039,0.0000,1.000,418,1,0,1,0,0.323
273418,273,CTR,-2.00,0.0039,0.0000,1.000,418,1,0,1,0,0.323
274418,274,CTR,-2.00,0.0039,0.0000,1.000,418,1,0,1,0,0.323
275418,275,CTR,-2.00,0.0039,0.0000,1.000,418,1,0,1,0,0.323
276418,276,CTR,-2.00,0.0039,0.0000,1.000,418,1,0,1,0,0.323
277418,277,CTR,-2.00,0.0039,0.0000,1.000,418,1,0,1,0,0.323
278418,278,CTR,-2.00,0.0039,0.0000,1.000,418,1,0,1,0,0.323
279418,279,CTR,-2.00,0.0039,0.0000,1.000,418,1,0,1,0,0.323
280418,280,CTR,-2.00,0.0039,0.0000,1.000,418,1,0,1,0,0.323
282518,281,CTR,-2.00,0.0039,0.0000,1.000,1518,0,1,0,0,0.323
282936,282,CTR,-2.00,0.0051,0.0000,1.000,418,1,1,1,0,0.323
283936,283,CTR,-2.00,0.0059,0.0000,1.000,418,1,1,1,0,0.324
284936,284,CTR,-2.00,0.0065,0.0000,1.000,418,1,1,1,0,0.325
285936,285,CTR,-2.00,0.0069,0.0000,1.000,418,1,1,1,0,0.325
286936,286,CTR,-2.00,0.0072,0.0000,1.000,418,1,1,1,0,0.325
287936,287,CTR,-2.00,0.0074,0.0000,1.000,418,1,1,1,0,0.326
288936,288,CTR,-2.00,0.0075,0.0000,1.000,418,1,1,1,0,0.326
289936,289,CTR,-2.00,0.0076,0.0000,1.000,418,1,1,1,0,0.326
290936,290,CTR,-2.00,0.0077,0.0000,1.000,418,1,1,1,0,0.326
291936,291,CTR,-2.00,0.0077,0.0000,1.000,418,1,1,1,0,0.326
292936,292,CTR,-2.00,0.0077,0.0000,1.000,418,1,1,1,0,0.326
293936,293,CTR,-2.00,0.0078,0.0000,1.000,418,1,1,1,0,0.326
294936,294,CTR,-2.00,0.0078,0.0000,1.000,418,1,1,1,0,0.326
295936,295,CTR,-2.00,0.0078,0.0000,1.000,418,1,1,1,0,0.326
296936,296,CTR,-2.00,0.0078,0.0000,1.000,418,1,1,1,0,0.326
297936,297,CTR,-2.00,0.0078,0.0000,1.000,418,1,1,1,0,0.326
298936,298,CTR,-2.00,0.0078,0.0000,1.000,418,1,1,1,0,0.326
299936,299,CTR,-2.00,0.0078,0.0000,1.000,418,1,1,1,0,0.326
300936,300,CTR,-2.00,0.0078,0.0000,1.000,418,1,1,1,0,0.326
301936,301,CTR,-5.00,0.0078,0.0000,1.000,418,1,1,1,0,0.326
302936,302,CTR,-5.00,0.0078,0.0000,1.000,418,1,1,1,0,0.326
303936,303,CTR,-5.00,0.0078,0.0000,1.000,418,1,1,1,0,0.326
304936,304,CTR,-5.00,0.0066,0.0000,1.000,418,1,1,1,0,0.326
305936,305,CTR,-5.00,0.0058,0.0000,1.000,418,1,1,1,0,0.325
306936,306,CTR,-5.00,0.0052,0.0000,1.000,418,1,1,1,0,0.325
307936,307,CTR,-5.00,0.0048,0.0000,1.000,418,1,1,1,0,0.324
308936,308,CTR,-5.00,0.0046,0.0000,1.000,418,1,1,1,0,0.324
309936,309,CTR,-5.00,0.0044,0.0000,1.000,418,1,1,1,0,0.324
310936,310,CTR,-5.00,0.0042,0.0000,1.000,418,1,1,1,0,0.323
311936,311,CTR,-5.00,0.0041,0.0000,1.000,418,1,1,1,0,0.323
312936,312,CTR,-5.00,0.0041,0.0000,1.000,418,1,1,1,0,0.323
313936,313,CTR,-5.00,0.0040,0.0000,1.000,418,1,1,1,0,0.323
314936,314,CTR,-5.00,0.0040,0.0000,1.000,418,1,1,1,0,0.323
315936,315,CTR,-5.00,0.0040,0.0000,1.000,418,1,1,1,0,0.323
316936,316,CTR,-5.00,0.0039,0.0000,1.000,418,1,1,1,0,0.323
317936,317,CTR,-5.00,0.0039,0.0000,1.000,418,1,1,1,0,0.323
318936,318,CTR,-5.00,0.0039,0.0000,1.000,418,1,1,1,0,0.323
319936,319,CTR,-5.00,0.0039,0.0000,1.000,418,1,1,1,0,0.323
320936,320,CTR,-5.00,0.0039,0.0000,1.000,418,1,1,1,0,0.323
321936,321,CTR,-5.00,0.0039,0.0000,1.000,418,1,1,1,0,0.323
322936,322,CTR,-5.00,0.0039,0.0000,1.000,418,1,1,1,0,0.323
323936,323,CTR,-5.00,0.0039,0.0000,1.000,418,1,1,1,0,0.323
324936,324,CTR,-5.00,0.0039,0.0000,1.000,418,1,1,1,0,0.323
325936,325,CTR,-5.00,0.0039,0.0000,1.000,418,1,1,1,0,0.323
326936,326,CTR,-5.00,0.0039,0.0000,1.000,418,1,1,1,0,0.323
327936,327,CTR,-5.00,0.0039,0.0000,1.000,418,1,1,1,0,0.323
328936,328,CTR,-5.00,0.0039,0.0000,1.000,418,1,1,1,0,0.323
329936,329,CTR,-5.00,0.0039,0.0000,1.000,418,1,1,1,0,0.323
330936,330,CTR,-5.00,0.0039,0.0000,1.000,418,1,1,1,0,0.323
331936,331,CTR,-5.00,0.0039,0.0000,1.000,418,1,1,1,0,0.323
332936,332,CTR,-5.00,0.0039,0.0000,1.000,418,1,1,1,0,0.323
333936,333,CTR,-5.00,0.0039,0.0000,1.000,418,1,1,1,0,0.323
334936,334,CTR,-5.00,0.0039,0.0000,1.000,418,1,1,1,0,0.323
335936,335,CTR,-5.00,0.0039,0.0000,1.000,418,1,1,1,0,0.323
336936,336,CTR,-5.00,0.0039,0.0000,1.000,418,1,1,1,0,0.323
337936,337,CTR,-5.00,0.0039,0.0000,1.000,418,1,1,1,0,0.323
338936,338,CTR,-5.00,0.0039,0.0000,1.000,418,1,1,1,0,0.323
339936,339,CTR,-5.00,0.0039,0.0000,1.000,418,1,1,1,0,0.323
340936,340,CTR,-5.00,0.0039,0.0000,1.000,418,1,1,1,0,0.323
341936,341,CTR,-5.00,0.0039,0.0000,1.000,418,1,1,1,0,0.323
342936,342,CTR,-5.00,0.0039,0.0000,1.000,418,1,1,1,0,0.323
343936,343,CTR,-5.00,0.0039,0.0000,1.000,418,1,1,1,0,0.323
344936,344,CTR,-5.00,0.0039,0.0000,1.000,418,1,1,1,0,0.323
345936,345,CTR,-5.00,0.0039,0.0000,1.000,418,1,1,1,0,0.323
346936,346,CTR,-5.00,0.0039,0.0000,1.000,418,1,1,1,0,0.323
347936,347,CTR,-5.00,0.0039,0.0000,1.000,418,1,1,1,0,0.323
348936,348,CTR,-5.00,0.0039,0.0000,1.000,418,1,1,1,0,0.323
349936,349,CTR,-5.00,0.0039,0.0000,1.000,418,1,1,1,0,0.323
350936,350,CTR,-5.00,0.0039,0.0000,1.000,418,1,1,1,0,0.323
351936,351,CTR,-7.00,0.0039,0.0000,1.000,418,1,1,1,0,0.323
352936,352,CTR,-7.00,0.0039,0.0000,1.000,418,1,1,1,0,0.323
353936,353,CTR,-7.00,0.0039,0.0000,1.000,418,1,1,1,0,0.323
354936,354,CTR,-7.00,0.0039,0.0000,1.000,418,1,1,1,0,0.323
355936,355,CTR,-7.00,0.0039,0.0000,1.000,418,1,1,1,0,0.323
356936,356,CTR,-7.00,0.0039,0.0000,1.000,418,1,1,1,0,0.323
357936,357,CTR,-7.00,0.0039,0.0000,1.000,418,1,1,1,0,0.323
358936,358,CTR,-7.00,0.0039,0.0000,1.000,418,1,1,1,0,0.323
359936,359,CTR,-7.00,0.0039,0.0000,1.000,418,1,1,1,0,0.323
360936,360,CTR,-7.00,0.0039,0.0000,1.000,418,1,1,1,0,0.323
361936,361,CTR,-7.00,0.0039,0.0000,1.000,418,1,1,1,0,0.323
362936,362,CTR,-7.00,0.0039,0.0000,1.000,418,1,1,1,0,0.323
363936,363,CTR,-7.00,0.0039,0.0000,1.000,418,1,1,1,0,0.323
364936,364,CTR,-7.00,0.0039,0.0000,1.000,418,1,1,1,0,0.323
365936,365,CTR,-7.00,0.0039,0.0000,1.000,418,1,1,1,0,0.323
366936,366,CTR,-7.00,0.0039,0.0000,1.000,418,1,1,1,0,0.323
367936,367,CTR,-7.00,0.0039,0.0000,1.000,418,1,1,1,0,0.323
368936,368,CTR,-7.00,0.0039,0.0000,1.000,418,1,1,1,0,0.323
369936,369,CTR,-7.00,0.0039,0.0000,1.000,418,1,1,1,0,0.323
370936,370,CTR,-7.00,0.0039,0.0000,1.000,418,1,1,1,0,0.323
371936,371,CTR,-7.00,0.0039,0.0000,1.000,418,1,1,1,0,0.323
372936,372,CTR,-7.00,0.0039,0.0000,1.000,418,1,1,1,0,0.323
373936,373,CTR,-7.00,0.0039,0.0000,1.000,418,1,1,1,0,0.323
374936,374,CTR,-7.00,0.0039,0.0000,1.000,418,1,1,1,0,0.323
375936,375,CTR,-7.00,0.0039,0.0000,1.000,418,1,1,1,0,0.323
376936,376,CTR,-7.00,0.0039,0.0000,1.000,418,1,1,1,0,0.323
377936,377,CTR,-7.00,0.0039,0.0000,1.000,418,1,1,1,0,0.323
378936,378,CTR,-7.00,0.0039,0.0000,1.000,418,1,1,1,0,0.323
379936,379,CTR,-7.00,0.0039,0.0000,1.000,418,1,1,1,0,0.323
380936,380,CTR,-7.00,0.0039,0.0000,1.000,418,1,1,1,0,0.323
381936,381,CTR,-7.00,0.0039,0.0000,1.000,418,1,1,1,0,0.323
382936,382,CTR,-7.00,0.0039,0.0000,1.000,418,1,1,1,0,0.323
383936,383,CTR,-7.00,0.0039,0.0000,1.000,418,1,1,1,0,0.323
384936,384,CTR,-7.00,0.0039,0.0000,1.000,418,1,1,1,0,0.323
385936,385,CTR,-7.00,0.0039,0.0000,1.000,418,1,1,1,0,0.323
386936,386,CTR,-7.00,0.0039,0.0000,1.000,418,1,1,1,0,0.323
387936,387,CTR,-7.00,0.0039,0.0000,1.000,418,1,1,1,0,0.323
388936,388,CTR,-7.00,0.0039,0.0000,1.000,418,1,1,1,0,0.323
389936,389,CTR,-7.00,0.0039,0.0000,1.000,418,1,1,1,0,0.323
390936,390,CTR,-7.00,0.0039,0.0000,1.000,418,1,1,1,0,0.323
391936,391,CTR,-7.00,0.0039,0.0000,1.000,418,1,1,1,0,0.323
392936,392,CTR,-7.00,0.0039,0.0000,1.000,418,1,1,1,0,0.323
393936,393,CTR,-7.00,0.0039,0.0000,1.000,418,1,1,1,0,0.323
394936,394,CTR,-7.00,0.0039,0.0000,1.000,418,1,1,1,0,0.323
395936,395,CTR,-7.00,0.0039,0.0000,1.000,418,1,1,1,0,0.323
396936,396,CTR,-7.00,0.0039,0.0000,1.000,418,1,1,1,0,0.323
397936,397,CTR,-7.00,0.0039,0.0000,1.000,418,1,1,1,0,0.323
398936,398,CTR,-7.00,0.0039,0.0000,1.000,418,1,1,1,0,0.323
399936,399,CTR,-7.00,0.0039,0.0000,1.000,418,1,1,1,0,0.323
400936,400,CTR,-7.00,0.0039,0.0000,1.000,418,1,1,1,0,0.323
401936,401,CTR,-10.00,0.0039,0.0000,1.000,418,1,1,1,0,0.323
402936,402,CTR,-10.00,0.0039,0.0000,1.000,418,1,1,1,0,0.323
403936,403,CTR,-10.00,0.0039,0.0000,1.000,418,1,1,1,0,0.323
404936,404,CTR,-10.00,0.0039,0.0000,1.000,418,1,1,1,0,0.323
405936,405,CTR,-10.00,0.0039,0.0000,1.000,418,1,1,1,0,0.323
406936,406,CTR,-10.00,0.0039,0.0000,1.000,418,1,1,1,0,0.323
407936,407,CTR,-10.00,0.0039,0.0000,1.000,418,1,1,1,0,0.323
408936,408,CTR,-10.00,0.0039,0.0000,1.000,418,1,1,1,0,0.323
409936,409,CTR,-10.00,0.0039,0.0000,1.000,418,1,1,1,0,0.323
410936,410,CTR,-10.00,0.0039,0.0000,1.000,418,1,1,1,0,0.323
411936,411,CTR,-10.00,0.0039,0.0000,1.000,418,1,1,1,0,0.323
412936,412,CTR,-10.00,0.0039,0.0000,1.000,418,1,1,1,0,0.323
413936,413,CTR,-10.00,0.0039,0.0000,1.000,418,1,1,1,0,0.323
414936,414,CTR,-10.00,0.0039,0.0000,1.000,418,1,1,1,0,0.323
415936,415,CTR,-10.00,0.0039,0.0000,1.000,418,1,1,1,0,0.323
416936,416,CTR,-10.00,0.0039,0.0000,1.000,418,1,1,1,0,0.323
417936,417,CTR,-10.00,0.0039,0.0000,1.000,418,1,1,1,0,0.323
418936,418,CTR,-10.00,0.0039,0.0000,1.000,418,1,1,1,0,0.323
419936,419,CTR,-10.00,0.0039,0.0000,1.000,418,1,1,1,0,0.323
420936,420,CTR,-10.00,0.0039,0.0000,1.000,418,1,1,1,0,0.323
421936,421,CTR,-10.00,0.0039,0.0000,1.000,418,1,1,1,0,0.323
422936,422,CTR,-10.00,0.0039,0.0000,1.000,418,1,1,1,0,0.323
423936,423,CTR,-10.00,0.0039,0.0000,1.000,418,1,1,1,0,0.323
424936,424,CTR,-10.00,0.0039,0.0000,1.000,418,1,1,1,0,0.323
425936,425,CTR,-10.00,0.0039,0.0000,1.000,418,1,1,1,0,0.323
426936,426,CTR,-10.00,0.0039,0.0000,1.000,418,1,1,1,0,0.323
427936,427,CTR,-10.00,0.0039,0.0000,1.000,418,1,1,1,0,0.323
428936,428,CTR,-10.00,0.0039,0.0000,1.000,418,1,1,1,0,0.323
429936,429,CTR,-10.00,0.0039,0.0000,1.000,418,1,1,1,0,0.323
430936,430,CTR,-10.00,0.0039,0.0000,1.000,418,1,1,1,0,0.323
431936,431,CTR,-10.00,0.0039,0.0000,1.000,418,1,1,1,0,0.323
432936,432,CTR,-10.00,0.0039,0.0000,1.000,418,1,1,1,0,0.323
433936,433,CTR,-10.00,0.0039,0.0000,1.000,418,1,1,1,0,0.323
434936,434,CTR,-10.00,0.0039,0.0000,1.000,418,1,1,1,0,0.323
435936,435,CTR,-10.00,0.0039,0.0000,1.000,418,1,1,1,0,0.323
436936,436,CTR,-10.00,0.0039,0.0000,1.000,418,1,1,1,0,0.323
437936,437,CTR,-10.00,0.0039,0.0000,1.000,418,1,1,1,0,0.323
438936,438,CTR,-10.00,0.0039,0.0000,1.000,418,1,1,1,0,0.323
439936,439,CTR,-10.00,0.0039,0.0000,1.000,418,1,1,1,0,0.323
440936,440,CTR,-10.00,0.0039,0.0000,1.000,418,1,1,1,0,0.323
441936,441,CTR,-10.00,0.0039,0.0000,1.000,418,1,1,1,0,0.323
442936,442,CTR,-10.00,0.0039,0.0000,1.000,418,1,1,1,0,0.323
443936,443,CTR,-10.00,0.0039,0.0000,1.000,418,1,1,1,0,0.323
444936,444,CTR,-10.00,0.0039,0.0000,1.000,418,1,1,1,0,0.323
445936,445,CTR,-10.00,0.0039,0.0000,1.000,418,1,1,1,0,0.323
446936,446,CTR,-10.00,0.0039,0.0000,1.000,418,1,1,1,0,0.323
447936,447,CTR,-10.00,0.0039,0.0000,1.000,418,1,1,1,0,0.323
448936,448,CTR,-10.00,0.0039,0.0000,1.000,418,1,1,1,0,0.323
449936,449,CTR,-10.00,0.0039,0.0000,1.000,418,1,1,1,0,0.323
450936,450,CTR,-10.00,0.0039,0.0000,1.000,418,1,1,1,0,0.323
451936,451,CTR,10.00,0.0039,0.0000,1.000,418,1,1,1,0,0.323
